run_id,condition,dataset,image_name,image_id,width,height,channels,tamper_class,tamper_ratio_nominal,tamper_ratio_achieved,recovery_variant,block_size,key_id,seed,wm_psnr,wm_ssim,raw_block_precision,raw_block_recall,raw_block_f1,raw_block_iou,raw_block_fpr,block_precision,block_recall,block_f1,block_iou,block_fpr,px_precision,px_recall,px_f1,px_iou,px_fpr,recoverability_rate,psnr_in_region,ssim_in_region,psnr_pessimistic,ssim_pessimistic,psnr_whole_marked,psnr_whole_unmarked,ssim_whole_marked,n_tampered_blocks,n_unrecoverable_blocks,n_tampered_px,n_unrecoverable_px,n_coincidental_unchanged_px,n_msb_preserved_miss_blocks,n_false_positive_blocks,n_blocks_total,elapsed_ms,timestamp_utc
83483f69801f9d87,tamper,usc_sipi,airplane,airplane|512x512|8,512,512,3,splice,0.10,0.099976,A,8,0,20260811,43.25267280489183,0.9772525319779776,1.0,1.0,1.0,1.0,0.0,1.0,1.0,1.0,1.0,0.0,0.8863636363636364,1.0,0.9397590361445783,0.8863636363636364,0.014241150142411502,0.9783549783549783,28.713213325196058,0.8550732321935322,19.5272637779808,0.8391653989241232,28.42165314417165,34.80528258361219,0.9804603192954179,462,10,26208,640,0,0,0,4096,5500.8273999992525,2026-08-11T14:02:29.130094+00:00
8ea0ae97e71ff796,tamper,usc_sipi,airplane,airplane|512x512|8,512,512,3,splice,0.10,0.099976,B,8,0,20260811,43.95947463873177,0.9780275906657794,1.0,1.0,1.0,1.0,0.0,1.0,1.0,1.0,1.0,0.0,0.8863636363636364,1.0,0.9397590361445783,0.8863636363636364,0.014241150142411502,0.9783549783549783,26.412574265495145,0.8450917144468895,19.156339527466734,0.8293313471592466,28.103230969910197,33.65030539794062,0.9793867182136647,462,10,26208,640,0,0,0,4096,4219.936500001495,2026-08-11T14:02:33.353160+00:00
4fd2f0643e4f1e00,tamper,usc_sipi,airplane,airplane|512x512|8,512,512,3,splice,0.25,0.250385,A,8,0,20260811,43.25267280489183,0.9772525319779776,1.0,1.0,1.0,1.0,0.0,1.0,1.0,1.0,1.0,0.0,0.9306516560798548,1.0,0.9640803437006573,0.9306516560798548,0.024889698585801014,0.809437386569873,29.70349323192405,0.6435610573905496,10.730716843962952,0.5340392470099787,16.2490924100295,21.90124153140188,0.8666024082384168,1102,210,65637,13440,0,0,0,4096,2546.059600001172,2026-08-11T14:02:35.900931+00:00
5cbb060bfad36b19,tamper,usc_sipi,airplane,airplane|512x512|8,512,512,3,splice,0.25,0.250385,B,8,0,20260811,43.95947463873177,0.9780275906657794,1.0,1.0,1.0,1.0,0.0,1.0,1.0,1.0,1.0,0.0,0.9306516560798548,1.0,0.9640803437006573,0.9306516560798548,0.024889698585801014,0.809437386569873,27.74117776179628,0.6446006969674035,10.66822115689796,0.5344092493816335,16.18884194411168,21.787125326719874,0.8667860210884394,1102,210,65637,13440,0,0,0,4096,2281.7039000001387,2026-08-11T14:02:38.183908+00:00
0b0d4910d20b9f54,tamper,usc_sipi,airplane,airplane|512x512|8,512,512,3,splice,0.50,0.501068,A,8,0,20260811,43.25267280489183,0.9772525319779776,1.0,1.0,1.0,1.0,0.0,1.0,1.0,1.0,1.0,0.0,0.9501736111111111,1.0,0.9744502804237515,0.9501736111111111,0.052663771484494463,0.512962962962963,30.69735494569588,0.3501854777639845,6.079166991131904,0.1874257037485707,8.815115893067558,15.151708642344143,0.5521462545995649,2160,1052,131352,67328,0,0,0,4096,2441.838499998994,2026-08-11T14:02:40.628951+00:00
d9d2ba4d239beebf,tamper,usc_sipi,airplane,airplane|512x512|8,512,512,3,splice,0.50,0.501068,B,8,0,20260811,43.95947463873177,0.9780275906657794,1.0,1.0,1.0,1.0,0.0,1.0,1.0,1.0,1.0,0.0,0.9501736111111111,1.0,0.9744502804237515,0.9501736111111111,0.052663771484494463,0.512962962962963,29.023896330045872,0.35106144440599046,6.044257767246842,0.1875299769223654,8.780428202597331,15.116590432771721,0.5522767204100625,2160,1052,131352,67328,0,0,0,4096,2614.756300001318,2026-08-11T14:02:43.245082+00:00
2c9f99bed7678d47,tamper,usc_sipi,airplane,airplane|512x512|8,512,512,3,inpaint_removal,0.10,0.101379,A,8,0,20260811,43.25267280489183,0.9772525319779776,1.0,1.0,1.0,1.0,0.0,1.0,1.0,1.0,1.0,0.0,0.9046840958605664,1.0,0.9499571060909351,0.9046840958605664,0.011886164504516742,0.9803921568627451,29.168466320567106,0.8595759852776913,20.524793480701078,0.8460768387939306,29.458818605276704,37.8137528132324,0.9816456009461224,459,9,26576,576,13,0,0,4096,2429.848800002219,2026-08-11T14:02:45.676908+00:00
d83ee826e473d39d,tamper,usc_sipi,airplane,airplane|512x512|8,512,512,3,inpaint_removal,0.10,0.101379,B,8,0,20260811,43.95947463873177,0.9780275906657794,1.0,1.0,1.0,1.0,0.0,1.0,1.0,1.0,1.0,0.0,0.9046840958605664,1.0,0.9499571060909351,0.9046840958605664,0.011886164504516742,0.9803921568627451,27.21958069586097,0.8587659352351706,20.18221555686925,0.8452361324796516,29.160838680980184,36.2071713892337,0.981512453246857,459,9,26576,576,9,0,0,4096,2438.485099999525,2026-08-11T14:02:48.118296+00:00
939ed77e7c626e32,tamper,usc_sipi,airplane,airplane|512x512|8,512,512,3,inpaint_removal,0.25,0.247501,A,8,0,20260811,43.25267280489183,0.9772525319779776,1.0,1.0,1.0,1.0,0.0,1.0,1.0,1.0,1.0,0.0,0.9378035383903793,1.0,0.9679036288367583,0.9378035383903793,0.021813517993744393,0.8288621646623497,28.93363898490182,0.6684700187358017,11.260875638849338,0.5628566813712124,16.95038101990103,25.992361080889932,0.8790918730440397,1081,185,64881,11840,33,0,0,4096,2536.5334000016446,2026-08-11T14:02:50.657395+00:00
23e1166fa7c939c4,tamper,usc_sipi,airplane,airplane|512x512|8,512,512,3,inpaint_removal,0.25,0.247501,B,8,0,20260811,43.95947463873177,0.9780275906657794,1.0,1.0,1.0,1.0,0.0,1.0,1.0,1.0,1.0,0.0,0.9378035383903793,1.0,0.9679036288367583,0.9378035383903793,0.021813517993744393,0.8288621646623497,27.37024782505133,0.6652127128698572,11.199949024384052,0.5598014104947275,16.89134052815661,25.80163837592302,0.8782806210403612,1081,185,64881,11840,13,0,0,4096,2379.486599998927,2026-08-11T14:02:53.038737+00:00
4461a40127d9fa4e,tamper,usc_sipi,airplane,airplane|512x512|8,512,512,3,inpaint_removal,0.50,0.496384,A,8,0,20260811,43.25267280489183,0.9772525319779776,1.0,1.0,1.0,1.0,0.0,1.0,1.0,1.0,1.0,0.0,0.9576954780970325,1.0,0.978390652491015,0.9576954780970325,0.04353885774882593,0.5233160621761659,30.332214075420445,0.3614832493258225,6.26829348964622,0.1980696536438746,9.09810865627025,19.81076573814056,0.5656480365854052,2123,1012,130124,64768,40,0,0,4096,2800.0597999998718,2026-08-11T14:02:55.840691+00:00
044c882b7a55c963,tamper,usc_sipi,airplane,airplane|512x512|8,512,512,3,inpaint_removal,0.50,0.496384,B,8,0,20260811,43.95947463873177,0.9780275906657794,1.0,1.0,1.0,1.0,0.0,1.0,1.0,1.0,1.0,0.0,0.9576954780970325,1.0,0.978390652491015,0.9576954780970325,0.04353885774882593,0.5233160621761659,28.562526676670622,0.36081052706234595,6.231617651766791,0.19730951315094808,9.061712417685051,19.77282364531959,0.565356909483177,2123,1012,130124,64768,42,0,0,4096,3001.9314999990456,2026-08-11T14:02:58.843937+00:00
6335e8dca4fc8282,tamper,usc_sipi,airplane,airplane|512x512|8,512,512,3,crop_refill,0.10,0.100204,A,8,0,20260811,43.25267280489183,0.9772525319779776,1.0,1.0,1.0,1.0,0.0,1.0,1.0,1.0,1.0,0.0,0.8770032051282052,1.0,0.9344717182497332,0.8770032051282052,0.015618375756753549,0.967948717948718,35.98340402141014,0.839920895424419,17.80408087639819,0.8191099831755603,26.21177654969339,42.48458303016492,0.9767906205308993,468,15,26268,960,0,0,0,4096,2713.6141000009957,2026-08-11T14:03:01.559102+00:00
203434b888b48548,tamper,usc_sipi,airplane,airplane|512x512|8,512,512,3,crop_refill,0.10,0.100204,B,8,0,20260811,43.95947463873177,0.9780275906657794,1.0,1.0,1.0,1.0,0.0,1.0,1.0,1.0,1.0,0.0,0.8770032051282052,1.0,0.9344717182497332,0.8770032051282052,0.015618375756753549,0.967948717948718,35.64580256240304,0.8630532538012775,17.773460459834958,0.8416443056801908,26.177465962392077,42.11273780801741,0.9791787229932901,468,15,26268,960,0,0,0,4096,2080.840200000239,2026-08-11T14:03:03.642255+00:00
ed7a6ec694438ff9,tamper,usc_sipi,airplane,airplane|512x512|8,512,512,3,crop_refill,0.25,0.249939,A,8,0,20260811,43.25267280489183,0.9772525319779776,1.0,1.0,1.0,1.0,0.0,1.0,1.0,1.0,1.0,0.0,0.9400826446280992,1.0,0.9691160809371672,0.9400826446280992,0.02123850598095858,0.82277318640955,29.769344274424515,0.6516648151921115,10.810832917499004,0.54240700585873,16.434385699967194,25.02231584004429,0.8724870659286976,1089,193,65520,12352,0,0,0,4096,2359.885400001076,2026-08-11T14:03:06.004002+00:00
221b90fa1ad162d5,tamper,usc_sipi,airplane,airplane|512x512|8,512,512,3,crop_refill,0.25,0.249939,B,8,0,20260811,43.95947463873177,0.9780275906657794,1.0,1.0,1.0,1.0,0.0,1.0,1.0,1.0,1.0,0.0,0.9400826446280992,1.0,0.9691160809371672,0.9400826446280992,0.02123850598095858,0.82277318640955,28.35299345928859,0.6493908681792306,10.759069673288938,0.5403011069888692,16.383828521183982,24.9099013713614,0.8719107119724776,1089,193,65520,12352,0,0,0,4096,2464.1468999980134,2026-08-11T14:03:08.469468+00:00
26da8dc1672cfaab,tamper,usc_sipi,airplane,airplane|512x512|8,512,512,3,crop_refill,0.50,0.499237,A,8,0,20260811,43.25267280489183,0.9772525319779776,1.0,1.0,1.0,1.0,0.0,1.0,1.0,1.0,1.0,0.0,0.9793462643678161,1.0,0.9895653751928137,0.9793462643678161,0.021025047230178562,0.5349616858237548,30.544596343958563,0.38336628368446185,6.180272385551865,0.21348133456681156,9.102289815775768,18.079720087499332,0.5796297150751479,2088,971,130872,62144,0,0,0,4096,2713.4172999976727,2026-08-11T14:03:11.184045+00:00
a173762f664aa0d9,tamper,usc_sipi,airplane,airplane|512x512|8,512,512,3,crop_refill,0.50,0.499237,B,8,0,20260811,43.95947463873177,0.9780275906657794,1.0,1.0,1.0,1.0,0.0,1.0,1.0,1.0,1.0,0.0,0.9793462643678161,1.0,0.9895653751928137,0.9793462643678161,0.021025047230178562,0.5349616858237548,28.448167828960674,0.382194826638512,6.144061676903161,0.21247577425494174,9.066041867411128,18.049651859069396,0.5790857320877564,2088,971,130872,62144,0,0,0,4096,2463.8773999977275,2026-08-11T14:03:13.648862+00:00
cf396782eb56092d,tamper,usc_sipi,airplane,airplane|512x512|8,512,512,3,noise,0.10,0.099731,A,8,0,20260811,43.25267280489183,0.9772525319779776,1.0,1.0,1.0,1.0,0.0,1.0,1.0,1.0,1.0,0.0,0.928409090909091,1.0,0.9628756629345905,0.928409090909091,0.008542372881355932,0.9613636363636364,30.689951091680786,0.856606377911389,17.606366611088138,0.828552037892798,26.82626810932282,32.174667673376014,0.9795570478313569,440,17,26144,1088,0,0,0,4096,2426.3628000007884,2026-08-11T14:03:16.077040+00:00
387537ee30845504,tamper,usc_sipi,airplane,airplane|512x512|8,512,512,3,noise,0.10,0.099731,B,8,0,20260811,43.95947463873177,0.9780275906657794,1.0,1.0,1.0,1.0,0.0,1.0,1.0,1.0,1.0,0.0,0.928409090909091,1.0,0.9628756629345905,0.928409090909091,0.008542372881355932,0.9613636363636364,29.02268538717118,0.8574352701488347,17.47744104041604,0.8292761554786409,26.701335900452598,31.854762858633844,0.9795838128885203,440,17,26144,1088,0,0,0,4096,2945.5354000019724,2026-08-11T14:03:19.024575+00:00
212bef802eb02645,tamper,usc_sipi,airplane,airplane|512x512|8,512,512,3,noise,0.25,0.250473,A,8,0,20260811,43.25267280489183,0.9772525319779776,1.0,1.0,1.0,1.0,0.0,1.0,1.0,1.0,1.0,0.0,0.9429572610294118,1.0,0.9706412796026374,0.9429572610294118,0.020215386494574623,0.8299632352941176,28.851161811044733,0.6737186323183142,11.374714865335324,0.5676849266965318,17.147425228501973,22.030030222897604,0.8798062755900177,1088,185,65660,11840,0,0,0,4096,2946.645299998636,2026-08-11T14:03:21.973456+00:00
edf7e55605999195,tamper,usc_sipi,airplane,airplane|512x512|8,512,512,3,noise,0.25,0.250473,B,8,0,20260811,43.95947463873177,0.9780275906657794,1.0,1.0,1.0,1.0,0.0,1.0,1.0,1.0,1.0,0.0,0.9429572610294118,1.0,0.9706412796026374,0.9429572610294118,0.020215386494574623,0.8299632352941176,26.939700518344427,0.6689997395581743,11.301976800270957,0.5633614496081849,17.074595077815534,21.902519741102747,0.8787686557959796,1088,185,65660,11840,0,0,0,4096,2655.9449000014865,2026-08-11T14:03:24.631549+00:00
393e88cd6c0b1074,tamper,usc_sipi,airplane,airplane|512x512|8,512,512,3,noise,0.50,0.499924,A,8,0,20260811,43.25267280489183,0.9772525319779776,1.0,1.0,1.0,1.0,0.0,1.0,1.0,1.0,1.0,0.0,0.9713887571157496,1.0,0.9854867576062926,0.9713887571157496,0.02944496994477161,0.5336812144212524,30.62518587371703,0.3704194460114388,6.2170949368591435,0.20628917985840756,9.08221595142956,14.497865053498844,0.5711192166588117,2108,983,131052,62912,1,0,0,4096,3733.824700000696,2026-08-11T14:03:28.367808+00:00
d3f5e45f1bac8eb3,tamper,usc_sipi,airplane,airplane|512x512|8,512,512,3,noise,0.50,0.499924,B,8,0,20260811,43.95947463873177,0.9780275906657794,1.0,1.0,1.0,1.0,0.0,1.0,1.0,1.0,1.0,0.0,0.9713887571157496,1.0,0.9854867576062926,0.9713887571157496,0.02944496994477161,0.5336812144212524,29.015387810639446,0.3703794517739305,6.181614831656088,0.20589691666951596,9.046924906086435,14.456319483649597,0.5709493317723678,2108,983,131052,62912,0,0,0,4096,3209.6242000006896,2026-08-11T14:03:31.582165+00:00
0d887e674280ae78,tamper,usc_sipi,baboon,baboon|512x512|8,512,512,3,splice,0.10,0.099869,A,8,0,20260811,43.38465922237159,0.9937708140164686,1.0,1.0,1.0,1.0,0.0,1.0,1.0,1.0,1.0,0.0,0.9296875,1.0,0.9635627530364372,0.9296875,0.008391110508382635,0.9613636363636364,28.0108816172448,0.7553918571124683,16.811721590163515,0.7288717062075074,26.39821170334924,33.34424805118078,0.969435381555067,440,17,26180,1088,0,0,0,4096,3941.0976999970444,2026-08-11T14:03:35.524619+00:00
b5a3bc69b4525b68,tamper,usc_sipi,baboon,baboon|512x512|8,512,512,3,splice,0.10,0.099869,B,8,0,20260811,44.36810526636006,0.994919935588679,1.0,1.0,1.0,1.0,0.0,1.0,1.0,1.0,1.0,0.0,0.9296875,1.0,0.9635627530364372,0.9296875,0.008391110508382635,0.9613636363636364,27.61162178482732,0.7731358944188832,16.774305526536246,0.7459428037928522,26.3616057706855,33.20624734344084,0.9712982163834084,440,17,26180,1088,0,0,0,4096,3381.8730999992113,2026-08-11T14:03:38.908524+00:00
c2f2ebfbc7da5a2f,tamper,usc_sipi,baboon,baboon|512x512|8,512,512,3,splice,0.25,0.250282,A,8,0,20260811,43.38465922237159,0.9937708140164686,1.0,1.0,1.0,1.0,0.0,1.0,1.0,1.0,1.0,0.0,0.944844470046083,1.0,0.9716401332839689,0.944844470046083,0.019487722226179695,0.8129032258064516,25.390224729432664,0.594673302330861,11.148173058588409,0.4903961293234433,16.925273159048366,21.82094189682423,0.8604362630269763,1085,203,65610,12992,0,0,0,4096,2866.81370000224,2026-08-11T14:03:41.776548+00:00
90c335dc1d088cf4,tamper,usc_sipi,baboon,baboon|512x512|8,512,512,3,splice,0.25,0.250282,B,8,0,20260811,44.36810526636006,0.994919935588679,1.0,1.0,1.0,1.0,0.0,1.0,1.0,1.0,1.0,0.0,0.944844470046083,1.0,0.9716401332839689,0.944844470046083,0.019487722226179695,0.8129032258064516,25.467975613186866,0.6093443108228579,11.143586167442566,0.5023664379743675,16.920861537547665,21.836270493298233,0.8638507987114399,1085,203,65610,12992,0,0,0,4096,2414.662099999987,2026-08-11T14:03:44.193646+00:00
f0c020ac3198909a,tamper,usc_sipi,baboon,baboon|512x512|8,512,512,3,splice,0.50,0.500259,A,8,0,20260811,43.38465922237159,0.9937708140164686,1.0,1.0,1.0,1.0,0.0,1.0,1.0,1.0,1.0,0.0,0.9757440476190476,1.0,0.9877231302252015,0.9757440476190476,0.02488473634392843,0.5395238095238095,23.685989219953647,0.3796490756231117,7.982833676958535,0.2205673011757243,10.87895467725312,15.984107361681833,0.5835801169370156,2100,967,131140,61888,1,0,0,4096,2499.92420000126,2026-08-11T14:03:46.695348+00:00
615f1fc5aa11f863,tamper,usc_sipi,baboon,baboon|512x512|8,512,512,3,splice,0.50,0.500259,B,8,0,20260811,44.36810526636006,0.994919935588679,1.0,1.0,1.0,1.0,0.0,1.0,1.0,1.0,1.0,0.0,0.9757440476190476,1.0,0.9877231302252015,0.9757440476190476,0.02488473634392843,0.5395238095238095,23.682872650465878,0.3898502567948203,7.974672987232521,0.226105469826634,10.870831830818057,15.982002961987405,0.5864826496899429,2100,967,131140,61888,0,0,0,4096,2304.655299998558,2026-08-11T14:03:49.005109+00:00
48d2166cbe558ae4,tamper,usc_sipi,baboon,baboon|512x512|8,512,512,3,inpaint_removal,0.10,0.098648,A,8,0,20260811,43.38465922237159,0.9937708140164686,1.0,1.0,1.0,1.0,0.0,1.0,1.0,1.0,1.0,0.0,0.9039429530201343,1.0,0.9495483586693105,0.9039429530201343,0.011630072285893247,0.9776286353467561,27.260644555271302,0.781260706374903,19.00367367557093,0.7639386365874427,28.941749457989694,34.720935249275165,0.9735964226612025,447,10,25860,640,2,0,0,4096,2307.5161000015214,2026-08-11T14:03:51.314433+00:00
eb40ab31e0fcb223,tamper,usc_sipi,baboon,baboon|512x512|8,512,512,3,inpaint_removal,0.10,0.098648,B,8,0,20260811,44.36810526636006,0.994919935588679,1.0,1.0,1.0,1.0,0.0,1.0,1.0,1.0,1.0,0.0,0.9039429530201343,1.0,0.9495483586693105,0.9039429530201343,0.011630072285893247,0.9776286353467561,26.914900476578083,0.7951326815381851,18.94958031565804,0.7774101886369343,28.870822010638896,34.46379665330529,0.9749970123807158,447,10,25860,640,0,0,0,4096,2833.442200000718,2026-08-11T14:03:54.149971+00:00
ae1933171e10552f,tamper,usc_sipi,baboon,baboon|512x512|8,512,512,3,inpaint_removal,0.25,0.249279,A,8,0,20260811,43.38465922237159,0.9937708140164686,1.0,1.0,1.0,1.0,0.0,1.0,1.0,1.0,1.0,0.0,0.9358816452795601,1.0,0.9668789903159701,0.9358816452795601,0.022749330528412527,0.8267644362969753,24.197080206001612,0.566747567712351,11.955640011146722,0.4766647449855764,17.679020755676202,25.201883479347927,0.8556995589384142,1091,189,65347,12096,1,0,0,4096,3067.717599999014,2026-08-11T14:03:57.220462+00:00
1310617cd1622d72,tamper,usc_sipi,baboon,baboon|512x512|8,512,512,3,inpaint_removal,0.25,0.249279,B,8,0,20260811,44.36810526636006,0.994919935588679,1.0,1.0,1.0,1.0,0.0,1.0,1.0,1.0,1.0,0.0,0.9358816452795601,1.0,0.9668789903159701,0.9358816452795601,0.022749330528412527,0.8267644362969753,24.365160530514856,0.5822626158502727,11.955688279146052,0.4896880252086086,17.67839097016099,25.24329675119562,0.8592013688706089,1091,189,65347,12096,1,0,0,4096,2924.7439999999187,2026-08-11T14:04:00.146830+00:00
4f12fb83cceca16f,tamper,usc_sipi,baboon,baboon|512x512|8,512,512,3,inpaint_removal,0.50,0.497658,A,8,0,20260811,43.38465922237159,0.9937708140164686,1.0,1.0,1.0,1.0,0.0,1.0,1.0,1.0,1.0,0.0,0.9669858870967742,1.0,0.9832158872517617,0.9669858870967742,0.03382288170344608,0.5355787476280836,22.805965837922667,0.37718048854294184,8.360850578768094,0.21836010427491948,11.257626143982119,18.105584457879345,0.5873676270117977,2108,979,130458,62656,0,0,0,4096,3032.1990999982518,2026-08-11T14:04:03.180300+00:00
4506921dd5a7ddce,tamper,usc_sipi,baboon,baboon|512x512|8,512,512,3,inpaint_removal,0.50,0.497658,B,8,0,20260811,44.36810526636006,0.994919935588679,1.0,1.0,1.0,1.0,0.0,1.0,1.0,1.0,1.0,0.0,0.9669858870967742,1.0,0.9832158872517617,0.9669858870967742,0.03382288170344608,0.5355787476280836,22.778426712903066,0.38558523721278015,8.349578868494572,0.22278345971693866,11.246307978961422,18.111797239658227,0.5896180400996517,2108,979,130458,62656,0,0,0,4096,2783.6863000011363,2026-08-11T14:04:05.965367+00:00
f7febbd546b3e822,tamper,usc_sipi,baboon,baboon|512x512|8,512,512,3,crop_refill,0.10,0.100079,A,8,0,20260811,43.38465922237159,0.9937708140164686,1.0,1.0,1.0,1.0,0.0,1.0,1.0,1.0,1.0,0.0,0.8872767857142857,1.0,0.9402720283855707,0.8872767857142857,0.014128329143864795,0.961038961038961,24.272670432511482,0.6841909250459421,17.754079257964182,0.6632742354357489,26.824158442861282,31.409314771591617,0.9601175044274499,462,18,26235,1152,0,0,0,4096,2381.1896000006527,2026-08-11T14:04:08.348123+00:00
35f74e439569292c,tamper,usc_sipi,baboon,baboon|512x512|8,512,512,3,crop_refill,0.10,0.100079,B,8,0,20260811,44.36810526636006,0.994919935588679,1.0,1.0,1.0,1.0,0.0,1.0,1.0,1.0,1.0,0.0,0.8872767857142857,1.0,0.9402720283855707,0.8872767857142857,0.014128329143864795,0.961038961038961,24.15903082354918,0.693126165888878,17.72704363106901,0.671910254487071,26.79691015903991,31.343985698374446,0.9610376302532906,462,18,26235,1152,0,0,0,4096,2702.9255000015837,2026-08-11T14:04:11.054289+00:00
46a7bd9d6acfd9f4,tamper,usc_sipi,baboon,baboon|512x512|8,512,512,3,crop_refill,0.25,0.250313,A,8,0,20260811,43.38465922237159,0.9937708140164686,1.0,1.0,1.0,1.0,0.0,1.0,1.0,1.0,1.0,0.0,0.963610197368421,1.0,0.9814679091194639,0.963610197368421,0.012609018654020334,0.8214285714285714,23.7939741889064,0.5720704505054366,12.285400368076292,0.4797694781139541,18.076854784252927,23.252350683517513,0.8590138626536791,1064,190,65618,12160,0,0,0,4096,2306.075000000419,2026-08-11T14:04:13.362208+00:00
5ab456b6c6f1b4bd,tamper,usc_sipi,baboon,baboon|512x512|8,512,512,3,crop_refill,0.25,0.250313,B,8,0,20260811,44.36810526636006,0.994919935588679,1.0,1.0,1.0,1.0,0.0,1.0,1.0,1.0,1.0,0.0,0.963610197368421,1.0,0.9814679091194639,0.963610197368421,0.012609018654020334,0.8214285714285714,23.620950842771464,0.5787027347325762,12.266068394582286,0.48495392743771515,18.057578793945773,23.22157396198946,0.8603689090178959,1064,190,65618,12160,0,0,0,4096,2597.1037999988766,2026-08-11T14:04:15.960730+00:00
7676280758a8da08,tamper,usc_sipi,baboon,baboon|512x512|8,512,512,3,crop_refill,0.50,0.500198,A,8,0,20260811,43.38465922237159,0.9937708140164686,1.0,1.0,1.0,1.0,0.0,1.0,1.0,1.0,1.0,0.0,0.9458968144044322,1.0,0.97219627207616,0.9458968144044322,0.05724316898183483,0.5226223453370268,22.993313321314783,0.36026280949648765,8.448076477072636,0.2066197793646677,11.229375237423053,16.277764917151277,0.5635647611997796,2166,1034,131124,66176,0,0,0,4096,2441.168400000606,2026-08-11T14:04:18.403648+00:00
c03928408030e8dd,tamper,usc_sipi,baboon,baboon|512x512|8,512,512,3,crop_refill,0.50,0.500198,B,8,0,20260811,44.36810526636006,0.994919935588679,1.0,1.0,1.0,1.0,0.0,1.0,1.0,1.0,1.0,0.0,0.9458968144044322,1.0,0.97219627207616,0.9458968144044322,0.05724316898183483,0.5226223453370268,22.938019784334887,0.3671539848419785,8.436963833998728,0.21008645008086171,11.218219254984964,16.278677675988998,0.5655302295087832,2166,1034,131124,66176,0,0,0,4096,2368.393000000651,2026-08-11T14:04:20.773873+00:00
9449177cdca6b71c,tamper,usc_sipi,baboon,baboon|512x512|8,512,512,3,noise,0.10,0.100456,A,8,0,20260811,43.38465922237159,0.9937708140164686,1.0,1.0,1.0,1.0,0.0,1.0,1.0,1.0,1.0,0.0,0.8792067307692307,1.0,0.9357211384713783,0.8792067307692307,0.015342860777744794,0.9722222222222222,23.328477663371267,0.6760332444025146,19.118387352034215,0.6598452993506017,28.27852224616814,30.768938190489038,0.9603240886276989,468,13,26334,832,0,0,0,4096,2794.9072000010347,2026-08-11T14:04:23.570838+00:00
d8d04a8164824690,tamper,usc_sipi,baboon,baboon|512x512|8,512,512,3,noise,0.10,0.100456,B,8,0,20260811,44.36810526636006,0.994919935588679,1.0,1.0,1.0,1.0,0.0,1.0,1.0,1.0,1.0,0.0,0.8792067307692307,1.0,0.9357211384713783,0.8792067307692307,0.015342860777744794,0.9722222222222222,23.206599657640083,0.6826408477993687,19.074170700488107,0.6662816481175493,28.23939146796356,30.70804754909762,0.9611680596241153,468,13,26334,832,0,0,0,4096,3597.294499999407,2026-08-11T14:04:27.170481+00:00
97af82411d788990,tamper,usc_sipi,baboon,baboon|512x512|8,512,512,3,noise,0.25,0.250641,A,8,0,20260811,43.38465922237159,0.9937708140164686,1.0,1.0,1.0,1.0,0.0,1.0,1.0,1.0,1.0,0.0,0.9332954545454546,1.0,0.9654969729030741,0.9332954545454546,0.023905518224394216,0.8109090909090909,22.211189270497425,0.554195712711324,12.188737752827521,0.4615887567374371,17.958242130243807,20.888265332563584,0.8522478245069146,1100,208,65704,13312,0,0,0,4096,2294.9361999999383,2026-08-11T14:04:29.467471+00:00
e7a37faabb7493c6,tamper,usc_sipi,baboon,baboon|512x512|8,512,512,3,noise,0.25,0.250641,B,8,0,20260811,44.36810526636006,0.994919935588679,1.0,1.0,1.0,1.0,0.0,1.0,1.0,1.0,1.0,0.0,0.9332954545454546,1.0,0.9654969729030741,0.9332954545454546,0.023905518224394216,0.8109090909090909,22.209174084970922,0.5705999473343801,12.179104807630578,0.47480102028075577,17.950328951440014,20.893778258558346,0.8560169569850636,1100,208,65704,13312,0,0,0,4096,2403.8418000018282,2026-08-11T14:04:31.872293+00:00
c13a5c99734b3245,tamper,usc_sipi,baboon,baboon|512x512|8,512,512,3,noise,0.50,0.501022,A,8,0,20260811,43.38465922237159,0.9937708140164686,1.0,1.0,1.0,1.0,0.0,1.0,1.0,1.0,1.0,0.0,0.9580707282913166,1.0,0.9785864365863471,0.9580707282913166,0.04394361028714718,0.5144724556489262,23.861803951232012,0.3658337007840903,7.961404609221006,0.20329814354143308,10.79994908853405,14.484463234251685,0.5674767759722595,2142,1040,131340,66560,0,0,0,4096,2736.752400000114,2026-08-11T14:04:34.611508+00:00
11881458fee418b3,tamper,usc_sipi,baboon,baboon|512x512|8,512,512,3,noise,0.50,0.501022,B,8,0,20260811,44.36810526636006,0.994919935588679,1.0,1.0,1.0,1.0,0.0,1.0,1.0,1.0,1.0,0.0,0.9580707282913166,1.0,0.9785864365863471,0.9580707282913166,0.04394361028714718,0.5144724556489262,23.753593159687313,0.37283392511443936,7.951575023211889,0.20683675981965002,10.789838073710776,14.480991169602614,0.5693507936320196,2142,1040,131340,66560,0,0,0,4096,2459.611100002803,2026-08-11T14:04:37.074035+00:00
645e9d7fa54925b5,tamper,usc_sipi,house,house|512x512|8,512,512,3,splice,0.10,0.100006,A,8,0,20260811,43.29305116505886,0.9839689239291279,1.0,1.0,1.0,1.0,0.0,1.0,1.0,1.0,1.0,0.0,0.8828125,1.0,0.9377593360995851,0.8828125,0.01475026279203825,0.9525862068965517,30.113026694136398,0.8063476877316053,16.691276786239882,0.7726263102411768,26.03115443970607,32.3771435715375,0.9732874500044413,464,22,26216,1408,0,0,0,4096,3978.1751000009535,2026-08-11T14:04:41.053913+00:00
2a892a7918670bf8,tamper,usc_sipi,house,house|512x512|8,512,512,3,splice,0.10,0.100006,B,8,0,20260811,44.20397054933116,0.9858956814063728,1.0,1.0,1.0,1.0,0.0,1.0,1.0,1.0,1.0,0.0,0.8828125,1.0,0.9377593360995851,0.8828125,0.01475026279203825,0.9525862068965517,29.08402329956058,0.8158407222271045,16.615912408258612,0.7815869680217289,25.954213301862477,32.18289634242016,0.974162043884495,464,22,26216,1408,0,0,0,4096,4188.9310000005935,2026-08-11T14:04:45.245097+00:00
3ce64a116dff1e74,tamper,usc_sipi,house,house|512x512|8,512,512,3,splice,0.25,0.249840,A,8,0,20260811,43.29305116505886,0.9839689239291279,1.0,1.0,1.0,1.0,0.0,1.0,1.0,1.0,1.0,0.0,0.9537220410065238,1.0,0.9763129257785131,0.9537220410065238,0.016160691584032546,0.825722273998136,28.649775551240573,0.6989611820920286,11.963158125014424,0.5921484323471754,17.581197133464396,22.75666517643493,0.8854912477402309,1073,187,65494,11968,0,0,0,4096,2707.4959999990824,2026-08-11T14:04:47.954803+00:00
e3bb017256c87f40,tamper,usc_sipi,house,house|512x512|8,512,512,3,splice,0.25,0.249840,B,8,0,20260811,44.20397054933116,0.9858956814063728,1.0,1.0,1.0,1.0,0.0,1.0,1.0,1.0,1.0,0.0,0.9537220410065238,1.0,0.9763129257785131,0.9537220410065238,0.016160691584032546,0.825722273998136,26.866077616203043,0.6879964751981286,11.897784962077223,0.5827019225058803,17.518515543479335,22.637126650376164,0.8829766667143911,1073,187,65494,11968,0,0,0,4096,2453.345799996896,2026-08-11T14:04:50.410389+00:00
3a5e4050b635680d,tamper,usc_sipi,house,house|512x512|8,512,512,3,splice,0.50,0.498901,A,8,0,20260811,43.29305116505886,0.9839689239291279,1.0,1.0,1.0,1.0,0.0,1.0,1.0,1.0,1.0,0.0,0.941705069124424,1.0,0.9699774534235196,0.941705069124424,0.061632155907429965,0.5230414746543779,27.96655281820716,0.376641367658394,7.39969964668563,0.21170050819823386,10.149966304704826,16.088382891909973,0.5680423655723233,2170,1035,130784,66240,0,0,0,4096,2422.5530000003346,2026-08-11T14:04:52.834832+00:00
4fe22eb878b26712,tamper,usc_sipi,house,house|512x512|8,512,512,3,splice,0.50,0.498901,B,8,0,20260811,44.20397054933116,0.9858956814063728,1.0,1.0,1.0,1.0,0.0,1.0,1.0,1.0,1.0,0.0,0.941705069124424,1.0,0.9699774534235196,0.941705069124424,0.061632155907429965,0.5230414746543779,26.974417082190215,0.37364644850224693,7.36765859476531,0.2096069415387036,10.118702050535562,16.065964265297673,0.5669643077568917,2170,1035,130784,66240,0,0,0,4096,2309.7185000005993,2026-08-11T14:04:55.146840+00:00
8e1711f36b2c2ce4,tamper,usc_sipi,house,house|512x512|8,512,512,3,inpaint_removal,0.10,0.099655,A,8,0,20260811,43.29305116505886,0.9839689239291279,1.0,1.0,1.0,1.0,0.0,1.0,1.0,1.0,1.0,0.0,0.9131711409395973,1.0,0.954615215961412,0.9131711409395973,0.010524531819337345,0.970917225950783,28.934589278261505,0.8532227667229986,19.68609741364498,0.8330004257176542,28.86418395634427,37.006609137952076,0.9801091352357177,447,13,26124,832,3,0,0,4096,2797.2364999986894,2026-08-11T14:04:57.945550+00:00
15e5db72a62286a5,tamper,usc_sipi,house,house|512x512|8,512,512,3,inpaint_removal,0.10,0.099655,B,8,0,20260811,44.20397054933116,0.9858956814063728,1.0,1.0,1.0,1.0,0.0,1.0,1.0,1.0,1.0,0.0,0.9131711409395973,1.0,0.954615215961412,0.9131711409395973,0.010524531819337345,0.970917225950783,26.238727347019143,0.8299441214557949,19.248771031687507,0.8102577190062192,28.473582958296177,35.0607264710075,0.977635129763741,447,13,26124,832,2,0,0,4096,2639.1446000016003,2026-08-11T14:05:00.586489+00:00
f0c69c4c3c2ccda8,tamper,usc_sipi,house,house|512x512|8,512,512,3,inpaint_removal,0.25,0.249870,A,8,0,20260811,43.29305116505886,0.9839689239291279,1.0,1.0,1.0,1.0,0.0,1.0,1.0,1.0,1.0,0.0,0.9398243801652892,1.0,0.9689788310477966,0.9398243801652892,0.021328098778490862,0.8117539026629936,26.406372583839413,0.6560606106993911,12.046414758874548,0.5465939838565825,17.784497243770442,24.680482796203428,0.8736433456062648,1089,205,65502,13120,9,0,0,4096,2897.705200000928,2026-08-11T14:05:03.486626+00:00
518214681c1f8471,tamper,usc_sipi,house,house|512x512|8,512,512,3,inpaint_removal,0.25,0.249870,B,8,0,20260811,44.20397054933116,0.9858956814063728,1.0,1.0,1.0,1.0,0.0,1.0,1.0,1.0,1.0,0.0,0.9398243801652892,1.0,0.9689788310477966,0.9398243801652892,0.021328098778490862,0.8117539026629936,25.316708065937807,0.6490288758853793,11.97765568166733,0.5403826741242084,17.716767827798087,24.50308521805105,0.8720800192774526,1089,205,65502,13120,5,0,0,4096,3282.4419000025955,2026-08-11T14:05:06.771046+00:00
a211c649d21ff498,tamper,usc_sipi,house,house|512x512|8,512,512,3,inpaint_removal,0.50,0.475384,A,8,0,20260811,43.29305116505886,0.9839689239291279,1.0,1.0,1.0,1.0,0.0,1.0,1.0,1.0,1.0,0.0,0.9789702740070387,1.0,0.9893733997578549,0.9789702740070387,0.019465551717869477,0.575666163901458,27.00871855531031,0.443727085996498,8.048803361245907,0.27366433962229236,11.161814200483143,18.86475224544594,0.6413179381912794,1989,844,124619,54016,10,0,0,4096,3184.941200001049,2026-08-11T14:05:09.958670+00:00
adc412dfbcf351bb,tamper,usc_sipi,house,house|512x512|8,512,512,3,inpaint_removal,0.50,0.475384,B,8,0,20260811,44.20397054933116,0.9858956814063728,1.0,1.0,1.0,1.0,0.0,1.0,1.0,1.0,1.0,0.0,0.9789702740070387,1.0,0.9893733997578549,0.9789702740070387,0.019465551717869477,0.575666163901458,25.623743357318478,0.44372705088700304,8.008987640395844,0.2732216368748086,11.122438374552058,18.819481192437234,0.6411785578478875,1989,844,124619,54016,11,0,0,4096,3452.3665999986406,2026-08-11T14:05:13.413353+00:00
d796f5d8d5f6459d,tamper,usc_sipi,house,house|512x512|8,512,512,3,crop_refill,0.10,0.099941,A,8,0,20260811,43.29305116505886,0.9839689239291279,1.0,1.0,1.0,1.0,0.0,1.0,1.0,1.0,1.0,0.0,0.8918504901960784,1.0,0.942834008097166,0.8918504901960784,0.013465002437008626,0.962962962962963,29.850614859013053,0.8204654326594428,18.116041814857155,0.7932393665417756,27.3611529718854,33.345032830586106,0.9758038000319401,459,17,26199,1088,0,0,0,4096,2211.7509999989124,2026-08-11T14:05:15.627766+00:00
bd0eacdeeb104fb3,tamper,usc_sipi,house,house|512x512|8,512,512,3,crop_refill,0.10,0.099941,B,8,0,20260811,44.20397054933116,0.9858956814063728,1.0,1.0,1.0,1.0,0.0,1.0,1.0,1.0,1.0,0.0,0.8918504901960784,1.0,0.942834008097166,0.8918504901960784,0.013465002437008626,0.962962962962963,28.940960800381696,0.825739620284183,18.02929210438182,0.7982595070229369,27.094120931582268,32.44907294212943,0.9763865007008642,459,17,26199,1088,0,0,0,4096,2091.294999998354,2026-08-11T14:05:17.720927+00:00
31f41cf7ae6ea558,tamper,usc_sipi,house,house|512x512|8,512,512,3,crop_refill,0.25,0.250580,A,8,0,20260811,43.29305116505886,0.9839689239291279,1.0,1.0,1.0,1.0,0.0,1.0,1.0,1.0,1.0,0.0,0.9775,1.0,0.988621997471555,0.9775,0.007696379850958993,0.8409523809523809,28.99423203113484,0.6952430601569454,12.261327673240592,0.5951664871094456,18.118544098571284,23.879938169586453,0.8906954748824862,1050,167,65688,10688,0,0,0,4096,2396.3641000009375,2026-08-11T14:05:20.118922+00:00
a152c1b8fdc93825,tamper,usc_sipi,house,house|512x512|8,512,512,3,crop_refill,0.25,0.250580,B,8,0,20260811,44.20397054933116,0.9858956814063728,1.0,1.0,1.0,1.0,0.0,1.0,1.0,1.0,1.0,0.0,0.9775,1.0,0.988621997471555,0.9775,0.007696379850958993,0.8409523809523809,27.405830507109474,0.6902037925365772,12.198471264459862,0.5905310945195393,18.056226519253613,23.76097329363075,0.889490897866566,1050,167,65688,10688,0,0,0,4096,2389.8033000004943,2026-08-11T14:05:22.510336+00:00
75c6e07573dd6772,tamper,usc_sipi,house,house|512x512|8,512,512,3,crop_refill,0.50,0.499786,A,8,0,20260811,43.29305116505886,0.9839689239291279,1.0,1.0,1.0,1.0,0.0,1.0,1.0,1.0,1.0,0.0,0.9601899624765479,1.0,0.9796907247330482,0.9601899624765479,0.04142517235068025,0.524859287054409,28.384197022927815,0.40958696900442065,7.378835826591537,0.22906527297939436,10.181342350821573,16.615562757131993,0.5819849458256341,2132,1013,131016,64832,0,0,0,4096,2611.4417999997386,2026-08-11T14:05:25.124761+00:00
5d7ca5629c656595,tamper,usc_sipi,house,house|512x512|8,512,512,3,crop_refill,0.50,0.499786,B,8,0,20260811,44.20397054933116,0.9858956814063728,1.0,1.0,1.0,1.0,0.0,1.0,1.0,1.0,1.0,0.0,0.9601899624765479,1.0,0.9796907247330482,0.9601899624765479,0.04142517235068025,0.524859287054409,27.160813226655094,0.40449199275356207,7.345170047052527,0.2258809450064919,10.147783517562656,16.599442440050257,0.5803174939101602,2132,1013,131016,64832,0,0,0,4096,2461.5798000013456,2026-08-11T14:05:27.589197+00:00
cca9e62c418dd8c3,tamper,usc_sipi,house,house|512x512|8,512,512,3,noise,0.10,0.099930,A,8,0,20260811,43.29305116505886,0.9839689239291279,1.0,1.0,1.0,1.0,0.0,1.0,1.0,1.0,1.0,0.0,0.9136439732142857,1.0,0.9548735146168987,0.9136439732142857,0.01049383762523946,0.9598214285714286,30.915733850317032,0.8499467672095229,19.123715543807766,0.820830859181716,28.653869123825395,31.864103005062532,0.9797602893822766,448,18,26196,1152,0,0,0,4096,2342.1621000015875,2026-08-11T14:05:29.933510+00:00
e5285aeeaccc254d,tamper,usc_sipi,house,house|512x512|8,512,512,3,noise,0.10,0.099930,B,8,0,20260811,44.20397054933116,0.9858956814063728,1.0,1.0,1.0,1.0,0.0,1.0,1.0,1.0,1.0,0.0,0.9136439732142857,1.0,0.9548735146168987,0.9136439732142857,0.01049383762523946,0.9598214285714286,28.8581046947396,0.8386146337976134,18.9337587412092,0.8097133289389326,28.46515703483029,31.53427916291151,0.9785063982415848,448,18,26196,1152,0,0,0,4096,2237.6653000028455,2026-08-11T14:05:32.173101+00:00
691f120ed7689bda,tamper,usc_sipi,house,house|512x512|8,512,512,3,noise,0.25,0.250763,A,8,0,20260811,43.29305116505886,0.9839689239291279,1.0,1.0,1.0,1.0,0.0,1.0,1.0,1.0,1.0,0.0,0.9440487132352942,1.0,0.9712191950830329,0.9440487132352942,0.01983625921551057,0.8538602941176471,31.46932860366951,0.6866871972018798,11.427111358523792,0.5913902152679803,17.16799832815696,22.713141466239946,0.8878472385594268,1088,159,65736,10176,0,0,0,4096,2238.8209000018833,2026-08-11T14:05:34.413665+00:00
f1d1ad7211465895,tamper,usc_sipi,house,house|512x512|8,512,512,3,noise,0.25,0.250763,B,8,0,20260811,44.20397054933116,0.9858956814063728,1.0,1.0,1.0,1.0,0.0,1.0,1.0,1.0,1.0,0.0,0.9440487132352942,1.0,0.9712191950830329,0.9440487132352942,0.01983625921551057,0.8538602941176471,29.66576129849257,0.6850596212567415,11.38231345054484,0.5897284476856831,17.123994778006303,22.626163782783102,0.8873969013515767,1088,159,65736,10176,0,0,0,4096,2113.193699999101,2026-08-11T14:05:36.528625+00:00
6e129b5b3546b69f,tamper,usc_sipi,house,house|512x512|8,512,512,3,noise,0.50,0.500298,A,8,0,20260811,43.29305116505886,0.9839689239291279,1.0,1.0,1.0,1.0,0.0,1.0,1.0,1.0,1.0,0.0,0.9730383428300095,1.0,0.9863349552896583,0.9730383428300095,0.027741728628792157,0.5256410256410257,28.589529357593374,0.4298904607692247,7.918293361264364,0.24355254733908055,10.707515025749071,14.927377545054872,0.5920196739649559,2106,999,131150,63936,0,0,0,4096,2156.770100002177,2026-08-11T14:05:38.686615+00:00
9569641893de715d,tamper,usc_sipi,house,house|512x512|8,512,512,3,noise,0.50,0.500298,B,8,0,20260811,44.20397054933116,0.9858956814063728,1.0,1.0,1.0,1.0,0.0,1.0,1.0,1.0,1.0,0.0,0.9730383428300095,1.0,0.9863349552896583,0.9730383428300095,0.027741728628792157,0.5256410256410257,27.074291893449978,0.4219808575400663,7.880690707324476,0.2387479740846313,10.670822665880008,14.902866486938889,0.5895737887557175,2106,999,131150,63936,0,0,0,4096,2541.107600001851,2026-08-11T14:05:41.229240+00:00
87e81a2f79f6ba6c,tamper,usc_sipi,lena,lena|512x512|8,512,512,3,splice,0.10,0.100060,A,8,0,20260811,43.224882363242784,0.9814350808198528,1.0,1.0,1.0,1.0,0.0,1.0,1.0,1.0,1.0,0.0,0.9148297991071429,1.0,0.9555207460566101,0.9148297991071429,0.01035122968539383,0.9665178571428571,26.69526277504772,0.7840431635491929,20.929155069044047,0.7582530295625287,30.727726572786487,31.975865576730914,0.9731829401878597,448,15,26230,960,0,0,0,4096,3916.2600000017846,2026-08-11T14:05:45.147765+00:00
bdc69f9abf633a6f,tamper,usc_sipi,lena,lena|512x512|8,512,512,3,splice,0.10,0.100060,B,8,0,20260811,44.30987964368085,0.9838727289606478,1.0,1.0,1.0,1.0,0.0,1.0,1.0,1.0,1.0,0.0,0.9148297991071429,1.0,0.9555207460566101,0.9148297991071429,0.01035122968539383,0.9665178571428571,26.623632406646443,0.805332393758749,20.87542400704411,0.7789266846735188,30.670222091337983,31.925953389017923,0.9753598468838627,448,15,26230,960,0,0,0,4096,4550.464299998566,2026-08-11T14:05:49.700745+00:00
50dc0124b4aeb1e5,tamper,usc_sipi,lena,lena|512x512|8,512,512,3,splice,0.25,0.250317,A,8,0,20260811,43.224882363242784,0.9814350808198528,1.0,1.0,1.0,1.0,0.0,1.0,1.0,1.0,1.0,0.0,0.9493489583333333,1.0,0.9740164317680851,0.9493489583333333,0.017814527413815038,0.8287037037037037,30.831175431651644,0.6284608578257874,12.141156444039403,0.5288110969993415,17.855059379808466,23.709191582317267,0.8695165995755647,1080,185,65619,11840,0,0,0,4096,2676.4886000019033,2026-08-11T14:05:52.379805+00:00
fa619ba796cf1518,tamper,usc_sipi,lena,lena|512x512|8,512,512,3,splice,0.25,0.250317,B,8,0,20260811,44.30987964368085,0.9838727289606478,1.0,1.0,1.0,1.0,0.0,1.0,1.0,1.0,1.0,0.0,0.9493489583333333,1.0,0.9740164317680851,0.9493489583333333,0.017814527413815038,0.8287037037037037,30.029736949688317,0.6425136386887069,12.100349298535388,0.5404948259902689,17.815223306616527,23.659509854984044,0.8726960377055639,1080,185,65619,11840,0,0,0,4096,2483.3738999986963,2026-08-11T14:05:54.864886+00:00
182e3d1f253a6aab,tamper,usc_sipi,lena,lena|512x512|8,512,512,3,splice,0.50,0.499878,A,8,0,20260811,43.224882363242784,0.9814350808198528,1.0,1.0,1.0,1.0,0.0,1.0,1.0,1.0,1.0,0.0,0.9590163934426229,1.0,0.9790794979079497,0.9590163934426229,0.0427141811081279,0.5161592505854801,29.875688424274976,0.36074166752597203,8.171307544804051,0.20012289290847052,10.985190764868813,16.04471789348246,0.562596145874112,2135,1033,131040,66112,0,0,0,4096,2682.6971000009507,2026-08-11T14:05:57.548941+00:00
3f2667f0a41301d1,tamper,usc_sipi,lena,lena|512x512|8,512,512,3,splice,0.50,0.499878,B,8,0,20260811,44.30987964368085,0.9838727289606478,1.0,1.0,1.0,1.0,0.0,1.0,1.0,1.0,1.0,0.0,0.9590163934426229,1.0,0.9790794979079497,0.9590163934426229,0.0427141811081279,0.5161592505854801,29.4115601726163,0.3680941011492558,8.136177599043357,0.2037664184080934,10.95037220585539,16.03316745502723,0.5646115611584314,2135,1033,131040,66112,0,0,0,4096,2598.034700000426,2026-08-11T14:06:00.148611+00:00
a07390cdf58157f1,tamper,usc_sipi,lena,lena|512x512|8,512,512,3,inpaint_removal,0.10,0.098816,A,8,0,20260811,43.224882363242784,0.9814350808198528,1.0,1.0,1.0,1.0,0.0,1.0,1.0,1.0,1.0,0.0,0.9034598214285714,1.0,0.9492817355614189,0.9034598214285714,0.011716898069759566,0.9553571428571429,29.001635752285743,0.7692972647976297,16.94855930972008,0.7353659269833411,26.59866599517073,35.493530312834,0.9702722497767634,448,20,25904,1280,1,0,0,4096,2909.755900000164,2026-08-11T14:06:03.060301+00:00
4af8a2552bfad63a,tamper,usc_sipi,lena,lena|512x512|8,512,512,3,inpaint_removal,0.10,0.098816,B,8,0,20260811,44.30987964368085,0.9838727289606478,1.0,1.0,1.0,1.0,0.0,1.0,1.0,1.0,1.0,0.0,0.9034598214285714,1.0,0.9492817355614189,0.9034598214285714,0.011716898069759566,0.9553571428571429,28.74181396947081,0.7902961269341954,16.90772562347551,0.7553991483266341,26.55915207908166,35.37024998196431,0.9725273089518885,448,20,25904,1280,1,0,0,4096,2687.588099997811,2026-08-11T14:06:05.750144+00:00
c1467cafb6a34492,tamper,usc_sipi,lena,lena|512x512|8,512,512,3,inpaint_removal,0.25,0.251225,A,8,0,20260811,43.224882363242784,0.9814350808198528,1.0,1.0,1.0,1.0,0.0,1.0,1.0,1.0,1.0,0.0,0.9405992915904936,1.0,0.9693905338073053,0.9405992915904936,0.021188361939405057,0.7970749542961608,28.091009327748875,0.6084642361822858,12.282103675468727,0.4996958747196209,17.792972467023343,26.61604119815603,0.8573904316783474,1094,222,65857,14208,3,0,0,4096,3003.775500001211,2026-08-11T14:06:08.757968+00:00
20eb6b7646837a20,tamper,usc_sipi,lena,lena|512x512|8,512,512,3,inpaint_removal,0.25,0.251225,B,8,0,20260811,44.30987964368085,0.9838727289606478,1.0,1.0,1.0,1.0,0.0,1.0,1.0,1.0,1.0,0.0,0.9405992915904936,1.0,0.9693905338073053,0.9405992915904936,0.021188361939405057,0.7970749542961608,27.89724652817163,0.6255540247380245,12.244612360982899,0.5134912716580783,17.755260699602545,26.583958610029036,0.8609308010124167,1094,222,65857,14208,2,0,0,4096,2676.4374999984284,2026-08-11T14:06:11.436005+00:00
f3111977a65ace14,tamper,usc_sipi,lena,lena|512x512|8,512,512,3,inpaint_removal,0.50,0.492367,A,8,0,20260811,43.224882363242784,0.9814350808198528,1.0,1.0,1.0,1.0,0.0,1.0,1.0,1.0,1.0,0.0,0.971452011078998,1.0,0.9855193082253231,0.971452011078998,0.0285031524050709,0.5602119460500963,29.503843137843205,0.3902067871584335,8.900199704527914,0.23087849136920288,11.82027619185913,19.95505718583093,0.6005136028775877,2076,913,129071,58432,2,0,0,4096,2970.4606999985117,2026-08-11T14:06:14.408470+00:00
59a868394fc643bd,tamper,usc_sipi,lena,lena|512x512|8,512,512,3,inpaint_removal,0.50,0.492367,B,8,0,20260811,44.30987964368085,0.9838727289606478,1.0,1.0,1.0,1.0,0.0,1.0,1.0,1.0,1.0,0.0,0.971452011078998,1.0,0.9855193082253231,0.971452011078998,0.0285031524050709,0.5602119460500963,29.26725807824107,0.4003372571119852,8.864909688729405,0.23654098040198718,11.785097689617462,19.956055461093023,0.6033978051426643,2076,913,129071,58432,2,0,0,4096,3057.8832999999577,2026-08-11T14:06:17.468177+00:00
3cc57097f36d674a,tamper,usc_sipi,lena,lena|512x512|8,512,512,3,crop_refill,0.10,0.099701,A,8,0,20260811,43.224882363242784,0.9814350808198528,1.0,1.0,1.0,1.0,0.0,1.0,1.0,1.0,1.0,0.0,0.9115513392857143,1.0,0.9537293825718872,0.9115513392857143,0.010745398461069117,0.96875,27.42784403063318,0.775144930683758,19.4860495878626,0.7522879693427149,29.109341310156545,34.56380216920644,0.9720534365547732,448,14,26136,896,0,0,0,4096,2203.9876000017102,2026-08-11T14:06:19.673579+00:00
8835d389c56e98b0,tamper,usc_sipi,lena,lena|512x512|8,512,512,3,crop_refill,0.10,0.099701,B,8,0,20260811,44.30987964368085,0.9838727289606478,1.0,1.0,1.0,1.0,0.0,1.0,1.0,1.0,1.0,0.0,0.9115513392857143,1.0,0.9537293825718872,0.9115513392857143,0.010745398461069117,0.96875,27.42725205801852,0.7995952242224759,19.460065240657965,0.7760239059949385,29.079721821435555,34.551530853521214,0.9747494261241109,448,14,26136,896,0,0,0,4096,2387.6968000004126,2026-08-11T14:06:22.064118+00:00
a47129a9df7d4a19,tamper,usc_sipi,lena,lena|512x512|8,512,512,3,crop_refill,0.25,0.249573,A,8,0,20260811,43.224882363242784,0.9814350808198528,1.0,1.0,1.0,1.0,0.0,1.0,1.0,1.0,1.0,0.0,0.9086666666666666,1.0,0.9521480964023752,0.9086666666666666,0.033428222854819035,0.7848888888888889,29.417505519303294,0.5671276976111903,11.405559710604026,0.45590142667920913,17.043416779263328,24.221762607896174,0.8438822681718768,1125,242,65424,15488,0,0,0,4096,2874.794199997268,2026-08-11T14:06:24.940584+00:00
963951d6ac14f21f,tamper,usc_sipi,lena,lena|512x512|8,512,512,3,crop_refill,0.25,0.249573,B,8,0,20260811,44.30987964368085,0.9838727289606478,1.0,1.0,1.0,1.0,0.0,1.0,1.0,1.0,1.0,0.0,0.9086666666666666,1.0,0.9521480964023752,0.9086666666666666,0.033428222854819035,0.7848888888888889,29.184623314637093,0.5841568912976823,11.371465658049619,0.46926266947617873,17.00882222039891,24.206569233250647,0.8476234453706115,1125,242,65424,15488,0,0,0,4096,2339.1671999997925,2026-08-11T14:06:27.282619+00:00
9a438a783c160299,tamper,usc_sipi,lena,lena|512x512|8,512,512,3,crop_refill,0.50,0.500488,A,8,0,20260811,43.224882363242784,0.9814350808198528,1.0,1.0,1.0,1.0,0.0,1.0,1.0,1.0,1.0,0.0,0.9803921568627451,1.0,0.99009900990099,0.9803921568627451,0.020039100684261974,0.5322812051649928,30.102546773870568,0.366801027932508,8.289249787741843,0.2071933063132919,11.203412135115808,18.983220933141244,0.5764224380958023,2091,978,131200,62592,0,0,0,4096,2381.5302999973937,2026-08-11T14:06:29.666570+00:00
964a0a7b14c01045,tamper,usc_sipi,lena,lena|512x512|8,512,512,3,crop_refill,0.50,0.500488,B,8,0,20260811,44.30987964368085,0.9838727289606478,1.0,1.0,1.0,1.0,0.0,1.0,1.0,1.0,1.0,0.0,0.9803921568627451,1.0,0.99009900990099,0.9803921568627451,0.020039100684261974,0.5322812051649928,29.68293502374475,0.3759964796897994,8.25540094843984,0.21204653568116874,11.16960555269651,18.97353514242729,0.5789128234147839,2091,978,131200,62592,0,0,0,4096,2318.585000000894,2026-08-11T14:06:31.987336+00:00
e35c54539b0e83db,tamper,usc_sipi,lena,lena|512x512|8,512,512,3,noise,0.10,0.100044,A,8,0,20260811,43.224882363242784,0.9814350808198528,1.0,1.0,1.0,1.0,0.0,1.0,1.0,1.0,1.0,0.0,0.9485677083333334,1.0,0.9736050785165385,0.9485677083333334,0.006027518035927737,0.9814814814814815,31.63472355706235,0.822683576189058,21.275949577104928,0.8080913041189705,31.056064465736206,34.89758787084615,0.9788563221925357,432,8,26226,512,0,0,0,4096,2600.5341000018234,2026-08-11T14:06:34.589181+00:00
daed98dc6e22d1b6,tamper,usc_sipi,lena,lena|512x512|8,512,512,3,noise,0.10,0.100044,B,8,0,20260811,44.30987964368085,0.9838727289606478,1.0,1.0,1.0,1.0,0.0,1.0,1.0,1.0,1.0,0.0,0.9485677083333334,1.0,0.9736050785165385,0.9485677083333334,0.006027518035927737,0.9814814814814815,30.459725705764495,0.8381539025081212,21.131550306162367,0.8232829681182968,30.913804308038756,34.603494158544706,0.980460496453142,432,8,26226,512,0,0,0,4096,2313.8056000025244,2026-08-11T14:06:36.904619+00:00
99994b01c2ee559b,tamper,usc_sipi,lena,lena|512x512|8,512,512,3,noise,0.25,0.250275,A,8,0,20260811,43.224882363242784,0.9814350808198528,1.0,1.0,1.0,1.0,0.0,1.0,1.0,1.0,1.0,0.0,0.944815668202765,1.0,0.9716249037379303,0.944815668202765,0.019497700166890543,0.7944700460829492,28.375676298368436,0.6272836188843706,12.763575039975215,0.51336019132333,18.245872648707774,21.427011555004224,0.8625366094333659,1085,223,65608,14272,0,0,0,4096,2945.4103999996732,2026-08-11T14:06:39.851139+00:00
ae32fa8edc0e08c2,tamper,usc_sipi,lena,lena|512x512|8,512,512,3,noise,0.25,0.250275,B,8,0,20260811,44.30987964368085,0.9838727289606478,1.0,1.0,1.0,1.0,0.0,1.0,1.0,1.0,1.0,0.0,0.944815668202765,1.0,0.9716249037379303,0.944815668202765,0.019497700166890543,0.7944700460829492,27.992333377808375,0.6382319875360974,12.720673033012368,0.5221446590317124,18.203528837250666,21.410608426265295,0.864917121105186,1085,223,65608,14272,0,0,0,4096,2439.373199998954,2026-08-11T14:06:42.293765+00:00
1814224f499142bf,tamper,usc_sipi,lena,lena|512x512|8,512,512,3,noise,0.50,0.500591,A,8,0,20260811,43.224882363242784,0.9814350808198528,1.0,1.0,1.0,1.0,0.0,1.0,1.0,1.0,1.0,0.0,0.9653586982109228,1.0,0.9823740562877344,0.9653586982109228,0.035969354629268924,0.5338983050847458,29.491931407307984,0.3865793020812033,8.683501573752142,0.22219326532064002,11.514101742336226,14.931163140051657,0.5781904742381824,2124,990,131227,63360,0,0,0,4096,2414.1056000007666,2026-08-11T14:06:44.709639+00:00
4b6b758834424585,tamper,usc_sipi,lena,lena|512x512|8,512,512,3,noise,0.50,0.500591,B,8,0,20260811,44.30987964368085,0.9838727289606478,1.0,1.0,1.0,1.0,0.0,1.0,1.0,1.0,1.0,0.0,0.9653586982109228,1.0,0.9823740562877344,0.9653586982109228,0.035969354629268924,0.5338983050847458,29.032371161674448,0.39187468340166387,8.647963010999435,0.22501107291766492,11.479000745769309,14.922118734148771,0.5796752948522998,2124,990,131227,63360,0,0,0,4096,2623.9189000007173,2026-08-11T14:06:47.335156+00:00
620087f19e5dea31,tamper,usc_sipi,pepper,pepper|512x512|8,512,512,3,splice,0.10,0.100109,A,8,0,20260811,43.28192763066813,0.9810698582574516,1.0,1.0,1.0,1.0,0.0,1.0,1.0,1.0,1.0,0.0,0.9298115079365079,1.0,0.9636293535535279,0.9298115079365079,0.00839759051466505,0.9705215419501134,30.520625565821803,0.8057019831071555,20.023133534294345,0.7858187114117923,29.523991070723717,31.947676583641858,0.9757569913004897,441,13,26243,832,1,0,0,4096,3523.079199996573,2026-08-11T14:06:50.860977+00:00
3df0710a04f534f6,tamper,usc_sipi,pepper,pepper|512x512|8,512,512,3,splice,0.10,0.100109,B,8,0,20260811,44.08801249821959,0.9816589944184096,1.0,1.0,1.0,1.0,0.0,1.0,1.0,1.0,1.0,0.0,0.9298115079365079,1.0,0.9636293535535279,0.9298115079365079,0.00839759051466505,0.9705215419501134,29.29026802481612,0.8118072383945371,19.885938828381008,0.7916585428252542,29.394531401466352,31.748877358035376,0.9764319303331083,441,13,26243,832,0,0,0,4096,3309.0195000004314,2026-08-11T14:06:54.171020+00:00
e86fcdbdb67f5b32,tamper,usc_sipi,pepper,pepper|512x512|8,512,512,3,splice,0.25,0.250648,A,8,0,20260811,43.28192763066813,0.9810698582574516,1.0,1.0,1.0,1.0,0.0,1.0,1.0,1.0,1.0,0.0,0.9506076388888889,1.0,0.9746784744782163,0.9506076388888889,0.017379529418951527,0.8111111111111111,31.27347886166918,0.5954083008032541,13.644487208878896,0.49790225970717583,19.30406322790416,22.029318840120386,0.8611591410779882,1080,204,65706,13056,1,0,0,4096,2442.9780000027677,2026-08-11T14:06:56.615374+00:00
b3eec4af2ac956ee,tamper,usc_sipi,pepper,pepper|512x512|8,512,512,3,splice,0.25,0.250648,B,8,0,20260811,44.08801249821959,0.9816589944184096,1.0,1.0,1.0,1.0,0.0,1.0,1.0,1.0,1.0,0.0,0.9506076388888889,1.0,0.9746784744782163,0.9506076388888889,0.017379529418951527,0.8111111111111111,30.47477521399132,0.6054818311219538,13.601457764954825,0.5056589141154912,19.26162481268097,22.01024033604369,0.8631272610594433,1080,204,65706,13056,0,0,0,4096,2424.9652000034985,2026-08-11T14:06:59.041346+00:00
ac4f576710766a65,tamper,usc_sipi,pepper,pepper|512x512|8,512,512,3,splice,0.50,0.499535,A,8,0,20260811,43.28192763066813,0.9810698582574516,1.0,1.0,1.0,1.0,0.0,1.0,1.0,1.0,1.0,0.0,0.9583577283372365,1.0,0.97873612616316,0.9583577283372365,0.04337088586368279,0.5250585480093677,30.389238764165146,0.3840252909590227,9.299500154437483,0.22772097728686386,12.110571431157172,14.133272186803483,0.585258230681703,2135,1014,130950,64896,2,0,0,4096,2563.305700001365,2026-08-11T14:07:01.605953+00:00
9234f54c71fc05c7,tamper,usc_sipi,pepper,pepper|512x512|8,512,512,3,splice,0.50,0.499535,B,8,0,20260811,44.08801249821959,0.9816589944184096,1.0,1.0,1.0,1.0,0.0,1.0,1.0,1.0,1.0,0.0,0.9583577283372365,1.0,0.97873612616316,0.9583577283372365,0.04337088586368279,0.5250585480093677,29.586935625648053,0.3875057436517522,9.269367874617075,0.2283110570162545,12.080522503739413,14.128400746917197,0.5855194080371237,2135,1014,130950,64896,0,0,0,4096,2610.2473000028112,2026-08-11T14:07:04.216953+00:00
414a34ba72cd7e3a,tamper,usc_sipi,pepper,pepper|512x512|8,512,512,3,inpaint_removal,0.10,0.100555,A,8,0,20260811,43.28192763066813,0.9810698582574516,1.0,1.0,1.0,1.0,0.0,1.0,1.0,1.0,1.0,0.0,0.903234649122807,1.0,0.949157424744347,0.903234649122807,0.011977063753265701,0.9780701754385965,28.82687214826688,0.8073117080187795,21.679240051632238,0.7937551679164004,31.447753694024634,35.34674923108758,0.976329112565142,456,10,26360,640,2,0,0,4096,2846.711599999253,2026-08-11T14:07:07.066501+00:00
fb37c10b085dc063,tamper,usc_sipi,pepper,pepper|512x512|8,512,512,3,inpaint_removal,0.10,0.100555,B,8,0,20260811,44.08801249821959,0.9816589944184096,1.0,1.0,1.0,1.0,0.0,1.0,1.0,1.0,1.0,0.0,0.903234649122807,1.0,0.949157424744347,0.903234649122807,0.011977063753265701,0.9780701754385965,27.74506056364035,0.8145318414383621,21.430323763466905,0.8006563996611945,31.198822776522782,34.822902715327025,0.9771289240834534,456,10,26360,640,1,0,0,4096,2428.487599998334,2026-08-11T14:07:09.495755+00:00
eabe58dc7534ac93,tamper,usc_sipi,pepper,pepper|512x512|8,512,512,3,inpaint_removal,0.25,0.252838,A,8,0,20260811,43.28192763066813,0.9810698582574516,1.0,1.0,1.0,1.0,0.0,1.0,1.0,1.0,1.0,0.0,0.9389165911151405,1.0,0.968496113156818,0.9389165911151405,0.022015275905730505,0.8186763372620127,30.151850829118928,0.6162431518097902,12.88619305760967,0.5136535646867895,18.600490312114065,25.820803933350973,0.8638539690343583,1103,200,66280,12800,4,0,0,4096,2750.331900002493,2026-08-11T14:07:12.247484+00:00
726a00c9a60b242b,tamper,usc_sipi,pepper,pepper|512x512|8,512,512,3,inpaint_removal,0.25,0.252838,B,8,0,20260811,44.08801249821959,0.9816589944184096,1.0,1.0,1.0,1.0,0.0,1.0,1.0,1.0,1.0,0.0,0.9389165911151405,1.0,0.968496113156818,0.9389165911151405,0.022015275905730505,0.8186763372620127,29.249311077455552,0.6271044504468567,12.846599642944813,0.5225376879657475,18.561082095152525,25.73566540537928,0.8662494689363847,1103,200,66280,12800,1,0,0,4096,2623.37430000116,2026-08-11T14:07:14.872253+00:00
c4f14dddddaa8d18,tamper,usc_sipi,pepper,pepper|512x512|8,512,512,3,inpaint_removal,0.50,0.502472,A,8,0,20260811,43.28192763066813,0.9810698582574516,1.0,1.0,1.0,1.0,0.0,1.0,1.0,1.0,1.0,0.0,0.9563777881040892,1.0,0.9777025622754668,0.9563777881040892,0.046065141385021165,0.5051115241635687,30.46105031050641,0.3524582348580659,8.924299234302707,0.19855368357911524,11.709024238399637,17.45608138156678,0.5636311410531734,2152,1065,131720,68160,2,0,0,4096,3332.6015999991796,2026-08-11T14:07:18.205685+00:00
5c788e5201c539ef,tamper,usc_sipi,pepper,pepper|512x512|8,512,512,3,inpaint_removal,0.50,0.502472,B,8,0,20260811,44.08801249821959,0.9816589944184096,1.0,1.0,1.0,1.0,0.0,1.0,1.0,1.0,1.0,0.0,0.9563777881040892,1.0,0.9777025622754668,0.9563777881040892,0.046065141385021165,0.5051115241635687,29.56355674231375,0.3570617827573334,8.894715331530062,0.20037431152233803,11.678755643547984,17.445064044111646,0.564526054995978,2152,1065,131720,68160,4,0,0,4096,3811.7039000026125,2026-08-11T14:07:22.018858+00:00
b52a643ad2641272,tamper,usc_sipi,pepper,pepper|512x512|8,512,512,3,crop_refill,0.10,0.099800,A,8,0,20260811,43.28192763066813,0.9810698582574516,1.0,1.0,1.0,1.0,0.0,1.0,1.0,1.0,1.0,0.0,0.8905909586056645,1.0,0.9421297129893046,0.8905909586056645,0.013619682857167073,0.9694989106753813,31.702882353317882,0.7584927437464469,21.402296949748347,0.7395877366664373,31.19454343874754,33.65754206821237,0.9705870062528593,459,14,26162,896,0,0,0,4096,2386.239800001931,2026-08-11T14:07:24.406469+00:00
8b38da78f4b54605,tamper,usc_sipi,pepper,pepper|512x512|8,512,512,3,crop_refill,0.10,0.099800,B,8,0,20260811,44.08801249821959,0.9816589944184096,1.0,1.0,1.0,1.0,0.0,1.0,1.0,1.0,1.0,0.0,0.8905909586056645,1.0,0.9421297129893046,0.8905909586056645,0.013619682857167073,0.9694989106753813,30.64729226995327,0.7659022040024915,21.27678471774103,0.74661849288531,31.06698788044456,33.458557181901305,0.9714432443210823,459,14,26162,896,0,0,0,4096,2138.3741999998165,2026-08-11T14:07:26.546367+00:00
fc78a56dfb35ec25,tamper,usc_sipi,pepper,pepper|512x512|8,512,512,3,crop_refill,0.25,0.250580,A,8,0,20260811,43.28192763066813,0.9810698582574516,1.0,1.0,1.0,1.0,0.0,1.0,1.0,1.0,1.0,0.0,0.9399038461538461,1.0,0.9690210656753407,0.9399038461538461,0.021378832919330536,0.8241758241758241,30.55826351429569,0.6227219361858286,13.042917713879055,0.5243997095234447,18.817300378077412,23.70466256244888,0.8687657191769125,1092,192,65688,12288,0,0,0,4096,2578.6570999989635,2026-08-11T14:07:29.126008+00:00
dbb7ffb6af6bddb0,tamper,usc_sipi,pepper,pepper|512x512|8,512,512,3,crop_refill,0.25,0.250580,B,8,0,20260811,44.08801249821959,0.9816589944184096,1.0,1.0,1.0,1.0,0.0,1.0,1.0,1.0,1.0,0.0,0.9399038461538461,1.0,0.9690210656753407,0.9399038461538461,0.021378832919330536,0.8241758241758241,29.788102453767454,0.6368336828593248,13.007471096255705,0.5361372080401466,18.78149939781834,23.664649878333623,0.8717117274113725,1092,192,65688,12288,0,0,0,4096,2538.079900001321,2026-08-11T14:07:31.666217+00:00
96a5f50cbf443694,tamper,usc_sipi,pepper,pepper|512x512|8,512,512,3,crop_refill,0.50,0.499603,A,8,0,20260811,43.28192763066813,0.9810698582574516,1.0,1.0,1.0,1.0,0.0,1.0,1.0,1.0,1.0,0.0,0.9598381801125704,1.0,0.9795075836898316,0.9598381801125704,0.04177593462218698,0.5229831144465291,30.373830100135486,0.3813214392140652,9.466951563890335,0.22839352764031634,12.264028920405092,16.460848114584145,0.5815819397178976,2132,1017,130968,65088,0,0,0,4096,2581.005100000766,2026-08-11T14:07:34.249121+00:00
c70c740d216de970,tamper,usc_sipi,pepper,pepper|512x512|8,512,512,3,crop_refill,0.50,0.499603,B,8,0,20260811,44.08801249821959,0.9816589944184096,1.0,1.0,1.0,1.0,0.0,1.0,1.0,1.0,1.0,0.0,0.9598381801125704,1.0,0.9795075836898316,0.9598381801125704,0.04177593462218698,0.5229831144465291,29.612914662127938,0.38463426854361266,9.43665927805581,0.22887930318086136,12.233800980285132,16.449342312597228,0.5817071860662563,2132,1017,130968,65088,0,0,0,4096,2641.5349999988393,2026-08-11T14:07:36.891912+00:00
30a07f24a2ff9376,tamper,usc_sipi,pepper,pepper|512x512|8,512,512,3,noise,0.10,0.100372,A,8,0,20260811,43.28192763066813,0.9810698582574516,1.0,1.0,1.0,1.0,0.0,1.0,1.0,1.0,1.0,0.0,0.9015899122807017,1.0,0.9482485224160301,0.9015899122807017,0.012178160724583602,0.9736842105263158,30.122734319291244,0.7964010989494851,21.31807660894698,0.7791701997864157,29.970593358407008,33.60393636677217,0.9739599647741771,456,12,26312,768,0,0,0,4096,2917.4628000000666,2026-08-11T14:07:39.811086+00:00
43030ca947e17d95,tamper,usc_sipi,pepper,pepper|512x512|8,512,512,3,noise,0.10,0.100372,B,8,0,20260811,44.08801249821959,0.9816589944184096,1.0,1.0,1.0,1.0,0.0,1.0,1.0,1.0,1.0,0.0,0.9015899122807017,1.0,0.9482485224160301,0.9015899122807017,0.012178160724583602,0.9736842105263158,29.179833295363125,0.808315194021793,21.167948821199797,0.7908962951925138,29.846611854304392,33.35369444615493,0.9751891098662245,456,12,26312,768,0,0,0,4096,2601.284600001236,2026-08-11T14:07:42.413762+00:00
1c4ff7b906287888,tamper,usc_sipi,pepper,pepper|512x512|8,512,512,3,noise,0.25,0.250256,A,8,0,20260811,43.28192763066813,0.9810698582574516,1.0,1.0,1.0,1.0,0.0,1.0,1.0,1.0,1.0,0.0,0.9234656531531531,1.0,0.9602101827389621,0.9234656531531531,0.02766343918062898,0.8171171171171171,30.93167871451548,0.6284204510570905,13.422841172835211,0.5305845336254559,18.94386663672168,21.36735229753539,0.8665112439668595,1110,203,65603,12992,0,0,0,4096,2373.2507999993686,2026-08-11T14:07:44.789761+00:00
6f18127a582906b2,tamper,usc_sipi,pepper,pepper|512x512|8,512,512,3,noise,0.25,0.250256,B,8,0,20260811,44.08801249821959,0.9816589944184096,1.0,1.0,1.0,1.0,0.0,1.0,1.0,1.0,1.0,0.0,0.9234656531531531,1.0,0.9602101827389621,0.9234656531531531,0.02766343918062898,0.8171171171171171,29.933245276042474,0.6388543858337593,13.380157258885818,0.5390031856112354,18.887904602095354,21.318014742709835,0.8686745080934889,1110,203,65603,12992,0,0,0,4096,2374.552199999016,2026-08-11T14:07:47.165455+00:00
27feec32358de759,tamper,usc_sipi,pepper,pepper|512x512|8,512,512,3,noise,0.50,0.499603,A,8,0,20260811,43.28192763066813,0.9810698582574516,1.0,1.0,1.0,1.0,0.0,1.0,1.0,1.0,1.0,0.0,0.9786585365853658,1.0,0.9892141756548537,0.9786585365853658,0.021772275416234676,0.5375418460066954,30.700286439330746,0.3915113176030852,9.402650067003723,0.24041225850097253,12.279149017838517,14.556896090881814,0.59334402635183,2091,967,130968,61888,0,0,0,4096,2390.9733000000415,2026-08-11T14:07:49.558675+00:00
508dd1680985821e,tamper,usc_sipi,pepper,pepper|512x512|8,512,512,3,noise,0.50,0.499603,B,8,0,20260811,44.08801249821959,0.9816589944184096,1.0,1.0,1.0,1.0,0.0,1.0,1.0,1.0,1.0,0.0,0.9786585365853658,1.0,0.9892141756548537,0.9786585365853658,0.021772275416234676,0.5375418460066954,29.79044788510644,0.3930575733875215,9.371309898310567,0.23967645650290964,12.247570526418343,14.553409513005835,0.5929121911501626,2091,967,130968,61888,0,0,0,4096,2314.483199999813,2026-08-11T14:07:51.874704+00:00
ccdb94634485b6b2,tamper,usc_sipi,sailboat,sailboat|512x512|8,512,512,3,splice,0.10,0.100204,A,8,0,20260811,43.31279376508352,0.9859995633806354,1.0,1.0,1.0,1.0,0.0,1.0,1.0,1.0,1.0,0.0,0.928591628959276,1.0,0.9629738250604882,0.928591628959276,0.008563821669012532,0.9615384615384616,32.160086610221164,0.8230627920266792,15.90319536109459,0.7924223066789793,25.52583484830379,30.079914087328934,0.9764135273401222,442,17,26268,1088,0,0,0,4096,3513.743899999099,2026-08-11T14:07:55.391653+00:00
ae4da3c849f1934b,tamper,usc_sipi,sailboat,sailboat|512x512|8,512,512,3,splice,0.10,0.100204,B,8,0,20260811,44.165619176034284,0.9876954604702975,1.0,1.0,1.0,1.0,0.0,1.0,1.0,1.0,1.0,0.0,0.928591628959276,1.0,0.9629738250604882,0.928591628959276,0.008563821669012532,0.9615384615384616,30.855831016541853,0.8372849308035123,15.850673406477124,0.8060402210352199,25.46618059129839,29.976060783905375,0.9778369741301339,442,17,26268,1088,0,0,0,4096,3559.723100002884,2026-08-11T14:07:58.952390+00:00
26bbb485e4edb672,tamper,usc_sipi,sailboat,sailboat|512x512|8,512,512,3,splice,0.25,0.249397,A,8,0,20260811,43.31279376508352,0.9859995633806354,1.0,1.0,1.0,1.0,0.0,1.0,1.0,1.0,1.0,0.0,0.9502616279069768,1.0,0.9744965642653788,0.9502616279069768,0.017391215962107274,0.8344186046511628,27.50621925854698,0.6265306310115771,14.205238744813988,0.5375334978315526,19.99948530850489,22.565478112725607,0.8758828018936432,1075,178,65378,11392,0,0,0,4096,3099.567199999001,2026-08-11T14:08:02.053328+00:00
cea1d200396388b1,tamper,usc_sipi,sailboat,sailboat|512x512|8,512,512,3,splice,0.25,0.249397,B,8,0,20260811,44.165619176034284,0.9876954604702975,1.0,1.0,1.0,1.0,0.0,1.0,1.0,1.0,1.0,0.0,0.9502616279069768,1.0,0.9744965642653788,0.9502616279069768,0.017391215962107274,0.8344186046511628,26.619728669091415,0.6344001544208785,14.14498307491398,0.543708764314078,19.939293928725398,22.492630106931067,0.8775221290363558,1075,178,65378,11392,0,0,0,4096,2434.364500000811,2026-08-11T14:08:04.488773+00:00
58dcf70fe6f1f1ee,tamper,usc_sipi,sailboat,sailboat|512x512|8,512,512,3,splice,0.50,0.500122,A,8,0,20260811,43.31279376508352,0.9859995633806354,1.0,1.0,1.0,1.0,0.0,1.0,1.0,1.0,1.0,0.0,0.9440092165898617,1.0,0.9711982932321915,0.9440092165898617,0.05934065934065934,0.5059907834101383,27.646965360838127,0.3904434345837318,8.659382680584667,0.22240165299255635,11.368487050343159,14.298442178100316,0.5728178079312837,2170,1072,131104,68608,0,0,0,4096,2437.4919999972917,2026-08-11T14:08:06.927682+00:00
fe913d1ae386e623,tamper,usc_sipi,sailboat,sailboat|512x512|8,512,512,3,splice,0.50,0.500122,B,8,0,20260811,44.165619176034284,0.9876954604702975,1.0,1.0,1.0,1.0,0.0,1.0,1.0,1.0,1.0,0.0,0.9440092165898617,1.0,0.9711982932321915,0.9440092165898617,0.05934065934065934,0.5059907834101383,26.76497103346779,0.39038737719019617,8.634127115338677,0.22196061229425246,11.343378846366203,14.27853545707177,0.5725837584899295,2170,1072,131104,68608,0,0,0,4096,2218.8473000023805,2026-08-11T14:08:09.147724+00:00
df5efca9f356a084,tamper,usc_sipi,sailboat,sailboat|512x512|8,512,512,3,inpaint_removal,0.10,0.100029,A,8,0,20260811,43.31279376508352,0.9859995633806354,1.0,1.0,1.0,1.0,0.0,1.0,1.0,1.0,1.0,0.0,0.9104861111111111,1.0,0.9531460143215441,0.9104861111111111,0.010927340392163512,0.9688888888888889,28.048369840502517,0.7807401037949113,19.006217067942913,0.7620753719407444,28.1918417529222,36.734051526805544,0.9721554036274158,450,14,26222,896,1,0,0,4096,2327.0544999977574,2026-08-11T14:08:11.476107+00:00
89e1761e48f6044d,tamper,usc_sipi,sailboat,sailboat|512x512|8,512,512,3,inpaint_removal,0.10,0.100029,B,8,0,20260811,44.165619176034284,0.9876954604702975,1.0,1.0,1.0,1.0,0.0,1.0,1.0,1.0,1.0,0.0,0.9104861111111111,1.0,0.9531460143215441,0.9104861111111111,0.010927340392163512,0.9688888888888889,27.106755966810468,0.7777454402580213,18.85807300339374,0.7590797014251861,28.04720455685379,35.93051262778345,0.9717855141797701,450,14,26222,896,5,0,0,4096,2183.2783999998355,2026-08-11T14:08:13.660938+00:00
1df99e177ef99eb7,tamper,usc_sipi,sailboat,sailboat|512x512|8,512,512,3,inpaint_removal,0.25,0.250046,A,8,0,20260811,43.31279376508352,0.9859995633806354,1.0,1.0,1.0,1.0,0.0,1.0,1.0,1.0,1.0,0.0,0.9500811688311688,1.0,0.9744016649323621,0.9500811688311688,0.017518159067325886,0.7996289424860854,27.528548842083804,0.5911411285728205,13.48286436830598,0.49253225256479405,18.952377982166208,24.72304971492699,0.8611199120279927,1078,216,65548,13824,1,0,0,4096,2365.543699997943,2026-08-11T14:08:16.028120+00:00
e3d1693463240780,tamper,usc_sipi,sailboat,sailboat|512x512|8,512,512,3,inpaint_removal,0.25,0.250046,B,8,0,20260811,44.165619176034284,0.9876954604702975,1.0,1.0,1.0,1.0,0.0,1.0,1.0,1.0,1.0,0.0,0.9500811688311688,1.0,0.9744016649323621,0.9500811688311688,0.017518159067325886,0.7996289424860854,26.650126587523996,0.5956021284333539,13.432127384872585,0.4958024329858599,18.901789494015166,24.617367571544836,0.8619039466264078,1078,216,65548,13824,4,0,0,4096,3442.7528999985952,2026-08-11T14:08:19.472106+00:00
ceedda2d20b91fe4,tamper,usc_sipi,sailboat,sailboat|512x512|8,512,512,3,inpaint_removal,0.50,0.495396,A,8,0,20260811,43.31279376508352,0.9859995633806354,1.0,1.0,1.0,1.0,0.0,1.0,1.0,1.0,1.0,0.0,0.973208932853717,1.0,0.9864225897723172,0.973208932853717,0.027026209753626802,0.5458033573141488,27.953758758792095,0.4115856541097843,8.03547451464434,0.2431115673322668,10.975094566569659,18.87664232944991,0.6057048449761924,2085,947,129865,60608,1,0,0,4096,2511.0463999990316,2026-08-11T14:08:21.983967+00:00
cb3f9dee1623109b,tamper,usc_sipi,sailboat,sailboat|512x512|8,512,512,3,inpaint_removal,0.50,0.495396,B,8,0,20260811,44.165619176034284,0.9876954604702975,1.0,1.0,1.0,1.0,0.0,1.0,1.0,1.0,1.0,0.0,0.973208932853717,1.0,0.9864225897723172,0.973208932853717,0.027026209753626802,0.5458033573141488,26.7419745526492,0.41422588984535413,8.010424526180337,0.24423788120101658,10.950030014812471,18.827928761623284,0.6062377697459408,2085,947,129865,60608,1,0,0,4096,2864.8214000022563,2026-08-11T14:08:24.850460+00:00
6141f28eaa778bf5,tamper,usc_sipi,sailboat,sailboat|512x512|8,512,512,3,crop_refill,0.10,0.099926,A,8,0,20260811,43.31279376508352,0.9859995633806354,1.0,1.0,1.0,1.0,0.0,1.0,1.0,1.0,1.0,0.0,0.9302201704545454,1.0,0.963848771962101,0.9302201704545454,0.008328070896676825,0.9704545454545455,28.049092590751922,0.7357736339849608,20.4669712469421,0.7185363057417145,29.947794991483367,33.23637316060013,0.968540536764619,440,13,26195,832,0,0,0,4096,2156.9530999986455,2026-08-11T14:08:27.008732+00:00
5e60934d362519cb,tamper,usc_sipi,sailboat,sailboat|512x512|8,512,512,3,crop_refill,0.10,0.099926,B,8,0,20260811,44.165619176034284,0.9876954604702975,1.0,1.0,1.0,1.0,0.0,1.0,1.0,1.0,1.0,0.0,0.9302201704545454,1.0,0.963848771962101,0.9302201704545454,0.008328070896676825,0.9704545454545455,26.782727693608447,0.7525374691272395,20.208536220509515,0.734765677676422,29.697302302843376,32.74334454310225,0.9702970982055635,440,13,26195,832,0,0,0,4096,2097.6465999992797,2026-08-11T14:08:29.107437+00:00
7c670efc19078a2d,tamper,usc_sipi,sailboat,sailboat|512x512|8,512,512,3,crop_refill,0.25,0.250290,A,8,0,20260811,43.31279376508352,0.9859995633806354,1.0,1.0,1.0,1.0,0.0,1.0,1.0,1.0,1.0,0.0,0.9492476851851852,1.0,0.9739631267998694,0.9492476851851852,0.017849510512282986,0.8064814814814815,27.743400994134593,0.6446850368448738,12.144927503748962,0.5372956703200671,18.020464833938657,21.72828658387312,0.8721552970337528,1080,209,65612,13376,0,0,0,4096,2650.234400000045,2026-08-11T14:08:31.758818+00:00
09dded480097ba8d,tamper,usc_sipi,sailboat,sailboat|512x512|8,512,512,3,crop_refill,0.25,0.250290,B,8,0,20260811,44.165619176034284,0.9876954604702975,1.0,1.0,1.0,1.0,0.0,1.0,1.0,1.0,1.0,0.0,0.9492476851851852,1.0,0.9739631267998694,0.9492476851851852,0.017849510512282986,0.8064814814814815,26.860387461049335,0.6483393093012152,12.10894896648595,0.5400417053136394,17.981996740514823,21.675102354244466,0.8727397343160028,1080,209,65612,13376,0,0,0,4096,2564.193800000794,2026-08-11T14:08:34.323936+00:00
7c8157ae548535ee,tamper,usc_sipi,sailboat,sailboat|512x512|8,512,512,3,crop_refill,0.50,0.500511,A,8,0,20260811,43.31279376508352,0.9859995633806354,1.0,1.0,1.0,1.0,0.0,1.0,1.0,1.0,1.0,0.0,0.9553092963653308,1.0,0.9771439210575312,0.9553092963653308,0.04687714796315814,0.516309412861137,28.580472373081648,0.37907333271661986,7.023503423300542,0.21006491110167844,9.879862011499178,14.666707550314387,0.5717432146902411,2146,1038,131206,66432,0,0,0,4096,2256.7987000002177,2026-08-11T14:08:36.581867+00:00
6b8acc0b2f90fd81,tamper,usc_sipi,sailboat,sailboat|512x512|8,512,512,3,crop_refill,0.50,0.500511,B,8,0,20260811,44.165619176034284,0.9876954604702975,1.0,1.0,1.0,1.0,0.0,1.0,1.0,1.0,1.0,0.0,0.9553092963653308,1.0,0.9771439210575312,0.9553092963653308,0.04687714796315814,0.516309412861137,27.631007246634155,0.37895101251477215,7.0046463501802965,0.20976333154729218,9.860741726568447,14.656386336761305,0.5715987243996209,2146,1038,131206,66432,0,0,0,4096,3310.1759999990463,2026-08-11T14:08:39.893125+00:00
78f5c4edbd95b387,tamper,usc_sipi,sailboat,sailboat|512x512|8,512,512,3,noise,0.10,0.100460,A,8,0,20260811,43.31279376508352,0.9859995633806354,1.0,1.0,1.0,1.0,0.0,1.0,1.0,1.0,1.0,0.0,0.9144097222222223,1.0,0.9552915570871497,0.9144097222222223,0.010453375401278154,0.9533333333333334,29.769661196507705,0.7003349920880677,16.774961069499106,0.6689877148523882,26.44330215012786,31.314716062508733,0.9634592463413799,450,21,26335,1344,0,0,0,4096,2156.0207000002265,2026-08-11T14:08:42.050955+00:00
cf5e2141d6520c3f,tamper,usc_sipi,sailboat,sailboat|512x512|8,512,512,3,noise,0.10,0.100460,B,8,0,20260811,44.165619176034284,0.9876954604702975,1.0,1.0,1.0,1.0,0.0,1.0,1.0,1.0,1.0,0.0,0.9144097222222223,1.0,0.9552915570871497,0.9144097222222223,0.010453375401278154,0.9533333333333334,28.57614996346596,0.7141550971221684,16.69545609765387,0.6821961406363851,26.369391643228045,31.124153392283812,0.9649885476835235,450,21,26335,1344,0,0,0,4096,2845.2494999983173,2026-08-11T14:08:44.897900+00:00
e56396bffebf465c,tamper,usc_sipi,sailboat,sailboat|512x512|8,512,512,3,noise,0.25,0.250290,A,8,0,20260811,43.31279376508352,0.9859995633806354,1.0,1.0,1.0,1.0,0.0,1.0,1.0,1.0,1.0,0.0,0.9708214962121212,1.0,0.985194750593111,0.9708214962121212,0.010033989375775956,0.8229166666666666,28.302396430873202,0.6241831132634402,11.436909437923632,0.5251355687904534,17.254285934729086,21.114949165661976,0.8725061287881205,1056,187,65612,11968,0,0,0,4096,2697.2649000017554,2026-08-11T14:08:47.596503+00:00
3b60ad1ab22e8b0d,tamper,usc_sipi,sailboat,sailboat|512x512|8,512,512,3,noise,0.25,0.250290,B,8,0,20260811,44.165619176034284,0.9876954604702975,1.0,1.0,1.0,1.0,0.0,1.0,1.0,1.0,1.0,0.0,0.9708214962121212,1.0,0.985194750593111,0.9708214962121212,0.010033989375775956,0.8229166666666666,27.231247353023864,0.6333941402285781,11.400770001801096,0.5325635982048332,17.218215595453326,21.066704512147197,0.8743811520357331,1056,187,65612,11968,0,0,0,4096,2015.9561000000394,2026-08-11T14:08:49.613501+00:00
72e092e7cbea1fbf,tamper,usc_sipi,sailboat,sailboat|512x512|8,512,512,3,noise,0.50,0.500771,A,8,0,20260811,43.31279376508352,0.9859995633806354,1.0,1.0,1.0,1.0,0.0,1.0,1.0,1.0,1.0,0.0,0.982354525862069,1.0,0.9910987293606034,0.982354525862069,0.018017880339267975,0.5186781609195402,27.738625670908213,0.4143437295476861,8.762895777378262,0.23895653789061408,11.695168862397864,14.025954022060485,0.5942512426721223,2088,1005,131274,64320,0,0,0,4096,2100.3883999983373,2026-08-11T14:08:51.714608+00:00
d2dffc1459a93637,tamper,usc_sipi,sailboat,sailboat|512x512|8,512,512,3,noise,0.50,0.500771,B,8,0,20260811,44.165619176034284,0.9876954604702975,1.0,1.0,1.0,1.0,0.0,1.0,1.0,1.0,1.0,0.0,0.982354525862069,1.0,0.9910987293606034,0.982354525862069,0.018017880339267975,0.5186781609195402,26.850197626964274,0.41498797917056945,8.738542360543155,0.23894447333133892,11.670694840467995,14.020973962565455,0.5942329104263071,2088,1005,131274,64320,0,0,0,4096,2632.5925000019197,2026-08-11T14:08:54.353844+00:00
bfbc47cbddfc3f5f,tamper,usc_sipi,splash,splash|512x512|8,512,512,3,splice,0.10,0.100212,A,8,0,20260811,43.22135572156749,0.9718304660197988,1.0,1.0,1.0,1.0,0.0,1.0,1.0,1.0,1.0,0.0,0.9501591435185185,1.0,0.9744426722059423,0.9501591435185185,0.00584210213927775,0.9768518518518519,35.6119706458264,0.8784202274377746,20.270148629481067,0.8603293428983305,29.42788460404742,35.983357848578414,0.9841371083632535,432,10,26270,640,0,0,0,4096,3175.8273000014015,2026-08-11T14:08:57.530527+00:00
36addeaccf381a70,tamper,usc_sipi,splash,splash|512x512|8,512,512,3,splice,0.10,0.100212,B,8,0,20260811,43.91920640487299,0.9706369878509996,1.0,1.0,1.0,1.0,0.0,1.0,1.0,1.0,1.0,0.0,0.9501591435185185,1.0,0.9744426722059423,0.9501591435185185,0.00584210213927775,0.9768518518518519,33.11094637046688,0.8870429093116242,20.14616171424535,0.8687561165059176,29.319403103074162,35.580760481593295,0.9850433105957762,432,10,26270,640,0,0,0,4096,2959.6405000011146,2026-08-11T14:09:00.492296+00:00
663641bfbbcc6fef,tamper,usc_sipi,splash,splash|512x512|8,512,512,3,splice,0.25,0.249756,A,8,0,20260811,43.22135572156749,0.9718304660197988,1.0,1.0,1.0,1.0,0.0,1.0,1.0,1.0,1.0,0.0,0.9516279069767442,1.0,0.9752144899904671,0.9516279069767442,0.016921575008135372,0.8009302325581396,34.466192856820584,0.6017780466609202,12.704126757306772,0.4880651483240476,18.45653452641492,20.200378082419483,0.8605049624733251,1075,214,65472,13696,0,0,0,4096,2224.7912000020733,2026-08-11T14:09:02.719119+00:00
050ec32d64109549,tamper,usc_sipi,splash,splash|512x512|8,512,512,3,splice,0.25,0.249756,B,8,0,20260811,43.91920640487299,0.9706369878509996,1.0,1.0,1.0,1.0,0.0,1.0,1.0,1.0,1.0,0.0,0.9516279069767442,1.0,0.9752144899904671,0.9516279069767442,0.016921575008135372,0.8009302325581396,33.126326248351134,0.6184485318475589,12.655607836840474,0.5014084463732514,18.407287850732324,20.158087879550976,0.8640205928194389,1075,214,65472,13696,0,0,0,4096,2209.4775999976264,2026-08-11T14:09:04.930053+00:00
b5fde529f409d436,tamper,usc_sipi,splash,splash|512x512|8,512,512,3,splice,0.50,0.499969,A,8,0,20260811,43.22135572156749,0.9718304660197988,1.0,1.0,1.0,1.0,0.0,1.0,1.0,1.0,1.0,0.0,0.9696377840909091,1.0,0.9845848733435499,0.9696377840909091,0.031309124198962465,0.5440340909090908,33.55261075757713,0.41083387419660156,8.110342706426506,0.24629438757486766,11.019245198448075,14.190745400613238,0.6005052245932964,2112,963,131064,61632,0,0,0,4096,2203.5080999994534,2026-08-11T14:09:07.135205+00:00
ec73477554504e43,tamper,usc_sipi,splash,splash|512x512|8,512,512,3,splice,0.50,0.499969,B,8,0,20260811,43.91920640487299,0.9706369878509996,1.0,1.0,1.0,1.0,0.0,1.0,1.0,1.0,1.0,0.0,0.9696377840909091,1.0,0.9845848733435499,0.9696377840909091,0.031309124198962465,0.5440340909090908,31.335092482501217,0.41214411684345753,8.071811143114717,0.24594616121961424,10.979743999248049,14.152566207444416,0.6004444067745106,2112,963,131064,61632,0,0,0,4096,2256.2284999985422,2026-08-11T14:09:09.392474+00:00
814e3cb3a1fc1a41,tamper,usc_sipi,splash,splash|512x512|8,512,512,3,inpaint_removal,0.10,0.100239,A,8,0,20260811,43.22135572156749,0.9718304660197988,1.0,1.0,1.0,1.0,0.0,1.0,1.0,1.0,1.0,0.0,0.906353476821192,1.0,0.9508766216142865,0.906353476821192,0.011510724264097988,0.9690949227373068,35.264299363611315,0.8735985826556769,18.02089712562274,0.8464505203557541,27.68864713282231,38.29343822151563,0.9820991324298891,453,14,26277,896,4,0,0,4096,2379.9986000012723,2026-08-11T14:09:11.773413+00:00
13caddb826b35d66,tamper,usc_sipi,splash,splash|512x512|8,512,512,3,inpaint_removal,0.10,0.100239,B,8,0,20260811,43.91920640487299,0.9706369878509996,1.0,1.0,1.0,1.0,0.0,1.0,1.0,1.0,1.0,0.0,0.906353476821192,1.0,0.9508766216142865,0.906353476821192,0.011510724264097988,0.9690949227373068,32.461971289501484,0.877164182728358,17.91594774037838,0.8498647315630576,27.582272327048013,37.49685303099906,0.9824732346734093,453,14,26277,896,6,0,0,4096,2267.196900000272,2026-08-11T14:09:14.041613+00:00
e5eddf60a1c0e88c,tamper,usc_sipi,splash,splash|512x512|8,512,512,3,inpaint_removal,0.25,0.251808,A,8,0,20260811,43.22135572156749,0.9718304660197988,1.0,1.0,1.0,1.0,0.0,1.0,1.0,1.0,1.0,0.0,0.9436470722781336,1.0,0.9710066047866316,0.9436470722781336,0.02009850408394261,0.8096980786825252,34.26779247787912,0.6217412954935924,14.080291224594308,0.5130494071855439,19.861999724470394,28.9242480946714,0.865997266014816,1093,208,66010,13312,5,0,0,4096,2377.71569999677,2026-08-11T14:09:16.420266+00:00
9f7972f27d84f051,tamper,usc_sipi,splash,splash|512x512|8,512,512,3,inpaint_removal,0.25,0.251808,B,8,0,20260811,43.91920640487299,0.9706369878509996,1.0,1.0,1.0,1.0,0.0,1.0,1.0,1.0,1.0,0.0,0.9436470722781336,1.0,0.9710066047866316,0.9436470722781336,0.02009850408394261,0.8096980786825252,33.479690756859426,0.6401011324947777,14.02664313864184,0.5279224022894219,19.80716376103734,28.86078161000627,0.8699580444191263,1093,208,66010,13312,7,0,0,4096,2367.4503000002005,2026-08-11T14:09:18.789221+00:00
b89db99ec2322cd6,tamper,usc_sipi,splash,splash|512x512|8,512,512,3,inpaint_removal,0.50,0.496304,A,8,0,20260811,43.22135572156749,0.9718304660197988,1.0,1.0,1.0,1.0,0.0,1.0,1.0,1.0,1.0,0.0,0.9666473490252021,1.0,0.9830408583463986,0.9666473490252021,0.033997016078339305,0.5349500713266762,32.80746955018965,0.3854392468440254,8.459066718595409,0.22387495156381523,11.347393485956461,21.145185697184445,0.5902979875283404,2103,978,130103,62592,10,0,0,4096,2890.942600002745,2026-08-11T14:09:21.681223+00:00
2c93aeb82706d6f3,tamper,usc_sipi,splash,splash|512x512|8,512,512,3,inpaint_removal,0.50,0.496304,B,8,0,20260811,43.91920640487299,0.9706369878509996,1.0,1.0,1.0,1.0,0.0,1.0,1.0,1.0,1.0,0.0,0.9666473490252021,1.0,0.9830408583463986,0.9666473490252021,0.033997016078339305,0.5349500713266762,30.26073656563575,0.3905702475196441,8.41612695142893,0.2261290490522811,11.304308611658056,21.07011669225073,0.5914394558265926,2103,978,130103,62592,21,0,0,4096,2663.817200002086,2026-08-11T14:09:24.348398+00:00
ee4760c06c88abc4,tamper,usc_sipi,splash,splash|512x512|8,512,512,3,crop_refill,0.10,0.099819,A,8,0,20260811,43.22135572156749,0.9718304660197988,1.0,1.0,1.0,1.0,0.0,1.0,1.0,1.0,1.0,0.0,0.9085763888888889,1.0,0.9520985318463806,0.9085763888888889,0.011157867080266297,0.9688888888888889,33.977746375891215,0.8586346795575943,18.757846498963534,0.8318846073945015,28.48045173256082,35.60403920236792,0.9811784333500256,450,14,26167,896,0,0,0,4096,2195.794200000819,2026-08-11T14:09:26.546707+00:00
ff312d3af137673c,tamper,usc_sipi,splash,splash|512x512|8,512,512,3,crop_refill,0.10,0.099819,B,8,0,20260811,43.91920640487299,0.9706369878509996,1.0,1.0,1.0,1.0,0.0,1.0,1.0,1.0,1.0,0.0,0.9085763888888889,1.0,0.9520985318463806,0.9085763888888889,0.011157867080266297,0.9688888888888889,32.09834722326961,0.8705336110610673,18.66636482067062,0.8434029023862277,28.38991216089333,35.26880892442214,0.9823213351002599,450,14,26167,896,0,0,0,4096,2417.2256999991077,2026-08-11T14:09:28.965530+00:00
b1b697f3a811f165,tamper,usc_sipi,splash,splash|512x512|8,512,512,3,crop_refill,0.25,0.249355,A,8,0,20260811,43.22135572156749,0.9718304660197988,1.0,1.0,1.0,1.0,0.0,1.0,1.0,1.0,1.0,0.0,0.9119280133928571,1.0,0.9539355111749983,0.9119280133928571,0.032082001453421896,0.8017857142857143,33.63649808325707,0.614714687316701,11.00762714087774,0.5020622946865991,16.53681902921756,24.095219730571525,0.8558866012704573,1120,222,65367,14208,0,0,0,4096,2074.5853999978863,2026-08-11T14:09:31.041593+00:00
254b59ad0811b13c,tamper,usc_sipi,splash,splash|512x512|8,512,512,3,crop_refill,0.25,0.249355,B,8,0,20260811,43.91920640487299,0.9706369878509996,1.0,1.0,1.0,1.0,0.0,1.0,1.0,1.0,1.0,0.0,0.9119280133928571,1.0,0.9539355111749983,0.9119280133928571,0.032082001453421896,0.8017857142857143,31.449467217880105,0.6233371815272215,10.965585577006149,0.5090393025699758,16.495038687338457,24.02989082456214,0.857943825769803,1120,222,65367,14208,0,0,0,4096,2589.009999999689,2026-08-11T14:09:33.633037+00:00
3f54dcb21e278ea2,tamper,usc_sipi,splash,splash|512x512|8,512,512,3,crop_refill,0.50,0.500259,A,8,0,20260811,43.22135572156749,0.9718304660197988,1.0,1.0,1.0,1.0,0.0,1.0,1.0,1.0,1.0,0.0,0.9530523255813953,1.0,0.9759618962566049,0.9530523255813953,0.04931147140545327,0.5176744186046511,33.66353276836415,0.36131600472967584,8.184107953647958,0.19853198337166308,11.01333573270959,16.869979511311996,0.5621865857539876,2150,1037,131140,66368,0,0,0,4096,2161.914899999829,2026-08-11T14:09:35.795614+00:00
56871f409785768c,tamper,usc_sipi,splash,splash|512x512|8,512,512,3,crop_refill,0.50,0.500259,B,8,0,20260811,43.91920640487299,0.9706369878509996,1.0,1.0,1.0,1.0,0.0,1.0,1.0,1.0,1.0,0.0,0.9530523255813953,1.0,0.9759618962566049,0.9530523255813953,0.04931147140545327,0.5176744186046511,31.953421899529708,0.3676753858708193,8.144613158851762,0.20170214561904865,10.97377115637155,16.860021113455026,0.5639747691790057,2150,1037,131140,66368,0,0,0,4096,2689.504699999816,2026-08-11T14:09:38.485840+00:00
b1c26795afba4bc7,tamper,usc_sipi,splash,splash|512x512|8,512,512,3,noise,0.10,0.100060,A,8,0,20260811,43.22135572156749,0.9718304660197988,1.0,1.0,1.0,1.0,0.0,1.0,1.0,1.0,1.0,0.0,0.9487123842592593,1.0,0.9736812799287279,0.9487123842592593,0.006010664903312224,0.9768518518518519,35.21433997066817,0.8301148270704791,24.22108506485884,0.8131848222974956,33.84835414249589,33.60133241781693,0.9796129762599609,432,10,26230,640,0,0,0,4096,2645.4900999997335,2026-08-11T14:09:41.134202+00:00
bd4a8a79de881615,tamper,usc_sipi,splash,splash|512x512|8,512,512,3,noise,0.10,0.100060,B,8,0,20260811,43.91920640487299,0.9706369878509996,1.0,1.0,1.0,1.0,0.0,1.0,1.0,1.0,1.0,0.0,0.9487123842592593,1.0,0.9736812799287279,0.9487123842592593,0.006010664903312224,0.9768518518518519,34.912174326499546,0.8532312889272016,24.140282526413422,0.8356550108042927,33.65372672172417,33.48716675828455,0.9814317142045228,432,10,26230,640,0,0,0,4096,2654.777499999909,2026-08-11T14:09:43.789998+00:00
d28269f3bf63f2a8,tamper,usc_sipi,splash,splash|512x512|8,512,512,3,noise,0.25,0.250488,A,8,0,20260811,43.22135572156749,0.9718304660197988,1.0,1.0,1.0,1.0,0.0,1.0,1.0,1.0,1.0,0.0,0.9395604395604396,1.0,0.9688385269121813,0.9395604395604396,0.021498371335504887,0.8095238095238095,33.847679432065284,0.6447741867317751,11.884785684128907,0.5346649979782583,17.628550249767414,20.814403054956564,0.870729584778804,1092,208,65664,13312,0,0,0,4096,2305.5677999982436,2026-08-11T14:09:46.095755+00:00
cc00db9e0bc800cf,tamper,usc_sipi,splash,splash|512x512|8,512,512,3,noise,0.25,0.250488,B,8,0,20260811,43.91920640487299,0.9706369878509996,1.0,1.0,1.0,1.0,0.0,1.0,1.0,1.0,1.0,0.0,0.9395604395604396,1.0,0.9688385269121813,0.9395604395604396,0.021498371335504887,0.8095238095238095,31.95499868155258,0.6534358205746522,11.837625994912804,0.5411935122662594,17.581087068376583,20.780747218657435,0.8724754090586965,1092,208,65664,13312,0,0,0,4096,2129.589699998178,2026-08-11T14:09:48.227503+00:00
17f4da83eb5e912e,tamper,usc_sipi,splash,splash|512x512|8,512,512,3,noise,0.50,0.501266,A,8,0,20260811,43.22135572156749,0.9718304660197988,1.0,1.0,1.0,1.0,0.0,1.0,1.0,1.0,1.0,0.0,0.9585375816993464,1.0,0.9788299092710397,0.9585375816993464,0.04347560042833104,0.5312791783380019,34.31533730200763,0.37252951826798375,8.937535065130474,0.21268528632521108,11.789730252520815,14.077877381429623,0.5735708218195937,2142,1004,131404,64256,0,0,0,4096,3605.5282999986957,2026-08-11T14:09:51.834436+00:00
e1d66fd7c9eac597,tamper,usc_sipi,splash,splash|512x512|8,512,512,3,noise,0.50,0.501266,B,8,0,20260811,43.91920640487299,0.9706369878509996,1.0,1.0,1.0,1.0,0.0,1.0,1.0,1.0,1.0,0.0,0.9585375816993464,1.0,0.9788299092710397,0.9585375816993464,0.04347560042833104,0.5312791783380019,32.87106063737369,0.3797797352570157,8.895804795394127,0.21642225476842744,11.747554416258035,14.072841116253835,0.5754428572585556,2142,1004,131404,64256,0,0,0,4096,2924.3415000019013,2026-08-11T14:09:54.759877+00:00
15cb8765d70b5fe4,tamper,usc_sipi,tiffany,tiffany|512x512|8,512,512,3,splice,0.10,0.100323,A,8,0,20260811,42.532190974532426,0.9804556319641202,1.0,1.0,1.0,1.0,0.0,1.0,1.0,1.0,1.0,0.0,0.8856074892241379,1.0,0.9393338690954549,0.8856074892241379,0.01440352774067714,0.9461206896551724,30.40724564523436,0.7435868821683221,14.767176756618081,0.7026512793326043,24.33044507266334,31.8175846944877,0.9657142027432516,464,25,26299,1600,0,0,0,4096,3094.091099999787,2026-08-11T14:09:57.855002+00:00
8b0292ac89633a4a,tamper,usc_sipi,tiffany,tiffany|512x512|8,512,512,3,splice,0.10,0.100323,B,8,0,20260811,44.34644909631791,0.9832640731480323,1.0,1.0,1.0,1.0,0.0,1.0,1.0,1.0,1.0,0.0,0.8856074892241379,1.0,0.9393338690954549,0.8856074892241379,0.01440352774067714,0.9461206896551724,30.071612457878743,0.7652150117938505,14.708191592577606,0.7230091029584844,24.271790354948468,31.73593570150599,0.9679081243111519,464,25,26299,1600,0,0,0,4096,2958.299199999601,2026-08-11T14:10:00.814112+00:00
751a89d1fa2414da,tamper,usc_sipi,tiffany,tiffany|512x512|8,512,512,3,splice,0.25,0.250580,A,8,0,20260811,42.532190974532426,0.9804556319641202,1.0,1.0,1.0,1.0,0.0,1.0,1.0,1.0,1.0,0.0,0.9196908602150538,1.0,0.9581655872571329,0.9196908602150538,0.029197377529828563,0.825268817204301,32.37663607483592,0.61079700739486,9.127297750711925,0.5045354638950024,14.770058540407847,22.79263566402058,0.8603522254550375,1116,195,65688,12480,0,0,0,4096,2684.049600000435,2026-08-11T14:10:03.500026+00:00
06c77e016e3f0018,tamper,usc_sipi,tiffany,tiffany|512x512|8,512,512,3,splice,0.25,0.250580,B,8,0,20260811,44.34644909631791,0.9832640731480323,1.0,1.0,1.0,1.0,0.0,1.0,1.0,1.0,1.0,0.0,0.9196908602150538,1.0,0.9581655872571329,0.9196908602150538,0.029197377529828563,0.825268817204301,31.49110575085814,0.6209297651467237,9.080421416092463,0.5128035287907106,14.72332275247653,22.742000029031466,0.8625748594937446,1116,195,65688,12480,0,0,0,4096,2505.7282999987365,2026-08-11T14:10:06.006686+00:00
9fce893e96237f0a,tamper,usc_sipi,tiffany,tiffany|512x512|8,512,512,3,splice,0.50,0.500721,A,8,0,20260811,42.532190974532426,0.9804556319641202,1.0,1.0,1.0,1.0,0.0,1.0,1.0,1.0,1.0,0.0,0.9390811011904762,1.0,0.9685836251139143,0.9390811011904762,0.06505810533071522,0.4990842490842491,31.16253685600396,0.31381405634967724,4.59251861034938,0.1588952016066915,7.303547828964354,16.790521906278663,0.5299611196546011,2184,1094,131261,70016,0,0,0,4096,2626.965099996596,2026-08-11T14:10:08.634963+00:00
da35dc1e5d2bea29,tamper,usc_sipi,tiffany,tiffany|512x512|8,512,512,3,splice,0.50,0.500721,B,8,0,20260811,44.34644909631791,0.9832640731480323,1.0,1.0,1.0,1.0,0.0,1.0,1.0,1.0,1.0,0.0,0.9390811011904762,1.0,0.9685836251139143,0.9390811011904762,0.06505810533071522,0.4990842490842491,30.623598224722585,0.3210526932511807,4.548217684397764,0.16241669043967907,7.25926704989364,16.75027567656137,0.5319571603064704,2184,1094,131261,70016,0,0,0,4096,2311.3258999983373,2026-08-11T14:10:10.947746+00:00
7f6a68ea363e3955,tamper,usc_sipi,tiffany,tiffany|512x512|8,512,512,3,inpaint_removal,0.10,0.099907,A,8,0,20260811,42.532190974532426,0.9804556319641202,1.0,1.0,1.0,1.0,0.0,1.0,1.0,1.0,1.0,0.0,0.9134347098214286,1.0,0.9547592140279246,0.9134347098214286,0.01051899946599761,0.9620535714285714,30.910684294912656,0.8126992982861516,17.003185239486825,0.7868138307322586,25.85412794846496,38.81035170848051,0.9741949915354385,448,17,26190,1088,6,0,0,4096,2431.338999998843,2026-08-11T14:10:13.381036+00:00
8b1312c46f7a8d78,tamper,usc_sipi,tiffany,tiffany|512x512|8,512,512,3,inpaint_removal,0.10,0.099907,B,8,0,20260811,44.34644909631791,0.9832640731480323,1.0,1.0,1.0,1.0,0.0,1.0,1.0,1.0,1.0,0.0,0.9134347098214286,1.0,0.9547592140279246,0.9134347098214286,0.01051899946599761,0.9620535714285714,30.383771917515453,0.8284529116743621,16.933659912451137,0.8020336942426901,25.788360143223834,38.49872189632235,0.9758427317737769,448,17,26190,1088,13,0,0,4096,3591.909900002065,2026-08-11T14:10:16.974883+00:00
9c11bd8e70b25683,tamper,usc_sipi,tiffany,tiffany|512x512|8,512,512,3,inpaint_removal,0.25,0.246990,A,8,0,20260811,42.532190974532426,0.9804556319641202,1.0,1.0,1.0,1.0,0.0,1.0,1.0,1.0,1.0,0.0,0.9410901162790698,1.0,0.9696511340576726,0.9410901162790698,0.020532226933540024,0.8390697674418605,31.402586292063344,0.6205629610112966,9.646581839345291,0.5236560604245075,15.386605934640459,32.25247570426979,0.8687980298555731,1075,173,64747,11072,9,0,0,4096,2893.292599997949,2026-08-11T14:10:19.869437+00:00
3ecbc64a77936d99,tamper,usc_sipi,tiffany,tiffany|512x512|8,512,512,3,inpaint_removal,0.25,0.246990,B,8,0,20260811,44.34644909631791,0.9832640731480323,1.0,1.0,1.0,1.0,0.0,1.0,1.0,1.0,1.0,0.0,0.9410901162790698,1.0,0.9696511340576726,0.9410901162790698,0.020532226933540024,0.8390697674418605,30.867738337227905,0.6364189900993809,9.59749646549607,0.5368989331413986,15.337964047430015,32.113195210592465,0.8721613261441653,1075,173,64747,11072,16,0,0,4096,2357.3106000003463,2026-08-11T14:10:22.228654+00:00
e7cf538eb9bbb2ae,tamper,usc_sipi,tiffany,tiffany|512x512|8,512,512,3,inpaint_removal,0.50,0.490623,A,8,0,20260811,42.532190974532426,0.9804556319641202,1.0,1.0,1.0,1.0,0.0,1.0,1.0,1.0,1.0,0.0,0.9708182367149758,1.0,0.9851930722268608,0.9708182367149758,0.0289522953643376,0.5371980676328503,31.022624125649102,0.3225197958298293,5.454744634491561,0.17655561154318372,8.385107965174196,23.226353696150813,0.5719502294534368,2070,958,128614,61312,13,0,0,4096,3413.310799998726,2026-08-11T14:10:25.643463+00:00
847c1103f6b1d0a3,tamper,usc_sipi,tiffany,tiffany|512x512|8,512,512,3,inpaint_removal,0.50,0.490623,B,8,0,20260811,44.34644909631791,0.9832640731480323,1.0,1.0,1.0,1.0,0.0,1.0,1.0,1.0,1.0,0.0,0.9708182367149758,1.0,0.9851930722268608,0.9708182367149758,0.0289522953643376,0.5371980676328503,30.22410272943177,0.333005440878151,5.407269163504115,0.18208898444813088,8.337482645644952,23.207494528366347,0.5746790651779576,2070,958,128614,61312,36,0,0,4096,2554.216800002905,2026-08-11T14:10:28.199627+00:00
21b6703545183971,tamper,usc_sipi,tiffany,tiffany|512x512|8,512,512,3,crop_refill,0.10,0.100285,A,8,0,20260811,42.532190974532426,0.9804556319641202,1.0,1.0,1.0,1.0,0.0,1.0,1.0,1.0,1.0,0.0,0.9508463541666666,1.0,0.9748039379275822,0.9508463541666666,0.00576201479722711,0.9699074074074074,32.47745872699043,0.8312789769085147,16.5610981591771,0.8052018596110915,26.48570509888731,38.255796863477094,0.978755530559161,432,13,26289,832,0,0,0,4096,2881.3778000003367,2026-08-11T14:10:31.083377+00:00
f366edf87883545c,tamper,usc_sipi,tiffany,tiffany|512x512|8,512,512,3,crop_refill,0.10,0.100285,B,8,0,20260811,44.34644909631791,0.9832640731480323,1.0,1.0,1.0,1.0,0.0,1.0,1.0,1.0,1.0,0.0,0.9508463541666666,1.0,0.9748039379275822,0.9508463541666666,0.00576201479722711,0.9699074074074074,31.52390428920444,0.8445508285075702,16.49555478534338,0.8180577134750584,26.417491109198593,37.87076855343494,0.9800605461842412,432,13,26289,832,0,0,0,4096,2949.8254999998608,2026-08-11T14:10:34.036353+00:00
a151e3c5315bb4c4,tamper,usc_sipi,tiffany,tiffany|512x512|8,512,512,3,crop_refill,0.25,0.249802,A,8,0,20260811,42.532190974532426,0.9804556319641202,1.0,1.0,1.0,1.0,0.0,1.0,1.0,1.0,1.0,0.0,0.9242886178861789,1.0,0.9606548719302879,0.9242886178861789,0.027275500864436083,0.7922312556458898,32.108990821563374,0.5852272770439352,8.34103668299261,0.46687658657871034,13.949418058730863,29.54101733609532,0.8483740027581597,1107,230,65484,14720,0,0,0,4096,3427.5619000000006,2026-08-11T14:10:37.466026+00:00
a4d4792647a04a55,tamper,usc_sipi,tiffany,tiffany|512x512|8,512,512,3,crop_refill,0.25,0.249802,B,8,0,20260811,44.34644909631791,0.9832640731480323,1.0,1.0,1.0,1.0,0.0,1.0,1.0,1.0,1.0,0.0,0.9242886178861789,1.0,0.9606548719302879,0.9242886178861789,0.027275500864436083,0.7922312556458898,31.389185218612624,0.5952937712937676,8.296069424288548,0.47481657758794626,13.904400314820673,29.473818166583484,0.8505920425906339,1107,230,65484,14720,3,0,0,4096,3920.497200000682,2026-08-11T14:10:41.387213+00:00
a728c3d2fad94333,tamper,usc_sipi,tiffany,tiffany|512x512|8,512,512,3,crop_refill,0.50,0.499012,A,8,0,20260811,42.532190974532426,0.9804556319641202,1.0,1.0,1.0,1.0,0.0,1.0,1.0,1.0,1.0,0.0,0.9677808357007576,1.0,0.9836266500238738,0.9677808357007576,0.03316048762287655,0.5359848484848485,31.094055985618162,0.3454870189832562,5.102321920433689,0.18911351829281375,7.95183479523074,21.175453881609595,0.5699092911006033,2112,980,130813,62720,1,0,0,4096,4181.727200000751,2026-08-11T14:10:45.574203+00:00
c8ef42b178411e0d,tamper,usc_sipi,tiffany,tiffany|512x512|8,512,512,3,crop_refill,0.50,0.499012,B,8,0,20260811,44.34644909631791,0.9832640731480323,1.0,1.0,1.0,1.0,0.0,1.0,1.0,1.0,1.0,0.0,0.9677808357007576,1.0,0.9836266500238738,0.9677808357007576,0.03316048762287655,0.5359848484848485,30.502679939832387,0.3531939642586394,5.057119125473174,0.19315880201314575,7.905883845889436,21.172340769004457,0.5720227979666176,2112,980,130813,62720,1,0,0,4096,3642.1264999989944,2026-08-11T14:10:49.220216+00:00
167d9ecf658d7cc1,tamper,usc_sipi,tiffany,tiffany|512x512|8,512,512,3,noise,0.10,0.100204,A,8,0,20260811,42.532190974532426,0.9804556319641202,1.0,1.0,1.0,1.0,0.0,1.0,1.0,1.0,1.0,0.0,0.965735294117647,1.0,0.982569013241565,0.965735294117647,0.003951228611643406,0.971764705882353,30.646807054445205,0.785389702927991,18.139394878248204,0.7644819380054018,27.881488318818096,33.05183663505988,0.9739267248287584,425,12,26268,768,0,0,0,4096,2315.606199998001,2026-08-11T14:10:51.537953+00:00
d2dc34a7201387f8,tamper,usc_sipi,tiffany,tiffany|512x512|8,512,512,3,noise,0.10,0.100204,B,8,0,20260811,44.34644909631791,0.9832640731480323,1.0,1.0,1.0,1.0,0.0,1.0,1.0,1.0,1.0,0.0,0.965735294117647,1.0,0.982569013241565,0.965735294117647,0.003951228611643406,0.971764705882353,30.43160845835798,0.8103525065127138,18.090693986024167,0.7887959591666481,27.8337678715785,32.97700839023025,0.9764529289008577,425,12,26268,768,0,0,0,4096,2297.632899997552,2026-08-11T14:10:53.837969+00:00
c91487f9457521f3,tamper,usc_sipi,tiffany,tiffany|512x512|8,512,512,3,noise,0.25,0.250385,A,8,0,20260811,42.532190974532426,0.9804556319641202,1.0,1.0,1.0,1.0,0.0,1.0,1.0,1.0,1.0,0.0,0.9638892152255639,1.0,0.9816126161829914,0.9638892152255639,0.0125135491356542,0.8233082706766918,30.97934741948974,0.591321827865146,9.226014251798476,0.48775220209687703,15.100567121475422,20.36167599985457,0.8612066450284764,1064,188,65637,12032,0,0,0,4096,2317.7240999975766,2026-08-11T14:10:56.157336+00:00
555fb337ebdbac2c,tamper,usc_sipi,tiffany,tiffany|512x512|8,512,512,3,noise,0.25,0.250385,B,8,0,20260811,44.34644909631791,0.9832640731480323,1.0,1.0,1.0,1.0,0.0,1.0,1.0,1.0,1.0,0.0,0.9638892152255639,1.0,0.9816126161829914,0.9638892152255639,0.0125135491356542,0.8233082706766918,30.523994983774543,0.6069134467045605,9.178676303041215,0.5004919845845318,15.053308600500426,20.293372679164634,0.8645107961163312,1064,188,65637,12032,0,0,0,4096,2242.791799999395,2026-08-11T14:10:58.401757+00:00
84007d79600ed1c5,tamper,usc_sipi,tiffany,tiffany|512x512|8,512,512,3,noise,0.50,0.499512,A,8,0,20260811,42.532190974532426,0.9804556319641202,1.0,1.0,1.0,1.0,0.0,1.0,1.0,1.0,1.0,0.0,0.9673758865248226,1.0,0.9834174477289114,0.9673758865248226,0.033658536585365856,0.5271867612293144,31.936082962870888,0.3206148933765404,4.782812881321778,0.171092381469612,7.660158709424439,12.950090275475308,0.5530705620169912,2115,1000,130944,64000,0,0,0,4096,2556.671299997106,2026-08-11T14:11:00.959459+00:00
28510e253a83b21d,tamper,usc_sipi,tiffany,tiffany|512x512|8,512,512,3,noise,0.50,0.499512,B,8,0,20260811,44.34644909631791,0.9832640731480323,1.0,1.0,1.0,1.0,0.0,1.0,1.0,1.0,1.0,0.0,0.9673758865248226,1.0,0.9834174477289114,0.9673758865248226,0.033658536585365856,0.5271867612293144,31.34513076257109,0.3278463207532251,4.738563420736336,0.17479270233849106,7.615702411900624,12.887777345302723,0.5549614678248495,2115,1000,130944,64000,0,0,0,4096,2260.196700000961,2026-08-11T14:11:03.221102+00:00
fb34b5da8b06cfd1,tamper,kodak,kodim01,kodim01|512x768|8,768,512,3,splice,0.10,0.099808,A,8,0,20260811,43.321851400078586,0.991041960406196,1.0,1.0,1.0,1.0,0.0,1.0,1.0,1.0,1.0,0.0,0.8760267857142857,1.0,0.9339171406134736,0.8760267857142857,0.015690595248184874,0.9542857142857143,25.90737488171351,0.7136859703129554,18.7033001858633,0.6808980765860869,28.441825245647397,32.27524437609237,0.9631614058948825,700,32,39246,2048,0,0,0,6144,7686.1879999996745,2026-08-11T14:11:10.909126+00:00
e630a964bb539d20,tamper,kodak,kodim01,kodim01|512x768|8,768,512,3,splice,0.10,0.099808,B,8,0,20260811,44.458633247994975,0.9927848179927817,1.0,1.0,1.0,1.0,0.0,1.0,1.0,1.0,1.0,0.0,0.8760267857142857,1.0,0.9339171406134736,0.8760267857142857,0.015690595248184874,0.9542857142857143,24.74725436892062,0.7057110718276562,18.46255911078877,0.6731720693956104,28.206320495179334,31.75089195581648,0.9625933968561758,700,32,39246,2048,0,0,0,6144,8079.720699999598,2026-08-11T14:11:18.994730+00:00
1a9f331a447093e7,tamper,kodak,kodim01,kodim01|512x768|8,768,512,3,splice,0.25,0.249825,A,8,0,20260811,43.321851400078586,0.991041960406196,1.0,1.0,1.0,1.0,0.0,1.0,1.0,1.0,1.0,0.0,0.9877232142857143,1.0,0.9938236945536215,0.9877232142857143,0.004139249646587407,0.8024453024453024,24.713192810854085,0.571067814810579,13.534743387916674,0.4708935622190008,19.49081196012476,23.57336816961915,0.8604506677770312,1554,307,98235,19648,0,0,0,6144,4212.9612999997335,2026-08-11T14:11:23.210759+00:00
fa0640d0d3b04060,tamper,kodak,kodim01,kodim01|512x768|8,768,512,3,splice,0.25,0.249825,B,8,0,20260811,44.458633247994975,0.9927848179927817,1.0,1.0,1.0,1.0,0.0,1.0,1.0,1.0,1.0,0.0,0.9877232142857143,1.0,0.9938236945536215,0.9877232142857143,0.004139249646587407,0.8024453024453024,24.166674210696364,0.5725307714370765,13.487119833585355,0.47128285495843325,19.443612146541472,23.49109347532524,0.860626657234445,1554,307,98235,19648,0,0,0,6144,3469.9964999999793,2026-08-11T14:11:26.684744+00:00
af82b10267a412f5,tamper,kodak,kodim01,kodim01|512x768|8,768,512,3,splice,0.50,0.500107,A,8,0,20260811,43.321851400078586,0.991041960406196,1.0,1.0,1.0,1.0,0.0,1.0,1.0,1.0,1.0,0.0,0.9662441037735849,1.0,0.9828322962740835,0.9662441037735849,0.034950093098501264,0.520440251572327,25.154725547921565,0.3850494241616362,10.118042519536877,0.2190055633551483,12.999337822040761,17.536738378541564,0.5839423854680929,3180,1525,196650,97600,1,0,0,6144,4585.557200000039,2026-08-11T14:11:31.272915+00:00
b439a671e4f2965b,tamper,kodak,kodim01,kodim01|512x768|8,768,512,3,splice,0.50,0.500107,B,8,0,20260811,44.458633247994975,0.9927848179927817,1.0,1.0,1.0,1.0,0.0,1.0,1.0,1.0,1.0,0.0,0.9662441037735849,1.0,0.9828322962740835,0.9662441037735849,0.034950093098501264,0.520440251572327,24.47739487560023,0.3828063834734064,10.093099976356772,0.21693782318772226,12.974125331279787,17.507116040462293,0.5828459369824815,3180,1525,196650,97600,0,0,0,6144,3868.038599997817,2026-08-11T14:11:35.143570+00:00
52385e48d3a458dd,tamper,kodak,kodim01,kodim01|512x768|8,768,512,3,inpaint_removal,0.10,0.099851,A,8,0,20260811,43.321851400078586,0.991041960406196,1.0,1.0,1.0,1.0,0.0,1.0,1.0,1.0,1.0,0.0,0.9211477102102102,1.0,0.9589556339834162,0.9211477102102102,0.009495610999200458,0.9654654654654655,23.63564449509468,0.6731592373608468,19.147703948101846,0.6536655815877868,28.424529615546028,32.942548273882366,0.9615010570611487,666,23,39263,1472,7,0,0,6144,4726.003399999172,2026-08-11T14:11:39.872362+00:00
2a3f44003e881348,tamper,kodak,kodim01,kodim01|512x768|8,768,512,3,inpaint_removal,0.10,0.099851,B,8,0,20260811,44.458633247994975,0.9927848179927817,1.0,1.0,1.0,1.0,0.0,1.0,1.0,1.0,1.0,0.0,0.9211477102102102,1.0,0.9589556339834162,0.9211477102102102,0.009495610999200458,0.9654654654654655,23.06786622122754,0.6802276044609427,18.932778647669128,0.6603439894042865,28.228269635691007,32.438114409943395,0.9623540747844274,666,23,39263,1472,4,0,0,6144,4244.166399999813,2026-08-11T14:11:44.119314+00:00
19b6bf0318436da8,tamper,kodak,kodim01,kodim01|512x768|8,768,512,3,inpaint_removal,0.25,0.249115,A,8,0,20260811,43.321851400078586,0.991041960406196,1.0,1.0,1.0,1.0,0.0,1.0,1.0,1.0,1.0,0.0,0.9626179245283019,1.0,0.9809529531935348,0.9626179245283019,0.012883560251981304,0.7974842767295598,24.665370816604533,0.5513591420176192,13.048719301319895,0.45340620582699215,18.803717116824316,26.1092617155431,0.8540259703020908,1590,322,97956,20608,11,0,0,6144,4773.024699999951,2026-08-11T14:11:48.896212+00:00
60ddbc5d7325a7b1,tamper,kodak,kodim01,kodim01|512x768|8,768,512,3,inpaint_removal,0.25,0.249115,B,8,0,20260811,44.458633247994975,0.9927848179927817,1.0,1.0,1.0,1.0,0.0,1.0,1.0,1.0,1.0,0.0,0.9626179245283019,1.0,0.9809529531935348,0.9626179245283019,0.012883560251981304,0.7974842767295598,23.81326186589338,0.546205050277587,12.985505041879202,0.44853633115946084,18.741206242628152,25.844199112711564,0.8526446239674925,1590,322,97956,20608,14,0,0,6144,4714.467300000251,2026-08-11T14:11:53.613391+00:00
6d72d995269a76e1,tamper,kodak,kodim01,kodim01|512x768|8,768,512,3,inpaint_removal,0.50,0.498413,A,8,0,20260811,43.321851400078586,0.991041960406196,1.0,1.0,1.0,1.0,0.0,1.0,1.0,1.0,1.0,0.0,0.9712178877259753,1.0,0.9853988174248824,0.9712178877259753,0.029447554149428085,0.5118934348239772,25.83820842759646,0.37463455629511316,10.204683662883532,0.21206841844248214,13.093161379534372,21.890763266707587,0.5840582593501342,3153,1539,195984,98496,22,0,0,6144,4884.137300003204,2026-08-11T14:11:58.499442+00:00
dc472f786607416c,tamper,kodak,kodim01,kodim01|512x768|8,768,512,3,inpaint_removal,0.50,0.498413,B,8,0,20260811,44.458633247994975,0.9927848179927817,1.0,1.0,1.0,1.0,0.0,1.0,1.0,1.0,1.0,0.0,0.9712178877259753,1.0,0.9853988174248824,0.9712178877259753,0.029447554149428085,0.5118934348239772,25.190977069124813,0.37367042952986584,10.181939419555093,0.21069906343264586,13.070148213073026,21.81685152452743,0.5833286561471329,3153,1539,195984,98496,31,0,0,6144,4083.797400002368,2026-08-11T14:12:02.586633+00:00
85b8eed7da5f2b03,tamper,kodak,kodim01,kodim01|512x768|8,768,512,3,crop_refill,0.10,0.099742,A,8,0,20260811,43.321851400078586,0.991041960406196,1.0,1.0,1.0,1.0,0.0,1.0,1.0,1.0,1.0,0.0,0.9456983024691358,1.0,0.9720914093094731,0.9456983024691358,0.006361653803997785,0.9645061728395061,26.021232843755385,0.7177096752200539,20.087246447062324,0.6959139916938917,29.728946817825825,33.848099664858346,0.96708784883088,648,23,39220,1472,0,0,0,6144,3499.4890999987547,2026-08-11T14:12:06.088420+00:00
fa7b7b1689255dc6,tamper,kodak,kodim01,kodim01|512x768|8,768,512,3,crop_refill,0.10,0.099742,B,8,0,20260811,44.458633247994975,0.9927848179927817,1.0,1.0,1.0,1.0,0.0,1.0,1.0,1.0,1.0,0.0,0.9456983024691358,1.0,0.9720914093094731,0.9456983024691358,0.006361653803997785,0.9645061728395061,24.974770561589782,0.7131435748130001,19.794145071647694,0.6911495033892996,29.44921587928143,33.18989568721571,0.9666530297737914,648,23,39220,1472,0,0,0,6144,3224.73539999919,2026-08-11T14:12:09.315962+00:00
87320b3164d46443,tamper,kodak,kodim01,kodim01|512x768|8,768,512,3,crop_refill,0.25,0.249481,A,8,0,20260811,43.321851400078586,0.991041960406196,1.0,1.0,1.0,1.0,0.0,1.0,1.0,1.0,1.0,0.0,0.9610109717868338,1.0,0.9801178938954941,0.9610109717868338,0.01348622236679814,0.8,25.350235763109854,0.5854633513236384,13.883019929479554,0.4850441412945178,19.605716639047575,25.77276267598789,0.8602984317446364,1595,319,98100,20416,0,0,0,6144,3155.7284999980766,2026-08-11T14:12:12.474051+00:00
bc22d2c9bf2b04fa,tamper,kodak,kodim01,kodim01|512x768|8,768,512,3,crop_refill,0.25,0.249481,B,8,0,20260811,44.458633247994975,0.9927848179927817,1.0,1.0,1.0,1.0,0.0,1.0,1.0,1.0,1.0,0.0,0.9610109717868338,1.0,0.9801178938954941,0.9610109717868338,0.01348622236679814,0.8,24.519920983585145,0.5802573072057877,13.818901660868692,0.4800966399495457,19.54548058984726,25.57798146781447,0.8591293452033838,1595,319,98100,20416,0,0,0,6144,3553.662800000893,2026-08-11T14:12:16.030861+00:00
5a6130cbecf65a21,tamper,kodak,kodim01,kodim01|512x768|8,768,512,3,crop_refill,0.50,0.499878,A,8,0,20260811,43.321851400078586,0.991041960406196,1.0,1.0,1.0,1.0,0.0,1.0,1.0,1.0,1.0,0.0,0.9676275992438563,1.0,0.9835474960970337,0.9676275992438563,0.033439101781791554,0.5148078134845621,25.06330586212675,0.38969728174457946,10.120197683745912,0.22009483723765777,12.97234925585501,18.730033704024336,0.5865011881509151,3174,1540,196560,98560,0,0,0,6144,4088.674300001003,2026-08-11T14:12:20.122523+00:00
973b56f2617881c2,tamper,kodak,kodim01,kodim01|512x768|8,768,512,3,crop_refill,0.50,0.499878,B,8,0,20260811,44.458633247994975,0.9927848179927817,1.0,1.0,1.0,1.0,0.0,1.0,1.0,1.0,1.0,0.0,0.9676275992438563,1.0,0.9835474960970337,0.9676275992438563,0.033439101781791554,0.5148078134845621,24.360006149718455,0.3864410913652917,10.094377435675518,0.21763363590982196,12.94707935428706,18.689641325467527,0.5852467755341697,3174,1540,196560,98560,0,0,0,6144,3513.471699996444,2026-08-11T14:12:23.637586+00:00
d2d253d8dd8d66e8,tamper,kodak,kodim01,kodim01|512x768|8,768,512,3,noise,0.10,0.099976,A,8,0,20260811,43.321851400078586,0.991041960406196,1.0,1.0,1.0,1.0,0.0,1.0,1.0,1.0,1.0,0.0,0.91,1.0,0.9528795811518325,0.91,0.0109860301098603,0.9585185185185185,26.642693897078114,0.7295085153612122,20.522192598634064,0.7023761950734821,30.1528593451992,30.80711875007554,0.9670673579892238,675,28,39312,1792,0,0,0,6144,3348.613699999987,2026-08-11T14:12:26.989275+00:00
32644669b6d87516,tamper,kodak,kodim01,kodim01|512x768|8,768,512,3,noise,0.10,0.099976,B,8,0,20260811,44.458633247994975,0.9927848179927817,1.0,1.0,1.0,1.0,0.0,1.0,1.0,1.0,1.0,0.0,0.91,1.0,0.9528795811518325,0.91,0.0109860301098603,0.9585185185185185,26.211061779721454,0.7465690775490603,20.402090964177546,0.718498415072005,30.04142944438335,30.70491258207159,0.9687866368973285,675,28,39312,1792,0,0,0,6144,3333.733799998299,2026-08-11T14:12:30.327323+00:00
348f5c5a1465af3c,tamper,kodak,kodim01,kodim01|512x768|8,768,512,3,noise,0.25,0.250381,A,8,0,20260811,43.321851400078586,0.991041960406196,1.0,1.0,1.0,1.0,0.0,1.0,1.0,1.0,1.0,0.0,0.9554930124223603,1.0,0.9772400170724688,0.9554930124223603,0.015558314843840114,0.8006211180124223,26.35541824533322,0.5825448647472131,13.918867039947212,0.4775952176741852,19.761074729391005,21.88039008785985,0.8616183468590316,1610,321,98454,20544,0,0,0,6144,3317.7448000024015,2026-08-11T14:12:33.647783+00:00
fb63d4135a832150,tamper,kodak,kodim01,kodim01|512x768|8,768,512,3,noise,0.25,0.250381,B,8,0,20260811,44.458633247994975,0.9927848179927817,1.0,1.0,1.0,1.0,0.0,1.0,1.0,1.0,1.0,0.0,0.9554930124223603,1.0,0.9772400170724688,0.9554930124223603,0.015558314843840114,0.8006211180124223,25.84061745451197,0.5871479912931815,13.883008701942511,0.4810081880298798,19.726571285926028,21.847427955142436,0.862558845217766,1610,321,98454,20544,0,0,0,6144,3596.2210000034247,2026-08-11T14:12:37.246305+00:00
0d1a64dff7a02e58,tamper,kodak,kodim01,kodim01|512x768|8,768,512,3,noise,0.50,0.500946,A,8,0,20260811,43.321851400078586,0.991041960406196,1.0,1.0,1.0,1.0,0.0,1.0,1.0,1.0,1.0,0.0,0.9770833333333333,1.0,0.9884088514225501,0.9770833333333333,0.023543080780284963,0.5180952380952382,25.198933936977156,0.3773983193852087,9.802900665816624,0.21377209322413177,12.711576065887261,15.330045536132511,0.5830015788684584,3150,1518,196980,97152,0,0,0,6144,3591.2087999968207,2026-08-11T14:12:40.840502+00:00
9f88e32cae2e7d86,tamper,kodak,kodim01,kodim01|512x768|8,768,512,3,noise,0.50,0.500946,B,8,0,20260811,44.458633247994975,0.9927848179927817,1.0,1.0,1.0,1.0,0.0,1.0,1.0,1.0,1.0,0.0,0.9770833333333333,1.0,0.9884088514225501,0.9770833333333333,0.023543080780284963,0.5180952380952382,24.517651457680053,0.3744401050470344,9.77870692123828,0.21123823343237272,12.687000761973234,15.312965734465196,0.5815022984461146,3150,1518,196980,97152,0,0,0,6144,3055.5896000005305,2026-08-11T14:12:43.897078+00:00
8e4d0f8ca0626cdd,tamper,kodak,kodim02,kodim02|512x768|8,768,512,3,splice,0.10,0.099589,A,8,0,20260811,43.225144701398875,0.9781597097431857,1.0,1.0,1.0,1.0,0.0,1.0,1.0,1.0,1.0,0.0,0.9501164596273292,1.0,0.974420224942769,0.9501164596273292,0.005806990984477032,0.9611801242236024,29.992139709718447,0.7560986488261489,22.79836021280756,0.7315143126842313,32.557040198881595,34.16784922382228,0.970933106821963,644,25,39160,1600,0,0,0,6144,4364.064999997936,2026-08-11T14:12:48.264326+00:00
05b5ed374dd53db4,tamper,kodak,kodim02,kodim02|512x768|8,768,512,3,splice,0.10,0.099589,B,8,0,20260811,44.13415950459789,0.9801360481260389,1.0,1.0,1.0,1.0,0.0,1.0,1.0,1.0,1.0,0.0,0.9501164596273292,1.0,0.974420224942769,0.9501164596273292,0.005806990984477032,0.9611801242236024,30.121216255276813,0.7876379948646948,22.79388853299082,0.7618893499614671,32.54491819671918,34.17566949270648,0.9740736766553052,644,25,39160,1600,0,0,0,6144,4363.783500000864,2026-08-11T14:12:52.631015+00:00
b9611868958440d2,tamper,kodak,kodim02,kodim02|512x768|8,768,512,3,splice,0.25,0.249908,A,8,0,20260811,43.225144701398875,0.9781597097431857,1.0,1.0,1.0,1.0,0.0,1.0,1.0,1.0,1.0,0.0,0.9626567398119122,1.0,0.9809731067941782,0.9626567398119122,0.012924312082129732,0.8169278996865204,31.16258013573294,0.6506191183002475,15.690786838911743,0.5476534695784566,21.497441516568145,25.12589667404818,0.8770904292946778,1595,292,98268,18688,0,0,0,6144,3152.763900001446,2026-08-11T14:12:55.787585+00:00
466069dec5860423,tamper,kodak,kodim02,kodim02|512x768|8,768,512,3,splice,0.25,0.249908,B,8,0,20260811,44.13415950459789,0.9801360481260389,1.0,1.0,1.0,1.0,0.0,1.0,1.0,1.0,1.0,0.0,0.9626567398119122,1.0,0.9809731067941782,0.9626567398119122,0.012924312082129732,0.8169278996865204,30.521400847120937,0.6552879746021497,15.644084060578054,0.5512563133598491,21.451247614609112,25.087067526035742,0.87807151452985,1595,292,98268,18688,0,0,0,6144,3302.996099999291,2026-08-11T14:12:59.093222+00:00
f24d50f80918f07d,tamper,kodak,kodim02,kodim02|512x768|8,768,512,3,splice,0.50,0.437500,A,8,0,20260811,43.225144701398875,0.9781597097431857,1.0,1.0,1.0,1.0,0.0,1.0,1.0,1.0,1.0,0.0,0.9767441860465116,1.0,0.988235294117647,0.9767441860465116,0.018518518518518517,0.6053779069767442,31.137177918770615,0.4731763297394392,13.048415502838122,0.3127058923684153,16.537799806343102,19.432456795865857,0.6883593882253524,2752,1086,172032,69504,350,0,0,6144,3209.872700001142,2026-08-11T14:13:02.305959+00:00
8bd6d8fcef9fce35,tamper,kodak,kodim02,kodim02|512x768|8,768,512,3,splice,0.50,0.437500,B,8,0,20260811,44.13415950459789,0.9801360481260389,1.0,1.0,1.0,1.0,0.0,1.0,1.0,1.0,1.0,0.0,0.9767441860465116,1.0,0.988235294117647,0.9767441860465116,0.018518518518518517,0.6053779069767442,30.729298396910167,0.49067255871643173,13.010176828353258,0.3233684315539721,16.4995432651137,19.406876456246994,0.693207393264743,2752,1086,172032,69504,28,0,0,6144,3212.8100000009,2026-08-11T14:13:05.520051+00:00
7952c30e42281d0d,tamper,kodak,kodim02,kodim02|512x768|8,768,512,3,inpaint_removal,0.10,0.101006,A,8,0,20260811,43.225144701398875,0.9781597097431857,1.0,1.0,1.0,1.0,0.0,1.0,1.0,1.0,1.0,0.0,0.919375,1.0,0.9579941387170303,0.919375,0.00985292744816817,0.9392592592592592,30.865540629962737,0.7607688232932274,21.510040910778834,0.7214012790097672,31.096206623742212,38.437869353256495,0.9681708047970226,675,41,39717,2624,8,0,0,6144,3344.9324000030174,2026-08-11T14:13:08.868821+00:00
b6cee0bce121c289,tamper,kodak,kodim02,kodim02|512x768|8,768,512,3,inpaint_removal,0.10,0.101006,B,8,0,20260811,44.13415950459789,0.9801360481260389,1.0,1.0,1.0,1.0,0.0,1.0,1.0,1.0,1.0,0.0,0.919375,1.0,0.9579941387170303,0.919375,0.00985292744816817,0.9392592592592592,30.716430476817102,0.7834649328933,21.46768822310074,0.7427431910289437,31.056071794392764,38.37171131493672,0.9706370294766774,675,41,39717,2624,6,0,0,6144,3380.2804999977525,2026-08-11T14:13:12.252257+00:00
90e17827c9a8496e,tamper,kodak,kodim02,kodim02|512x768|8,768,512,3,inpaint_removal,0.25,0.248759,A,8,0,20260811,43.225144701398875,0.9781597097431857,1.0,1.0,1.0,1.0,0.0,1.0,1.0,1.0,1.0,0.0,0.9522585669781931,1.0,0.9755455379582718,0.9522585669781931,0.016601218686526743,0.8049844236760124,29.863952719513264,0.6130526111532053,15.583295841244404,0.5118952677324848,21.319852269947685,29.504524188004293,0.8679067306050282,1605,313,97816,20032,18,0,0,6144,3542.879599997832,2026-08-11T14:13:15.798070+00:00
55c62ab2f220a0e0,tamper,kodak,kodim02,kodim02|512x768|8,768,512,3,inpaint_removal,0.25,0.248759,B,8,0,20260811,44.13415950459789,0.9801360481260389,1.0,1.0,1.0,1.0,0.0,1.0,1.0,1.0,1.0,0.0,0.9522585669781931,1.0,0.9755455379582718,0.9522585669781931,0.016601218686526743,0.8049844236760124,29.513531581906523,0.6301204258820927,15.539827991082745,0.5257593239004085,21.276990462027186,29.45316768749595,0.8715164745656874,1605,313,97816,20032,15,0,0,6144,3975.4589999974996,2026-08-11T14:13:19.776517+00:00
60dd1118d4f50471,tamper,kodak,kodim02,kodim02|512x768|8,768,512,3,inpaint_removal,0.50,0.498311,A,8,0,20260811,43.225144701398875,0.9781597097431857,1.0,1.0,1.0,1.0,0.0,1.0,1.0,1.0,1.0,0.0,0.9716359885750555,1.0,0.9856139715498682,0.9716359885750555,0.028995498600916502,0.5315772770549032,30.7106588523935,0.41349650942154925,11.956376134840534,0.24660505108134503,14.888514035013634,24.6588523403311,0.6055220308215922,3151,1476,195944,94464,19,0,0,6144,3954.989400001068,2026-08-11T14:13:23.734297+00:00
335597c83cd641bb,tamper,kodak,kodim02,kodim02|512x768|8,768,512,3,inpaint_removal,0.50,0.498311,B,8,0,20260811,44.13415950459789,0.9801360481260389,1.0,1.0,1.0,1.0,0.0,1.0,1.0,1.0,1.0,0.0,0.9716359885750555,1.0,0.9856139715498682,0.9716359885750555,0.028995498600916502,0.5315772770549032,29.91057144826829,0.41952277943654026,11.917642637903018,0.2496287312888831,14.849930451023816,24.613133934571763,0.6072534387443839,3151,1476,195944,94464,20,0,0,6144,4198.618800000986,2026-08-11T14:13:27.935184+00:00
7ae6364828ad7166,tamper,kodak,kodim02,kodim02|512x768|8,768,512,3,crop_refill,0.10,0.099658,A,8,0,20260811,43.225144701398875,0.9781597097431857,1.0,1.0,1.0,1.0,0.0,1.0,1.0,1.0,1.0,0.0,0.9765500398724083,1.0,0.9881359137615836,0.9765500398724083,0.002657974346734307,0.9665071770334929,32.80219523002804,0.8040965695565402,23.116314124985777,0.7798599372184684,33.124666402403406,40.634469551256245,0.9769462505863021,627,21,39187,1344,0,0,0,6144,3251.901600000565,2026-08-11T14:13:31.190351+00:00
1ddba18595dcaeac,tamper,kodak,kodim02,kodim02|512x768|8,768,512,3,crop_refill,0.10,0.099658,B,8,0,20260811,44.13415950459789,0.9801360481260389,1.0,1.0,1.0,1.0,0.0,1.0,1.0,1.0,1.0,0.0,0.9765500398724083,1.0,0.9881359137615836,0.9765500398724083,0.002657974346734307,0.9665071770334929,32.94865949192775,0.8334302577901429,23.102415554029584,0.8082583108162019,33.11127974609159,40.715974464708474,0.9799317902352311,627,21,39187,1344,3,0,0,6144,3527.952500000538,2026-08-11T14:13:34.721299+00:00
d771aa9ca9095c5c,tamper,kodak,kodim02,kodim02|512x768|8,768,512,3,crop_refill,0.25,0.250224,A,8,0,20260811,43.225144701398875,0.9781597097431857,1.0,1.0,1.0,1.0,0.0,1.0,1.0,1.0,1.0,0.0,0.960859375,1.0,0.980039045380294,0.960859375,0.01359455132553659,0.8075,29.895578979735898,0.6083151823382523,16.197940007582513,0.5087372526259502,22.010752484344295,29.2732425931111,0.8682579622091646,1600,308,98392,19712,0,0,0,6144,3620.596299999306,2026-08-11T14:13:38.344990+00:00
15b0455d272dfe93,tamper,kodak,kodim02,kodim02|512x768|8,768,512,3,crop_refill,0.25,0.250224,B,8,0,20260811,44.13415950459789,0.9801360481260389,1.0,1.0,1.0,1.0,0.0,1.0,1.0,1.0,1.0,0.0,0.960859375,1.0,0.980039045380294,0.960859375,0.01359455132553659,0.8075,30.02520662938344,0.6318680779228638,16.16829448109058,0.5279268964827978,21.98052436065941,29.291605234081608,0.873340413670598,1600,308,98392,19712,0,0,0,6144,3961.1370000020543,2026-08-11T14:13:42.310065+00:00
e2ff2d8e0fcb7d91,tamper,kodak,kodim02,kodim02|512x768|8,768,512,3,crop_refill,0.50,0.499756,A,8,0,20260811,43.225144701398875,0.9781597097431857,1.0,1.0,1.0,1.0,0.0,1.0,1.0,1.0,1.0,0.0,0.9747619047619047,1.0,0.9872196768748492,0.9747619047619047,0.025866276232308444,0.5187301587301587,30.80174988762048,0.4134931279925179,11.976218093642013,0.2424757797750164,14.868555784708573,23.939316023025455,0.5974436619077511,3150,1516,196512,97024,2,0,0,6144,4286.115400002018,2026-08-11T14:13:46.598485+00:00
483af07482045b5f,tamper,kodak,kodim02,kodim02|512x768|8,768,512,3,crop_refill,0.50,0.499756,B,8,0,20260811,44.13415950459789,0.9801360481260389,1.0,1.0,1.0,1.0,0.0,1.0,1.0,1.0,1.0,0.0,0.9747619047619047,1.0,0.9872196768748492,0.9747619047619047,0.025866276232308444,0.5187301587301587,30.47554648325901,0.4210088920400519,11.9410322386734,0.24636798686776773,14.832994251021534,23.919104892039606,0.5993847642965973,3150,1516,196512,97024,3,0,0,6144,5107.534800001304,2026-08-11T14:13:51.707639+00:00
404fc2b3b96ffe38,tamper,kodak,kodim02,kodim02|512x768|8,768,512,3,noise,0.10,0.100199,A,8,0,20260811,43.225144701398875,0.9781597097431857,1.0,1.0,1.0,1.0,0.0,1.0,1.0,1.0,1.0,0.0,0.985,1.0,0.9924433249370278,0.985,0.0016957966852827458,0.9728,31.238863530546638,0.7818786836500597,24.27962157589611,0.764056451929767,34.1858091739699,32.594828250341436,0.9750640174484916,625,17,39400,1088,0,0,0,6144,3335.110700001678,2026-08-11T14:13:55.045967+00:00
92073e2f26ad4785,tamper,kodak,kodim02,kodim02|512x768|8,768,512,3,noise,0.10,0.100199,B,8,0,20260811,44.13415950459789,0.9801360481260389,1.0,1.0,1.0,1.0,0.0,1.0,1.0,1.0,1.0,0.0,0.985,1.0,0.9924433249370278,0.985,0.0016957966852827458,0.9728,31.015436141133925,0.8090908080373269,24.20928711630154,0.7906401558235676,34.11533438469765,32.56958457707297,0.9778106220640997,625,17,39400,1088,0,0,0,6144,3597.349600000598,2026-08-11T14:13:58.645823+00:00
6d1997e3478ad2af,tamper,kodak,kodim02,kodim02|512x768|8,768,512,3,noise,0.25,0.250290,A,8,0,20260811,43.225144701398875,0.9781597097431857,1.0,1.0,1.0,1.0,0.0,1.0,1.0,1.0,1.0,0.0,0.9708214962121212,1.0,0.985194750593111,0.9708214962121212,0.010033989375775956,0.8093434343434344,31.245271803141357,0.6378104299763387,15.621494044434339,0.5311603636166581,21.56946202962096,20.819015562991158,0.8758800771625624,1584,302,98418,19328,0,0,0,6144,3211.1230000009527,2026-08-11T14:14:01.860952+00:00
df74376267bcc966,tamper,kodak,kodim02,kodim02|512x768|8,768,512,3,noise,0.25,0.250290,B,8,0,20260811,44.13415950459789,0.9801360481260389,1.0,1.0,1.0,1.0,0.0,1.0,1.0,1.0,1.0,0.0,0.9708214962121212,1.0,0.985194750593111,0.9708214962121212,0.010033989375775956,0.8093434343434344,31.0723435242828,0.6494099501188072,15.586531139454092,0.5405096802426419,21.53451700403188,20.82238911920584,0.8784552651191212,1584,302,98418,19328,0,0,0,6144,3555.0731000002997,2026-08-11T14:14:05.418448+00:00
462fe469dcf41b7d,tamper,kodak,kodim02,kodim02|512x768|8,768,512,3,noise,0.50,0.500000,A,8,0,20260811,43.225144701398875,0.9781597097431857,1.0,1.0,1.0,1.0,0.0,1.0,1.0,1.0,1.0,0.0,0.9795918367346939,1.0,0.9896907216494846,0.9795918367346939,0.020833333333333332,0.5331632653061225,30.325560549759793,0.41009375178048685,11.915378552714468,0.24546283131017896,14.833639706151072,14.032740150127278,0.6087723580947872,3136,1464,196608,93696,0,0,0,6144,3539.9615000023914,2026-08-11T14:14:08.961219+00:00
e6e9cef5c3b033fc,tamper,kodak,kodim02,kodim02|512x768|8,768,512,3,noise,0.50,0.500000,B,8,0,20260811,44.13415950459789,0.9801360481260389,1.0,1.0,1.0,1.0,0.0,1.0,1.0,1.0,1.0,0.0,0.9795918367346939,1.0,0.9896907216494846,0.9795918367346939,0.020833333333333332,0.5331632653061225,29.498537726617723,0.4180288872177643,11.875550806587992,0.2495268326788188,14.793696047182719,14.036311892786813,0.6108605220458205,3136,1464,196608,93696,0,0,0,6144,4234.918200003449,2026-08-11T14:14:13.197848+00:00
fc1b118cd651863c,tamper,kodak,kodim03,kodim03|512x768|8,768,512,3,splice,0.10,0.100174,A,8,0,20260811,43.14906946383228,0.974111003736217,1.0,1.0,1.0,1.0,0.0,1.0,1.0,1.0,1.0,0.0,0.8767361111111112,1.0,0.9343200740055504,0.8767361111111112,0.015651761035085043,0.9458689458689459,29.309492888632317,0.7633236742236039,18.773057982605746,0.7291454831871209,28.066618768209427,32.528971835780546,0.9673447997465227,702,38,39390,2432,0,0,0,6144,5780.745199997909,2026-08-11T14:14:18.981504+00:00
214532a1867aaa49,tamper,kodak,kodim03,kodim03|512x768|8,768,512,3,splice,0.10,0.100174,B,8,0,20260811,44.28874979478812,0.9768817864405405,1.0,1.0,1.0,1.0,0.0,1.0,1.0,1.0,1.0,0.0,0.8767361111111112,1.0,0.9343200740055504,0.8767361111111112,0.015651761035085043,0.9458689458689459,29.159022307685163,0.7870804948937388,18.732916838175612,0.7515177660588052,28.015754934206054,32.47126674235648,0.9696684620592451,702,38,39390,2432,0,0,0,6144,4550.470599999244,2026-08-11T14:14:23.534335+00:00
56990b78f5e818c7,tamper,kodak,kodim03,kodim03|512x768|8,768,512,3,splice,0.25,0.249967,A,8,0,20260811,43.14906946383228,0.974111003736217,1.0,1.0,1.0,1.0,0.0,1.0,1.0,1.0,1.0,0.0,0.9307859848484848,1.0,0.9641524147706373,0.9307859848484848,0.02478257184029838,0.7896969696969697,32.34926007155873,0.617352265110736,15.910091591953048,0.5034416278204168,21.44827176004441,25.588822356008198,0.8622524574742944,1650,347,98291,22208,5,0,0,6144,4359.209700000065,2026-08-11T14:14:27.897013+00:00
8c4f21c2d930f11b,tamper,kodak,kodim03,kodim03|512x768|8,768,512,3,splice,0.25,0.249967,B,8,0,20260811,44.28874979478812,0.9768817864405405,1.0,1.0,1.0,1.0,0.0,1.0,1.0,1.0,1.0,0.0,0.9307859848484848,1.0,0.9641524147706373,0.9307859848484848,0.02478257184029838,0.7896969696969697,32.14849248825664,0.6325381598490107,15.857514413314078,0.5151202624054592,21.39561567123232,25.566162391485513,0.8652030956664847,1650,347,98291,22208,1,0,0,6144,4020.9715999990294,2026-08-11T14:14:31.920623+00:00
922a8b057ba4af97,tamper,kodak,kodim03,kodim03|512x768|8,768,512,3,splice,0.50,0.499255,A,8,0,20260811,43.14906946383228,0.974111003736217,1.0,1.0,1.0,1.0,0.0,1.0,1.0,1.0,1.0,0.0,0.9737847222222222,1.0,0.9867182689770428,0.9737847222222222,0.026840899741494458,0.5349206349206349,30.86356420580138,0.3969144430507696,11.354749706558309,0.23374786887796573,14.260075229540877,18.406686736240367,0.5962165672392837,3150,1465,196315,93760,83,0,0,6144,3898.6712000005355,2026-08-11T14:14:35.821999+00:00
34c9f997cd03ef91,tamper,kodak,kodim03,kodim03|512x768|8,768,512,3,splice,0.50,0.499255,B,8,0,20260811,44.28874979478812,0.9768817864405405,1.0,1.0,1.0,1.0,0.0,1.0,1.0,1.0,1.0,0.0,0.9737847222222222,1.0,0.9867182689770428,0.9737847222222222,0.026840899741494458,0.5349206349206349,30.494165842550682,0.4044381535541289,11.310121652385135,0.2369248634780375,14.213792333448264,18.38785260711759,0.5979336054544752,3150,1465,196315,93760,10,0,0,6144,3142.360000001645,2026-08-11T14:14:38.966049+00:00
99b1c6245132ea62,tamper,kodak,kodim03,kodim03|512x768|8,768,512,3,inpaint_removal,0.10,0.101204,A,8,0,20260811,43.14906946383228,0.974111003736217,1.0,1.0,1.0,1.0,0.0,1.0,1.0,1.0,1.0,0.0,0.9157538659793815,1.0,0.9560245522576305,0.9157538659793815,0.010358750611876487,0.946980854197349,33.71268717365829,0.8384760745033766,22.092188525048122,0.8024344404426985,31.344976063810282,37.75494477255121,0.9758443324383549,679,36,39795,2304,21,0,0,6144,3526.0186000014073,2026-08-11T14:14:42.495098+00:00
97a149978b3cc4e8,tamper,kodak,kodim03,kodim03|512x768|8,768,512,3,inpaint_removal,0.10,0.101204,B,8,0,20260811,44.28874979478812,0.9768817864405405,1.0,1.0,1.0,1.0,0.0,1.0,1.0,1.0,1.0,0.0,0.9157538659793815,1.0,0.9560245522576305,0.9157538659793815,0.010358750611876487,0.946980854197349,32.77903485461972,0.8516451222812175,21.97989141705792,0.8149161849254293,31.237672645830912,37.50933286152409,0.9772528287296168,679,36,39795,2304,15,0,0,6144,3410.3964999994787,2026-08-11T14:14:45.910365+00:00
e9f148c242cc986d,tamper,kodak,kodim03,kodim03|512x768|8,768,512,3,inpaint_removal,0.25,0.249835,A,8,0,20260811,43.14906946383228,0.974111003736217,1.0,1.0,1.0,1.0,0.0,1.0,1.0,1.0,1.0,0.0,0.9522235576923077,1.0,0.9755271663844851,0.9522235576923077,0.016709777372473106,0.7983870967741935,31.172625600052992,0.6050189650926975,15.087578843219747,0.49695548613820123,20.937226981348957,28.01583327398945,0.8639483546081533,1612,325,98239,20800,86,0,0,6144,4429.19460000121,2026-08-11T14:14:50.343535+00:00
40698e0a9d5acc13,tamper,kodak,kodim03,kodim03|512x768|8,768,512,3,inpaint_removal,0.25,0.249835,B,8,0,20260811,44.28874979478812,0.9768817864405405,1.0,1.0,1.0,1.0,0.0,1.0,1.0,1.0,1.0,0.0,0.9522235576923077,1.0,0.9755271663844851,0.9522235576923077,0.016709777372473106,0.7983870967741935,30.90261747989228,0.6200229140849431,15.038807343365546,0.5086081135802141,20.887957160450764,27.999467930809967,0.8669722381269835,1612,325,98239,20800,74,0,0,6144,5556.03500000143,2026-08-11T14:14:55.902880+00:00
5af5394b879e546c,tamper,kodak,kodim03,kodim03|512x768|8,768,512,3,inpaint_removal,0.50,0.492668,A,8,0,20260811,43.14906946383228,0.974111003736217,1.0,1.0,1.0,1.0,0.0,1.0,1.0,1.0,1.0,0.0,0.9745502656149388,1.0,0.9871111235665935,0.9745502656149388,0.02535954002937476,0.5392788151963941,31.683672911200546,0.4014195310180952,11.88303431862808,0.23771778687587347,14.827080595189411,21.09648728488097,0.6056155865953936,3106,1431,193725,91584,71,0,0,6144,4578.976500000863,2026-08-11T14:15:00.485041+00:00
59c8396cea484bb9,tamper,kodak,kodim03,kodim03|512x768|8,768,512,3,inpaint_removal,0.50,0.492668,B,8,0,20260811,44.28874979478812,0.9768817864405405,1.0,1.0,1.0,1.0,0.0,1.0,1.0,1.0,1.0,0.0,0.9745502656149388,1.0,0.9871111235665935,0.9745502656149388,0.02535954002937476,0.5392788151963941,30.541837329085162,0.40656806084522185,11.831005831541916,0.2398492956600718,14.775471569553492,21.059641800196474,0.606748422309778,3106,1431,193725,91584,55,0,0,6144,4144.1522000022815,2026-08-11T14:15:04.630478+00:00
1ebb302321ef6c26,tamper,kodak,kodim03,kodim03|512x768|8,768,512,3,crop_refill,0.10,0.099693,A,8,0,20260811,43.14906946383228,0.974111003736217,1.0,1.0,1.0,1.0,0.0,1.0,1.0,1.0,1.0,0.0,0.9511112189440993,1.0,0.9749431090441075,0.9511112189440993,0.005691849215428725,0.9503105590062112,31.100203755445293,0.7339866114393055,20.492180655479846,0.7008489953235941,30.10351471753285,35.67781983416153,0.9673798472525714,644,32,39201,2048,0,0,0,6144,3156.3868000012008,2026-08-11T14:15:07.789441+00:00
f991823de9504b35,tamper,kodak,kodim03,kodim03|512x768|8,768,512,3,crop_refill,0.10,0.099693,B,8,0,20260811,44.28874979478812,0.9768817864405405,1.0,1.0,1.0,1.0,0.0,1.0,1.0,1.0,1.0,0.0,0.9511112189440993,1.0,0.9749431090441075,0.9511112189440993,0.005691849215428725,0.9503105590062112,31.01615316277367,0.7645622779258198,20.438203751403382,0.7297978466490124,30.052993435268355,35.64686302687508,0.970347479888941,644,32,39201,2048,0,0,0,6144,4403.463099999499,2026-08-11T14:15:12.195754+00:00
c139a67650bcc1a4,tamper,kodak,kodim03,kodim03|512x768|8,768,512,3,crop_refill,0.25,0.250320,A,8,0,20260811,43.14906946383228,0.974111003736217,1.0,1.0,1.0,1.0,0.0,1.0,1.0,1.0,1.0,0.0,0.9321022727272728,1.0,0.9648581091016027,0.9321022727272728,0.024322729030550976,0.8078787878787879,32.325858554295344,0.6464821100839563,14.58136289632494,0.5338871210188888,20.10128935498136,26.206331831198774,0.8679856904195522,1650,317,98430,20288,0,0,0,6144,5683.471199998166,2026-08-11T14:15:17.881800+00:00
510c0fa98f44f774,tamper,kodak,kodim03,kodim03|512x768|8,768,512,3,crop_refill,0.25,0.250320,B,8,0,20260811,44.28874979478812,0.9768817864405405,1.0,1.0,1.0,1.0,0.0,1.0,1.0,1.0,1.0,0.0,0.9321022727272728,1.0,0.9648581091016027,0.9321022727272728,0.024322729030550976,0.8078787878787879,31.811762260893165,0.6566674367402761,14.534609247108278,0.5419692857517426,20.05399750360067,26.16998767301463,0.8701141293461166,1650,317,98430,20288,0,0,0,6144,3395.294699999795,2026-08-11T14:15:21.279760+00:00
a9219d0e2f191da6,tamper,kodak,kodim03,kodim03|512x768|8,768,512,3,crop_refill,0.50,0.499878,A,8,0,20260811,43.14906946383228,0.974111003736217,1.0,1.0,1.0,1.0,0.0,1.0,1.0,1.0,1.0,0.0,0.9821714102974096,1.0,0.9910055257532369,0.9821714102974096,0.018143356927833375,0.5433322673488967,31.972551063182053,0.39556830559100475,11.343090373749419,0.23320620510831358,14.26823178563404,19.41739599828894,0.5987996057801137,3127,1428,196560,91392,0,0,0,6144,4641.413699999248,2026-08-11T14:15:25.927820+00:00
f9ec0d12902b811d,tamper,kodak,kodim03,kodim03|512x768|8,768,512,3,crop_refill,0.50,0.499878,B,8,0,20260811,44.28874979478812,0.9768817864405405,1.0,1.0,1.0,1.0,0.0,1.0,1.0,1.0,1.0,0.0,0.9821714102974096,1.0,0.9910055257532369,0.9821714102974096,0.018143356927833375,0.5433322673488967,31.44376991830959,0.40092525527632855,11.298045078539946,0.23547049007072512,14.223289023089475,19.406057612420618,0.5999172719773028,3127,1428,196560,91392,0,0,0,6144,3570.633600000292,2026-08-11T14:15:29.500527+00:00
fec2135ee1afbefa,tamper,kodak,kodim03,kodim03|512x768|8,768,512,3,noise,0.10,0.100456,A,8,0,20260811,43.14906946383228,0.974111003736217,1.0,1.0,1.0,1.0,0.0,1.0,1.0,1.0,1.0,0.0,0.93515625,1.0,0.9664917238595075,0.93515625,0.0077435223272974,0.9651515151515151,36.92799545031054,0.8639328407547119,21.4781953993934,0.8367531797434139,30.67410338057781,34.80058346407471,0.9810507733690769,660,23,39501,1472,0,0,0,6144,4805.8621999989555,2026-08-11T14:15:34.309626+00:00
51ae808d7df5365e,tamper,kodak,kodim03,kodim03|512x768|8,768,512,3,noise,0.10,0.100456,B,8,0,20260811,44.28874979478812,0.9768817864405405,1.0,1.0,1.0,1.0,0.0,1.0,1.0,1.0,1.0,0.0,0.93515625,1.0,0.9664917238595075,0.93515625,0.0077435223272974,0.9651515151515151,36.772568043507476,0.8795469777272493,21.43280453203754,0.8518302523150603,30.630411926009398,34.798288152042446,0.9826941681506339,660,23,39501,1472,0,0,0,6144,3361.427100000583,2026-08-11T14:15:37.674282+00:00
b91be681c8cef82e,tamper,kodak,kodim03,kodim03|512x768|8,768,512,3,noise,0.25,0.250107,A,8,0,20260811,43.14906946383228,0.974111003736217,1.0,1.0,1.0,1.0,0.0,1.0,1.0,1.0,1.0,0.0,0.9462169027093597,1.0,0.9723653117924482,0.9462169027093597,0.018957506697866857,0.8011083743842364,31.430376184133152,0.6340591204094446,13.968748727303776,0.519736777610252,19.697712412160996,21.90356245965716,0.8673683396825972,1624,323,98346,20672,0,0,0,6144,4511.897000000317,2026-08-11T14:15:42.190605+00:00
0ee99919c1c9bd78,tamper,kodak,kodim03,kodim03|512x768|8,768,512,3,noise,0.25,0.250107,B,8,0,20260811,44.28874979478812,0.9768817864405405,1.0,1.0,1.0,1.0,0.0,1.0,1.0,1.0,1.0,0.0,0.9462169027093597,1.0,0.9723653117924482,0.9462169027093597,0.018957506697866857,0.8011083743842364,30.850852868461335,0.6465365511604085,13.921366882850199,0.5295182663441088,19.65021786543669,21.90108918125913,0.8699502789452739,1624,323,98346,20672,0,0,0,6144,5411.679999997432,2026-08-11T14:15:47.605000+00:00
58b5e129a395c343,tamper,kodak,kodim03,kodim03|512x768|8,768,512,3,noise,0.50,0.500275,A,8,0,20260811,43.14906946383228,0.974111003736217,1.0,1.0,1.0,1.0,0.0,1.0,1.0,1.0,1.0,0.0,0.9791932143994903,1.0,0.98948723881573,0.9791932143994903,0.02127226463104326,0.5179993628544122,32.072395078327865,0.3875567696812447,10.509622627157222,0.22040300499726884,13.441252529657174,14.801942111092494,0.5867237367477062,3139,1513,196716,96832,0,0,0,6144,4506.925199999387,2026-08-11T14:15:52.115479+00:00
274b4af8669fa16b,tamper,kodak,kodim03,kodim03|512x768|8,768,512,3,noise,0.50,0.500275,B,8,0,20260811,44.28874979478812,0.9768817864405405,1.0,1.0,1.0,1.0,0.0,1.0,1.0,1.0,1.0,0.0,0.9791932143994903,1.0,0.98948723881573,0.9791932143994903,0.02127226463104326,0.5179993628544122,31.439893539065853,0.39281591490791246,10.46850543212782,0.22252576498345053,13.40008317235312,14.814308509296744,0.5877930742438671,3139,1513,196716,96832,0,0,0,6144,3544.3087999992713,2026-08-11T14:15:55.662870+00:00
5167dba4a9ab2f3c,tamper,kodak,kodim04,kodim04|768x512|8,512,768,3,splice,0.10,0.099879,A,8,0,20260811,43.18996661544237,0.9801236794871655,1.0,1.0,1.0,1.0,0.0,1.0,1.0,1.0,1.0,0.0,0.9499322755417957,1.0,0.974323352104989,0.9499322755417957,0.005848415842143628,0.9489164086687306,32.53096797176628,0.819053558565994,18.607109108820246,0.7794440547351503,28.406199579776853,33.24249140340616,0.9761909084456882,646,33,39274,2112,46,0,0,6144,5985.470299998269,2026-08-11T14:16:01.651596+00:00
8c569e576e5be533,tamper,kodak,kodim04,kodim04|768x512|8,512,768,3,splice,0.10,0.099879,B,8,0,20260811,44.31452986820201,0.9828991670276302,1.0,1.0,1.0,1.0,0.0,1.0,1.0,1.0,1.0,0.0,0.9499322755417957,1.0,0.974323352104989,0.9499322755417957,0.005848415842143628,0.9489164086687306,30.75204598891059,0.8334247611586449,18.504721506589124,0.7930604512382183,28.30243134825838,32.990161704392335,0.9775926711170658,646,33,39274,2112,5,0,0,6144,6329.780500000197,2026-08-11T14:16:07.984396+00:00
9df34fb4ec325ed9,tamper,kodak,kodim04,kodim04|768x512|8,512,768,3,splice,0.25,0.250427,A,8,0,20260811,43.18996661544237,0.9801236794871655,1.0,1.0,1.0,1.0,0.0,1.0,1.0,1.0,1.0,0.0,0.9427849264705882,1.0,0.9705499704316971,0.9427849264705882,0.020275221887468445,0.7996323529411764,33.55633185877308,0.6031582223990731,15.091236839635883,0.4943647675897274,20.772219109407267,23.75974299110036,0.8617159467697931,1632,327,98472,20928,0,0,0,6144,3048.5446999991836,2026-08-11T14:16:11.036055+00:00
707e1b62e0639838,tamper,kodak,kodim04,kodim04|768x512|8,512,768,3,splice,0.25,0.250427,B,8,0,20260811,44.31452986820201,0.9828991670276302,1.0,1.0,1.0,1.0,0.0,1.0,1.0,1.0,1.0,0.0,0.9427849264705882,1.0,0.9705499704316971,0.9427849264705882,0.020275221887468445,0.7996323529411764,33.587165429908225,0.6243274739290231,15.059529842145924,0.5114191221526841,20.738973042295456,23.740324038466042,0.8661201554283613,1632,327,98472,20928,0,0,0,6144,3171.034899998631,2026-08-11T14:16:14.211008+00:00
1a2eb8ad4eff9ce6,tamper,kodak,kodim04,kodim04|768x512|8,512,768,3,splice,0.50,0.499344,A,8,0,20260811,43.18996661544237,0.9801236794871655,1.0,1.0,1.0,1.0,0.0,1.0,1.0,1.0,1.0,0.0,0.962953154425612,1.0,0.9811269843649283,0.962953154425612,0.0383712779250861,0.5182046453232894,31.448599726578653,0.3898501928700598,10.843702600729127,0.21913804870791878,13.708481503630505,16.813811854926797,0.584328370791562,3186,1535,196350,98240,0,0,0,6144,3193.1914999986475,2026-08-11T14:16:17.406055+00:00
5b974b927fa81223,tamper,kodak,kodim04,kodim04|768x512|8,512,768,3,splice,0.50,0.499344,B,8,0,20260811,44.31452986820201,0.9828991670276302,1.0,1.0,1.0,1.0,0.0,1.0,1.0,1.0,1.0,0.0,0.962953154425612,1.0,0.9811269843649283,0.962953154425612,0.0383712779250861,0.5182046453232894,31.095306104754417,0.3974262134762579,10.810808539167509,0.22301292442744233,13.675751513755522,16.79691086040207,0.5863757209336059,3186,1535,196350,98240,0,0,0,6144,3119.178599998122,2026-08-11T14:16:20.526338+00:00
737ec45d8015258a,tamper,kodak,kodim04,kodim04|768x512|8,512,768,3,inpaint_removal,0.10,0.100319,A,8,0,20260811,43.18996661544237,0.9801236794871655,1.0,1.0,1.0,1.0,0.0,1.0,1.0,1.0,1.0,0.0,0.924077023988006,1.0,0.9605405734461557,0.924077023988006,0.009161345397703021,0.9445277361319341,32.7620371629107,0.7913761562295772,19.147951221963815,0.7496377367669724,28.78351984305698,37.787575792262025,0.9716936102014061,667,37,39447,2368,25,0,0,6144,3247.208100001444,2026-08-11T14:16:23.776529+00:00
6042b43599061c2f,tamper,kodak,kodim04,kodim04|768x512|8,512,768,3,inpaint_removal,0.10,0.100319,B,8,0,20260811,44.31452986820201,0.9828991670276302,1.0,1.0,1.0,1.0,0.0,1.0,1.0,1.0,1.0,0.0,0.924077023988006,1.0,0.9605405734461557,0.924077023988006,0.009161345397703021,0.9445277361319341,32.36855138221859,0.8109530663343405,19.10781061924824,0.7682242775560918,28.74306480545689,37.65047924955096,0.9737719695809686,667,37,39447,2368,18,0,0,6144,3149.7670999997354,2026-08-11T14:16:26.930985+00:00
0697f211a0897004,tamper,kodak,kodim04,kodim04|768x512|8,512,768,3,inpaint_removal,0.25,0.247785,A,8,0,20260811,43.18996661544237,0.9801236794871655,1.0,1.0,1.0,1.0,0.0,1.0,1.0,1.0,1.0,0.0,0.9532815435190983,1.0,0.976082067310823,0.9532815435190983,0.01614359175476616,0.8083907326236693,29.221725187593034,0.5758870325219118,15.11276865040446,0.47467194443921823,20.825637314443725,28.7173610996863,0.8594974822882486,1597,306,97433,19584,19,0,0,6144,3371.634000002814,2026-08-11T14:16:30.305933+00:00
ad0df8093ca654e5,tamper,kodak,kodim04,kodim04|768x512|8,512,768,3,inpaint_removal,0.25,0.247785,B,8,0,20260811,44.31452986820201,0.9828991670276302,1.0,1.0,1.0,1.0,0.0,1.0,1.0,1.0,1.0,0.0,0.9532815435190983,1.0,0.976082067310823,0.9532815435190983,0.01614359175476616,0.8083907326236693,29.605662861650956,0.6036988518890324,15.091634467648552,0.4973379910005712,20.803872543299946,28.778881688944033,0.8654202023101556,1597,306,97433,19584,22,0,0,6144,3800.4789000005985,2026-08-11T14:16:34.109609+00:00
0a365995f65fb391,tamper,kodak,kodim04,kodim04|768x512|8,512,768,3,inpaint_removal,0.50,0.494385,A,8,0,20260811,43.18996661544237,0.9801236794871655,1.0,1.0,1.0,1.0,0.0,1.0,1.0,1.0,1.0,0.0,0.9770022515278225,1.0,0.9883673635402261,0.9770022515278225,0.02301625623692258,0.5348986812479897,31.40760506314774,0.39228049734023507,11.060555899475082,0.22685148474012212,14.009216747809766,21.96227039357715,0.6007541589172705,3109,1446,194400,92544,27,0,0,6144,4346.4204000010795,2026-08-11T14:16:38.459291+00:00
4958fce79503ebd4,tamper,kodak,kodim04,kodim04|768x512|8,512,768,3,inpaint_removal,0.50,0.494385,B,8,0,20260811,44.31452986820201,0.9828991670276302,1.0,1.0,1.0,1.0,0.0,1.0,1.0,1.0,1.0,0.0,0.9770022515278225,1.0,0.9883673635402261,0.9770022515278225,0.02301625623692258,0.5348986812479897,31.06061670454883,0.39975026702308275,11.027199548100015,0.2308244098059225,13.976087468041937,21.9583081408144,0.6028519525977662,3109,1446,194400,92544,34,0,0,6144,3919.4532000001345,2026-08-11T14:16:42.380358+00:00
b95365c7e64f35fc,tamper,kodak,kodim04,kodim04|768x512|8,512,768,3,crop_refill,0.10,0.100189,A,8,0,20260811,43.18996661544237,0.9801236794871655,1.0,1.0,1.0,1.0,0.0,1.0,1.0,1.0,1.0,0.0,0.9528831269349846,1.0,0.9758731731483775,0.9528831269349846,0.005505624328754734,0.9396284829721362,30.424429850238198,0.6963747143833692,20.387624377104146,0.658483907769819,30.042438726653543,35.26906959393618,0.9625087107975236,646,39,39396,2496,0,0,0,6144,3174.434900000051,2026-08-11T14:16:45.557902+00:00
ff9c4e716b647508,tamper,kodak,kodim04,kodim04|768x512|8,512,768,3,crop_refill,0.10,0.100189,B,8,0,20260811,44.31452986820201,0.9828991670276302,1.0,1.0,1.0,1.0,0.0,1.0,1.0,1.0,1.0,0.0,0.9528831269349846,1.0,0.9758731731483775,0.9528831269349846,0.005505624328754734,0.9396284829721362,30.617774049202986,0.7289481995965449,20.373116532958342,0.6891609861945751,30.024326907339898,35.32379922652234,0.9657341556167607,646,39,39396,2496,0,0,0,6144,3016.1081999976886,2026-08-11T14:16:48.577000+00:00
c730961367e163ec,tamper,kodak,kodim04,kodim04|768x512|8,512,768,3,crop_refill,0.25,0.250137,A,8,0,20260811,43.18996661544237,0.9801236794871655,1.0,1.0,1.0,1.0,0.0,1.0,1.0,1.0,1.0,0.0,0.9405408506731946,1.0,0.9693594961908798,0.9405408506731946,0.02108811699190797,0.7900856793145654,30.908342465800022,0.6175277563303022,13.836028659968864,0.49920336674616694,19.583743259968944,25.244245788702273,0.8619965525951926,1634,343,98358,21952,0,0,0,6144,3204.433099999733,2026-08-11T14:16:51.784431+00:00
d2f5cd9f4fdb9c46,tamper,kodak,kodim04,kodim04|768x512|8,512,768,3,crop_refill,0.25,0.250137,B,8,0,20260811,44.31452986820201,0.9828991670276302,1.0,1.0,1.0,1.0,0.0,1.0,1.0,1.0,1.0,0.0,0.9405408506731946,1.0,0.9693594961908798,0.9405408506731946,0.02108811699190797,0.7900856793145654,30.542848334015954,0.6308864750964368,13.802522351504132,0.5097873576648014,19.54986776571752,25.225504808308838,0.8648475332256321,1634,343,98358,21952,0,0,0,6144,3290.182199998526,2026-08-11T14:16:55.077111+00:00
f9f45a348673876e,tamper,kodak,kodim04,kodim04|768x512|8,512,768,3,crop_refill,0.50,0.499736,A,8,0,20260811,43.18996661544237,0.9801236794871655,1.0,1.0,1.0,1.0,0.0,1.0,1.0,1.0,1.0,0.0,0.9679618537200504,1.0,0.9837201385690542,0.9679618537200504,0.033063565008743745,0.5236443883984867,31.534471701779548,0.38881235090149974,10.833465811498929,0.22112147225439027,13.725361165273746,20.395151769719085,0.5836179409684829,3172,1511,196504,96704,0,0,0,6144,3109.6265999985917,2026-08-11T14:16:58.189782+00:00
5a5820f76311d6ec,tamper,kodak,kodim04,kodim04|768x512|8,512,768,3,crop_refill,0.50,0.499736,B,8,0,20260811,44.31452986820201,0.9828991670276302,1.0,1.0,1.0,1.0,0.0,1.0,1.0,1.0,1.0,0.0,0.9679618537200504,1.0,0.9837201385690542,0.9679618537200504,0.033063565008743745,0.5236443883984867,31.165359823449144,0.396662276877304,10.801255548957108,0.22518183213818888,13.692867937521777,20.389617369267622,0.5858079948543677,3172,1511,196504,96704,0,0,0,6144,3065.500400000019,2026-08-11T14:17:01.256591+00:00
0a1d723e44b5a1c7,tamper,kodak,kodim04,kodim04|768x512|8,512,768,3,noise,0.10,0.100217,A,8,0,20260811,43.18996661544237,0.9801236794871655,1.0,1.0,1.0,1.0,0.0,1.0,1.0,1.0,1.0,0.0,0.9620849609375,1.0,0.9806761481702688,0.9620849609375,0.004389373927740674,0.9609375,28.85059503331673,0.7355999312056941,20.124081700263112,0.7089637568908442,29.76050559296285,32.01986697567924,0.9689304610689797,640,25,39407,1600,0,0,0,6144,3176.0262999996485,2026-08-11T14:17:04.436064+00:00
3e70b5c7a2bd35fa,tamper,kodak,kodim04,kodim04|768x512|8,512,768,3,noise,0.10,0.100217,B,8,0,20260811,44.31452986820201,0.9828991670276302,1.0,1.0,1.0,1.0,0.0,1.0,1.0,1.0,1.0,0.0,0.9620849609375,1.0,0.9806761481702688,0.9620849609375,0.004389373927740674,0.9609375,29.123582680612476,0.7670451833908639,20.130977942788057,0.7392058575419036,29.76681250854556,32.07444834589951,0.9720616437386278,640,25,39407,1600,0,0,0,6144,3106.2854000010702,2026-08-11T14:17:07.544829+00:00
803c7488ed2c8f9d,tamper,kodak,kodim04,kodim04|768x512|8,512,768,3,noise,0.25,0.250056,A,8,0,20260811,43.18996661544237,0.9801236794871655,1.0,1.0,1.0,1.0,0.0,1.0,1.0,1.0,1.0,0.0,0.9483603395061728,1.0,0.973495836757324,0.9483603395061728,0.01815592254739055,0.7913580246913581,30.965314127960607,0.6251091291124689,15.773652962243215,0.5109535583545288,21.312963644366498,21.232001525589347,0.8652766776753106,1620,338,98326,21632,0,0,0,6144,3334.091200002149,2026-08-11T14:17:10.883491+00:00
e8a0705248098576,tamper,kodak,kodim04,kodim04|768x512|8,512,768,3,noise,0.25,0.250056,B,8,0,20260811,44.31452986820201,0.9828991670276302,1.0,1.0,1.0,1.0,0.0,1.0,1.0,1.0,1.0,0.0,0.9483603395061728,1.0,0.973495836757324,0.9483603395061728,0.01815592254739055,0.7913580246913581,30.794644188603094,0.6389153026426485,15.732260294135813,0.5218640030009745,21.27127460617812,21.244937011934,0.8682277710422062,1620,338,98326,21632,0,0,0,6144,2983.163799999602,2026-08-11T14:17:13.869172+00:00
1c443e1c1b12eafc,tamper,kodak,kodim04,kodim04|768x512|8,512,768,3,noise,0.50,0.455729,A,8,0,20260811,43.18996661544237,0.9801236794871655,1.0,1.0,1.0,1.0,0.0,1.0,1.0,1.0,1.0,0.0,0.9722222222222222,1.0,0.9859154929577464,0.9722222222222222,0.023923444976076555,0.5871527777777779,32.32112664464091,0.42407404795916837,12.138122716266096,0.2673045026000989,15.426210483469703,16.01847147020647,0.6509997373028842,2880,1189,179200,76096,0,0,0,6144,3126.565099999425,2026-08-11T14:17:16.997886+00:00
9e5fc561f939ee82,tamper,kodak,kodim04,kodim04|768x512|8,512,768,3,noise,0.50,0.455729,B,8,0,20260811,44.31452986820201,0.9828991670276302,1.0,1.0,1.0,1.0,0.0,1.0,1.0,1.0,1.0,0.0,0.9722222222222222,1.0,0.9859154929577464,0.9722222222222222,0.023923444976076555,0.5871527777777779,31.755144128537527,0.43571450129032885,12.099189363208371,0.2740325187807958,15.387304575236529,16.029855070050775,0.6541986023120225,2880,1189,179200,76096,0,0,0,6144,3117.3565999997663,2026-08-11T14:17:20.117037+00:00
dec1e2af4e6cf888,tamper,kodak,kodim05,kodim05|512x768|8,768,512,3,splice,0.10,0.100042,A,8,0,20260811,43.36572518877028,0.9918404350737563,1.0,1.0,1.0,1.0,0.0,1.0,1.0,1.0,1.0,0.0,0.9544351708074534,1.0,0.9766864463589642,0.9544351708074534,0.005306913682116435,0.9503105590062112,22.515046397623987,0.7655081531858907,18.035022563756907,0.734687281575714,27.754591858218465,29.563971682677664,0.9709394808197027,644,32,39338,2048,0,0,0,6144,4746.25240000023,2026-08-11T14:17:24.866257+00:00
289d0b013d0428e1,tamper,kodak,kodim05,kodim05|512x768|8,768,512,3,splice,0.10,0.100042,B,8,0,20260811,44.20082512297044,0.993173052327498,1.0,1.0,1.0,1.0,0.0,1.0,1.0,1.0,1.0,0.0,0.9544351708074534,1.0,0.9766864463589642,0.9544351708074534,0.005306913682116435,0.9503105590062112,22.397210027770377,0.7905260328110282,17.991434090369353,0.7585293357337228,27.710801013203934,29.499945166608853,0.9735098650762102,644,32,39338,2048,0,0,0,6144,4824.953499999538,2026-08-11T14:17:29.694838+00:00
64e950c918c13698,tamper,kodak,kodim05,kodim05|512x768|8,768,512,3,splice,0.25,0.250580,A,8,0,20260811,43.36572518877028,0.9918404350737563,1.0,1.0,1.0,1.0,0.0,1.0,1.0,1.0,1.0,0.0,0.9775,1.0,0.988621997471555,0.9775,0.007696379850958993,0.8126984126984127,22.83338366452797,0.656953607739111,13.596358515701208,0.553911246077112,19.545712990782274,20.424774088942534,0.884208055622763,1575,295,98532,18880,1,0,0,6144,3597.0446999999695,2026-08-11T14:17:33.294867+00:00
51044c9ce9702dcc,tamper,kodak,kodim05,kodim05|512x768|8,768,512,3,splice,0.25,0.250580,B,8,0,20260811,44.20082512297044,0.993173052327498,1.0,1.0,1.0,1.0,0.0,1.0,1.0,1.0,1.0,0.0,0.9775,1.0,0.988621997471555,0.9775,0.007696379850958993,0.8126984126984127,22.808690589488254,0.6778570122054248,13.592827884595467,0.5711722455435879,19.54221571167461,20.402371125259585,0.8887318390179292,1575,295,98532,18880,0,0,0,6144,3979.8156000033487,2026-08-11T14:17:37.277959+00:00
74eeacf2b4571acb,tamper,kodak,kodim05,kodim05|512x768|8,768,512,3,splice,0.50,0.499736,A,8,0,20260811,43.36572518877028,0.9918404350737563,1.0,1.0,1.0,1.0,0.0,1.0,1.0,1.0,1.0,0.0,0.9523495657568238,1.0,0.9755932876576308,0.9523495657568238,0.049981699133759,0.5049627791563276,23.6999961009449,0.46402894172551806,11.387911739866203,0.26921768902233956,14.189448996630025,15.524247777493734,0.6055841756952892,3224,1596,196504,102144,3,0,0,6144,3470.6910000022617,2026-08-11T14:17:40.751302+00:00
0e94e782bcca91cb,tamper,kodak,kodim05,kodim05|512x768|8,768,512,3,splice,0.50,0.499736,B,8,0,20260811,44.20082512297044,0.993173052327498,1.0,1.0,1.0,1.0,0.0,1.0,1.0,1.0,1.0,0.0,0.9523495657568238,1.0,0.9755932876576308,0.9523495657568238,0.049981699133759,0.5049627791563276,23.788745284851395,0.4796242019741134,11.388994358555852,0.27779262457425347,14.189724045855383,15.505977989639446,0.6100231636583224,3224,1596,196504,102144,2,0,0,6144,3579.2177000002994,2026-08-11T14:17:44.332334+00:00
372b1833e0614cb4,tamper,kodak,kodim05,kodim05|512x768|8,768,512,3,inpaint_removal,0.10,0.099981,A,8,0,20260811,43.36572518877028,0.9918404350737563,1.0,1.0,1.0,1.0,0.0,1.0,1.0,1.0,1.0,0.0,0.929321104387292,1.0,0.963365924183391,0.929321104387292,0.008448666580013676,0.9591527987897126,22.532121957734827,0.7529815785949382,19.07123949406467,0.7297605570756504,28.72919501442957,31.122074466695917,0.9702071717154621,661,27,39314,1728,4,0,0,6144,3343.5642999975244,2026-08-11T14:17:47.678239+00:00
fc19480f0fb4845f,tamper,kodak,kodim05,kodim05|512x768|8,768,512,3,inpaint_removal,0.10,0.099981,B,8,0,20260811,44.20082512297044,0.993173052327498,1.0,1.0,1.0,1.0,0.0,1.0,1.0,1.0,1.0,0.0,0.929321104387292,1.0,0.963365924183391,0.929321104387292,0.008448666580013676,0.9591527987897126,22.61653982547319,0.7858188166013919,19.102444144370875,0.7615519478697793,28.756467949622948,31.176836936811732,0.9736498594951354,661,27,39314,1728,4,0,0,6144,3242.6097999996273,2026-08-11T14:17:50.923320+00:00
cd3273c011ddb9ad,tamper,kodak,kodim05,kodim05|512x768|8,768,512,3,inpaint_removal,0.25,0.249166,A,8,0,20260811,43.36572518877028,0.9918404350737563,1.0,1.0,1.0,1.0,0.0,1.0,1.0,1.0,1.0,0.0,0.9520366915422885,1.0,0.9754290948190036,0.9520366915422885,0.016718601815472158,0.7947761194029851,22.992801944095177,0.6312370964822283,15.013870974465686,0.526382730529377,20.793501608365723,24.34356904093786,0.8722336285547102,1608,330,97976,21120,1,0,0,6144,3465.564699999959,2026-08-11T14:17:54.391528+00:00
029ee51cbb4d549a,tamper,kodak,kodim05,kodim05|512x768|8,768,512,3,inpaint_removal,0.25,0.249166,B,8,0,20260811,44.20082512297044,0.993173052327498,1.0,1.0,1.0,1.0,0.0,1.0,1.0,1.0,1.0,0.0,0.9520366915422885,1.0,0.9754290948190036,0.9520366915422885,0.016718601815472158,0.7947761194029851,23.097303367372383,0.6575542209461536,15.025364574566492,0.5479103500176592,20.806328338269154,24.37870836075725,0.8780331413615928,1608,330,97976,21120,7,0,0,6144,3506.7779000019073,2026-08-11T14:17:57.901660+00:00
629c42bb557cb814,tamper,kodak,kodim05,kodim05|512x768|8,768,512,3,inpaint_removal,0.50,0.493741,A,8,0,20260811,43.36572518877028,0.9918404350737563,1.0,1.0,1.0,1.0,0.0,1.0,1.0,1.0,1.0,0.0,0.9785635080645161,1.0,0.9891656285744127,0.9785635080645161,0.021364451521834138,0.54,24.2033647938343,0.486238733137225,12.592130797087588,0.2981268790774942,15.521199141386877,18.941165600369743,0.6390942119762512,3100,1426,194147,91264,4,0,0,6144,3890.4318999993848,2026-08-11T14:18:01.795141+00:00
e0d0d9754ebd26c2,tamper,kodak,kodim05,kodim05|512x768|8,768,512,3,inpaint_removal,0.50,0.493741,B,8,0,20260811,44.20082512297044,0.993173052327498,1.0,1.0,1.0,1.0,0.0,1.0,1.0,1.0,1.0,0.0,0.9785635080645161,1.0,0.9891656285744127,0.9785635080645161,0.021364451521834138,0.54,24.060669727826948,0.5018720009582387,12.58346512156688,0.3071452315293677,15.512728799126087,18.93460596974654,0.6436896682592946,3100,1426,194147,91264,10,0,0,6144,3952.1980000026815,2026-08-11T14:18:05.748888+00:00
c35e0eada940d579,tamper,kodak,kodim05,kodim05|512x768|8,768,512,3,crop_refill,0.10,0.100128,A,8,0,20260811,43.36572518877028,0.9918404350737563,1.0,1.0,1.0,1.0,0.0,1.0,1.0,1.0,1.0,0.0,0.9113888888888889,1.0,0.9536404592355763,0.9113888888888889,0.010818326720249601,0.9585185185185185,22.093942751048896,0.7659682558060985,17.894444064110274,0.739207313882867,27.631859840440427,29.470696175364868,0.9708429929228921,675,28,39372,1792,0,0,0,6144,3295.0041000003694,2026-08-11T14:18:09.047786+00:00
3b7f019513ab936f,tamper,kodak,kodim05,kodim05|512x768|8,768,512,3,crop_refill,0.10,0.100128,B,8,0,20260811,44.20082512297044,0.993173052327498,1.0,1.0,1.0,1.0,0.0,1.0,1.0,1.0,1.0,0.0,0.9113888888888889,1.0,0.9536404592355763,0.9113888888888889,0.010818326720249601,0.9585185185185185,22.1037519249545,0.7938416203544401,17.89826238814531,0.7658458960751636,27.636928584456058,29.479616672680823,0.9738828674436096,675,28,39372,1792,0,0,0,6144,3366.520600000513,2026-08-11T14:18:12.417532+00:00
69782d7e16c400d0,tamper,kodak,kodim05,kodim05|512x768|8,768,512,3,crop_refill,0.25,0.250488,A,8,0,20260811,43.36572518877028,0.9918404350737563,1.0,1.0,1.0,1.0,0.0,1.0,1.0,1.0,1.0,0.0,0.9648902821316614,1.0,0.9821314613911933,0.9648902821316614,0.01216069489685125,0.8087774294670846,23.76942199451352,0.6601574588344766,15.680149186680259,0.5593654211141137,21.54091428067451,23.91254227828434,0.8824185580919582,1595,305,98496,19520,0,0,0,6144,3245.327399999951,2026-08-11T14:18:15.665552+00:00
d1d488b94dcbb337,tamper,kodak,kodim05,kodim05|512x768|8,768,512,3,crop_refill,0.25,0.250488,B,8,0,20260811,44.20082512297044,0.993173052327498,1.0,1.0,1.0,1.0,0.0,1.0,1.0,1.0,1.0,0.0,0.9648902821316614,1.0,0.9821314613911933,0.9648902821316614,0.01216069489685125,0.8087774294670846,23.939896698651392,0.6864092825038203,15.698076391869984,0.5812291067352671,21.55961645464589,23.949354698572666,0.888114876283805,1595,305,98496,19520,0,0,0,6144,4758.2872999992105,2026-08-11T14:18:20.426732+00:00
7397797afd801439,tamper,kodak,kodim05,kodim05|512x768|8,768,512,3,crop_refill,0.50,0.501058,A,8,0,20260811,43.36572518877028,0.9918404350737563,1.0,1.0,1.0,1.0,0.0,1.0,1.0,1.0,1.0,0.0,0.9717487373737373,1.0,0.9856719763067318,0.9717487373737373,0.029195889740662208,0.5088383838383839,23.58976005546719,0.47729322188141005,11.586034776632241,0.2778120496310533,14.420969752695656,17.1441237322183,0.6149871913299579,3168,1556,197024,99584,0,0,0,6144,3368.4945999993943,2026-08-11T14:18:23.798945+00:00
3d5369138284bbf9,tamper,kodak,kodim05,kodim05|512x768|8,768,512,3,crop_refill,0.50,0.501058,B,8,0,20260811,44.20082512297044,0.993173052327498,1.0,1.0,1.0,1.0,0.0,1.0,1.0,1.0,1.0,0.0,0.9717487373737373,1.0,0.9856719763067318,0.9717487373737373,0.029195889740662208,0.5088383838383839,23.64215595174203,0.49228547040920295,11.585624350627752,0.2861179453233907,14.420895202129762,17.149090400691072,0.6193854424081661,3168,1556,197024,99584,0,0,0,6144,3150.786300000618,2026-08-11T14:18:26.951019+00:00
272b85f1c804bad8,tamper,kodak,kodim05,kodim05|512x768|8,768,512,3,noise,0.10,0.099681,A,8,0,20260811,43.36572518877028,0.9918404350737563,1.0,1.0,1.0,1.0,0.0,1.0,1.0,1.0,1.0,0.0,0.8980021994134897,1.0,0.9462604413113804,0.8980021994134897,0.012575560702785154,0.9486803519061584,23.40891851895212,0.7690477720828903,18.874207021561457,0.740165938255483,28.109790920728763,29.357128879773995,0.9693938204149485,682,35,39196,2240,0,0,0,6144,3431.2981000002765,2026-08-11T14:18:30.385021+00:00
e2c5c2e782c2a477,tamper,kodak,kodim05,kodim05|512x768|8,768,512,3,noise,0.10,0.099681,B,8,0,20260811,44.20082512297044,0.993173052327498,1.0,1.0,1.0,1.0,0.0,1.0,1.0,1.0,1.0,0.0,0.8980021994134897,1.0,0.9462604413113804,0.8980021994134897,0.012575560702785154,0.9486803519061584,23.49511933611219,0.7939693386810142,18.903525597834168,0.7639893241874207,28.14812856554901,29.41190769279646,0.9721893884148035,682,35,39196,2240,0,0,0,6144,3117.9335999986506,2026-08-11T14:18:33.505505+00:00
b89daa5dce3db195,tamper,kodak,kodim05,kodim05|512x768|8,768,512,3,noise,0.25,0.249878,A,8,0,20260811,43.36572518877028,0.9918404350737563,1.0,1.0,1.0,1.0,0.0,1.0,1.0,1.0,1.0,0.0,0.9476851851851852,1.0,0.9731400047539814,0.9476851851851852,0.018388934092758342,0.8012345679012346,22.9146770622491,0.6475884542471412,14.074187107616687,0.5431237510055097,19.786174517426712,20.448730689779822,0.8747963825910263,1620,322,98256,20608,0,0,0,6144,3414.730000000418,2026-08-11T14:18:36.922926+00:00
f198016bc7c4e9df,tamper,kodak,kodim05,kodim05|512x768|8,768,512,3,noise,0.25,0.249878,B,8,0,20260811,44.20082512297044,0.993173052327498,1.0,1.0,1.0,1.0,0.0,1.0,1.0,1.0,1.0,0.0,0.9476851851851852,1.0,0.9731400047539814,0.9476851851851852,0.018388934092758342,0.8012345679012346,22.963475142294456,0.6733167503613173,14.077944502162032,0.5643551636200393,19.788426784379983,20.45396087726525,0.8803604396772483,1620,322,98256,20608,0,0,0,6144,3077.6427000018884,2026-08-11T14:18:40.003237+00:00
d48b6444992f1b87,tamper,kodak,kodim05,kodim05|512x768|8,768,512,3,noise,0.50,0.500595,A,8,0,20260811,43.36572518877028,0.9918404350737563,1.0,1.0,1.0,1.0,0.0,1.0,1.0,1.0,1.0,0.0,0.9733089398734177,1.0,0.9864739577329973,0.9733089398734177,0.027488364040046034,0.5212025316455696,23.630576407086362,0.47143063839598515,11.034969347667875,0.27939472610124705,13.896497751197398,14.054396890739397,0.6169296887548718,3160,1513,196842,96832,0,0,0,6144,3205.8619999988878,2026-08-11T14:18:43.211647+00:00
d6c81dc605a1124a,tamper,kodak,kodim05,kodim05|512x768|8,768,512,3,noise,0.50,0.500595,B,8,0,20260811,44.20082512297044,0.993173052327498,1.0,1.0,1.0,1.0,0.0,1.0,1.0,1.0,1.0,0.0,0.9733089398734177,1.0,0.9864739577329973,0.9733089398734177,0.027488364040046034,0.5212025316455696,23.71600081948728,0.486548557523948,11.03573086465297,0.2879254496515885,13.896671056008966,14.057226917084014,0.6212428224272772,3160,1513,196842,96832,0,0,0,6144,3180.162600001495,2026-08-11T14:18:46.393693+00:00
9e05bfc4a0e4ca37,tamper,kodak,kodim06,kodim06|512x768|8,768,512,3,splice,0.10,0.099902,A,8,0,20260811,43.109793364688954,0.9852149622527514,1.0,1.0,1.0,1.0,0.0,1.0,1.0,1.0,1.0,0.0,0.9428523425499232,1.0,0.9705856918724597,0.9428523425499232,0.006727261939406611,0.9523809523809523,23.6133258851461,0.6801643263822008,17.13919840312964,0.6503209941481718,26.732591828623555,31.174693279869317,0.9621753657263099,651,31,39283,1984,1,0,0,6144,5075.597099999868,2026-08-11T14:18:51.473134+00:00
6e11e4e580ffb407,tamper,kodak,kodim06,kodim06|512x768|8,768,512,3,splice,0.10,0.099902,B,8,0,20260811,44.160069719112386,0.9876272042713422,1.0,1.0,1.0,1.0,0.0,1.0,1.0,1.0,1.0,0.0,0.9428523425499232,1.0,0.9705856918724597,0.9428523425499232,0.006727261939406611,0.9523809523809523,23.151403253662327,0.6685719178301491,17.021805008205778,0.6391833145154786,26.619058606543046,30.913231811614565,0.961014982716199,651,31,39283,1984,0,0,0,6144,4400.633300003392,2026-08-11T14:18:55.876112+00:00
21e8cbffdf6042ac,tamper,kodak,kodim06,kodim06|512x768|8,768,512,3,splice,0.25,0.249888,A,8,0,20260811,43.109793364688954,0.9852149622527514,1.0,1.0,1.0,1.0,0.0,1.0,1.0,1.0,1.0,0.0,0.9430666461916462,1.0,0.9706992274712031,0.9430666461916462,0.020111474253787006,0.8071253071253071,27.32387696705505,0.5885837307024886,15.706219281599296,0.4883532578342018,21.206169613378677,25.685801088556435,0.859804835857008,1628,314,98260,20096,193,0,0,6144,3053.656100000808,2026-08-11T14:18:58.932501+00:00
bd7ee5d768e1619e,tamper,kodak,kodim06,kodim06|512x768|8,768,512,3,splice,0.25,0.249888,B,8,0,20260811,44.160069719112386,0.9876272042713422,1.0,1.0,1.0,1.0,0.0,1.0,1.0,1.0,1.0,0.0,0.9430666461916462,1.0,0.9706992274712031,0.9430666461916462,0.020111474253787006,0.8071253071253071,26.717895736648472,0.5891676117018172,15.637114714148412,0.48841337035408,21.138801514430728,25.60160283367763,0.859753014405311,1628,314,98260,20096,16,0,0,6144,3308.420400000614,2026-08-11T14:19:02.244697+00:00
959497a10dc04b0f,tamper,kodak,kodim06,kodim06|512x768|8,768,512,3,splice,0.50,0.500323,A,8,0,20260811,43.109793364688954,0.9852149622527514,1.0,1.0,1.0,1.0,0.0,1.0,1.0,1.0,1.0,0.0,0.9651442307692307,1.0,0.9822629969418959,0.9651442307692307,0.03616125732259099,0.5117739403453689,26.140859683398467,0.3657336572840238,8.461741302280519,0.20195694610614656,11.165786711245733,16.550925516106062,0.5692257011997789,3185,1555,196735,99520,3,0,0,6144,3296.585700001742,2026-08-11T14:19:05.544333+00:00
191f2b65d97ba499,tamper,kodak,kodim06,kodim06|512x768|8,768,512,3,splice,0.50,0.500323,B,8,0,20260811,44.160069719112386,0.9876272042713422,1.0,1.0,1.0,1.0,0.0,1.0,1.0,1.0,1.0,0.0,0.9651442307692307,1.0,0.9822629969418959,0.9651442307692307,0.03616125732259099,0.5117739403453689,25.794493170195988,0.3638366642782395,8.434176768568438,0.20036891441783886,11.138914073656315,16.547131065475913,0.5684174091015928,3185,1555,196735,99520,0,0,0,6144,3227.3373999996693,2026-08-11T14:19:08.772835+00:00
602b324993b6869d,tamper,kodak,kodim06,kodim06|512x768|8,768,512,3,inpaint_removal,0.10,0.101613,A,8,0,20260811,43.109793364688954,0.9852149622527514,1.0,1.0,1.0,1.0,0.0,1.0,1.0,1.0,1.0,0.0,0.9208148967551623,1.0,0.9587752555550224,0.9208148967551623,0.009726547019192663,0.9572271386430679,28.76366861502653,0.7361293184703989,22.051863586123797,0.708487815428369,31.356384971563926,37.14627396412552,0.9666366715362837,678,29,39956,1856,11,0,0,6144,3334.545400000934,2026-08-11T14:19:12.110538+00:00
d88909cb67470ead,tamper,kodak,kodim06,kodim06|512x768|8,768,512,3,inpaint_removal,0.10,0.101613,B,8,0,20260811,44.160069719112386,0.9876272042713422,1.0,1.0,1.0,1.0,0.0,1.0,1.0,1.0,1.0,0.0,0.9208148967551623,1.0,0.9587752555550224,0.9208148967551623,0.009726547019192663,0.9572271386430679,28.487462175522424,0.7318473992248477,21.95064969376276,0.7041716501472564,31.26009164224587,36.93256011445993,0.9662378961368351,678,29,39956,1856,7,0,0,6144,3263.7071999997715,2026-08-11T14:19:15.377961+00:00
6ad0e0e508c46ae7,tamper,kodak,kodim06,kodim06|512x768|8,768,512,3,inpaint_removal,0.25,0.249413,A,8,0,20260811,43.109793364688954,0.9852149622527514,1.0,1.0,1.0,1.0,0.0,1.0,1.0,1.0,1.0,0.0,0.9506145316377171,1.0,0.9746820975844882,0.9506145316377171,0.017262818362624218,0.8014888337468983,25.289858382860086,0.5743678250959819,14.117778079561099,0.4722189180069411,19.95189449393941,27.38293492708985,0.857753791995617,1612,320,98073,20480,11,0,0,6144,3523.7362000007124,2026-08-11T14:19:18.904719+00:00
33cab494f510599c,tamper,kodak,kodim06,kodim06|512x768|8,768,512,3,inpaint_removal,0.25,0.249413,B,8,0,20260811,44.160069719112386,0.9876272042713422,1.0,1.0,1.0,1.0,0.0,1.0,1.0,1.0,1.0,0.0,0.9506145316377171,1.0,0.9746820975844882,0.9506145316377171,0.017262818362624218,0.8014888337468983,24.915918432972077,0.5677467510840358,14.066911970653042,0.46649141828097007,19.90084237479693,27.252280463322975,0.8563068894894941,1612,320,98073,20480,13,0,0,6144,3762.0670999967842,2026-08-11T14:19:22.669496+00:00
29975edf04923289,tamper,kodak,kodim06,kodim06|512x768|8,768,512,3,inpaint_removal,0.50,0.497337,A,8,0,20260811,43.109793364688954,0.9852149622527514,1.0,1.0,1.0,1.0,0.0,1.0,1.0,1.0,1.0,0.0,0.9728241404011462,1.0,0.9862248950414161,0.9728241404011462,0.027639068073157774,0.5319961795606495,25.581087297454843,0.3690518460819562,7.65946918978897,0.21013172179360876,10.588745661389593,19.631512741771044,0.5859228057762497,3141,1470,195561,94080,35,0,0,6144,5036.4093000025605,2026-08-11T14:19:27.708591+00:00
2342a74fb97de239,tamper,kodak,kodim06,kodim06|512x768|8,768,512,3,inpaint_removal,0.50,0.497337,B,8,0,20260811,44.160069719112386,0.9876272042713422,1.0,1.0,1.0,1.0,0.0,1.0,1.0,1.0,1.0,0.0,0.9728241404011462,1.0,0.9862248950414161,0.9728241404011462,0.027639068073157774,0.5319961795606495,24.910685005615022,0.36618405578724805,7.631547033020408,0.20792893474923985,10.560596510190294,19.584483875204114,0.5846636361785962,3141,1470,195561,94080,39,0,0,6144,4399.042999997619,2026-08-11T14:19:32.109073+00:00
dfd03d14d010998f,tamper,kodak,kodim06,kodim06|512x768|8,768,512,3,crop_refill,0.10,0.100138,A,8,0,20260811,43.109793364688954,0.9852149622527514,1.0,1.0,1.0,1.0,0.0,1.0,1.0,1.0,1.0,0.0,0.9155505952380952,1.0,0.9559137696640124,0.9155505952380952,0.010264526339588515,0.9538690476190477,25.726738607629596,0.6991137375793011,15.938569088769945,0.6690390846507414,25.61726722316008,31.994382831206178,0.9629672053474471,672,31,39376,1984,0,0,0,6144,3345.86710000076,2026-08-11T14:19:35.458155+00:00
8997385750a2352a,tamper,kodak,kodim06,kodim06|512x768|8,768,512,3,crop_refill,0.10,0.100138,B,8,0,20260811,44.160069719112386,0.9876272042713422,1.0,1.0,1.0,1.0,0.0,1.0,1.0,1.0,1.0,0.0,0.9155505952380952,1.0,0.9559137696640124,0.9155505952380952,0.010264526339588515,0.9538690476190477,25.364092759921277,0.7134574533513284,15.893709094922741,0.6827379960736024,25.570424777360135,31.841398850386614,0.9644293358172481,672,31,39376,1984,0,0,0,6144,3280.9557000000495,2026-08-11T14:19:38.742730+00:00
697f459dee72861d,tamper,kodak,kodim06,kodim06|512x768|8,768,512,3,crop_refill,0.25,0.250387,A,8,0,20260811,43.109793364688954,0.9852149622527514,1.0,1.0,1.0,1.0,0.0,1.0,1.0,1.0,1.0,0.0,0.9426317401960784,1.0,0.9704687931238418,0.9426317401960784,0.020328402768353914,0.8002450980392157,28.995615653709308,0.5633561240725766,13.773300660001322,0.4602981174596721,19.370238333995943,24.797133637554953,0.8496436008977439,1632,326,98456,20864,0,0,0,6144,3254.0540999980294,2026-08-11T14:19:42.000679+00:00
6359a1d27579990b,tamper,kodak,kodim06,kodim06|512x768|8,768,512,3,crop_refill,0.25,0.250387,B,8,0,20260811,44.160069719112386,0.9876272042713422,1.0,1.0,1.0,1.0,0.0,1.0,1.0,1.0,1.0,0.0,0.9426317401960784,1.0,0.9704687931238418,0.9426317401960784,0.020328402768353914,0.8002450980392157,28.718098151818804,0.5649530368111471,13.735178885281677,0.4610816110485788,19.33328425641866,24.785404595331396,0.8498468072865641,1632,326,98456,20864,0,0,0,6144,3135.600500001601,2026-08-11T14:19:45.139946+00:00
16ba4f32a57ab51e,tamper,kodak,kodim06,kodim06|512x768|8,768,512,3,crop_refill,0.50,0.500893,A,8,0,20260811,43.109793364688954,0.9852149622527514,1.0,1.0,1.0,1.0,0.0,1.0,1.0,1.0,1.0,0.0,0.9451733338452089,1.0,0.9718139945675638,0.9451733338452089,0.05821448406935804,0.49570024570024573,25.65474550088569,0.3486177357916888,8.876206139804836,0.18831203042918224,11.471018031395088,15.991220892421065,0.5542662237150164,3256,1642,196959,105088,0,0,0,6144,3164.7206999987247,2026-08-11T14:19:48.307753+00:00
ff651a6e01b8a4be,tamper,kodak,kodim06,kodim06|512x768|8,768,512,3,crop_refill,0.50,0.500893,B,8,0,20260811,44.160069719112386,0.9876272042713422,1.0,1.0,1.0,1.0,0.0,1.0,1.0,1.0,1.0,0.0,0.9451733338452089,1.0,0.9718139945675638,0.9451733338452089,0.05821448406935804,0.49570024570024573,25.228879160686954,0.3447565344781236,8.844634163700707,0.18566018205028317,11.440402981997739,15.982452579600272,0.5529224534526126,3256,1642,196959,105088,1,0,0,6144,2986.469899999065,2026-08-11T14:19:51.295842+00:00
f3308704cf04cded,tamper,kodak,kodim06,kodim06|512x768|8,768,512,3,noise,0.10,0.099932,A,8,0,20260811,43.109793364688954,0.9852149622527514,1.0,1.0,1.0,1.0,0.0,1.0,1.0,1.0,1.0,0.0,0.9232847744360902,1.0,0.9601123938672043,0.9232847744360902,0.00922522257791993,0.9578947368421052,24.684924753582944,0.727851964322712,19.568527805451062,0.7031994100065059,29.073934180288987,30.855062688752444,0.9662016327987387,665,28,39295,1792,0,0,0,6144,3011.6645000016433,2026-08-11T14:19:54.310297+00:00
a719cae2c9785bba,tamper,kodak,kodim06,kodim06|512x768|8,768,512,3,noise,0.10,0.099932,B,8,0,20260811,44.160069719112386,0.9876272042713422,1.0,1.0,1.0,1.0,0.0,1.0,1.0,1.0,1.0,0.0,0.9232847744360902,1.0,0.9601123938672043,0.9232847744360902,0.00922522257791993,0.9578947368421052,24.333778868328764,0.7154944966316854,19.447566132007957,0.6911213472082776,28.960831086126888,30.71334211714067,0.9650944929928582,665,28,39295,1792,0,0,0,6144,3105.4450000010547,2026-08-11T14:19:57.418017+00:00
880dee75b70d7902,tamper,kodak,kodim06,kodim06|512x768|8,768,512,3,noise,0.25,0.250130,A,8,0,20260811,43.109793364688954,0.9852149622527514,1.0,1.0,1.0,1.0,0.0,1.0,1.0,1.0,1.0,0.0,0.9353602404138771,1.0,0.9666006574712419,0.9353602404138771,0.02305153953896921,0.7961046865489958,24.414500741774162,0.5603011777125017,12.977398742780457,0.4595526226277954,18.704201518355774,21.706878147966073,0.8514673804035743,1643,335,98355,21440,0,0,0,6144,3100.6948000031116,2026-08-11T14:20:00.520925+00:00
8e56c6199dd7ebee,tamper,kodak,kodim06,kodim06|512x768|8,768,512,3,noise,0.25,0.250130,B,8,0,20260811,44.160069719112386,0.9876272042713422,1.0,1.0,1.0,1.0,0.0,1.0,1.0,1.0,1.0,0.0,0.9353602404138771,1.0,0.9666006574712419,0.9353602404138771,0.02305153953896921,0.7961046865489958,23.98630301654216,0.5492359142487703,12.924497859768882,0.4501377997260489,18.650785089157825,21.657797311739458,0.8489444214277849,1643,335,98355,21440,0,0,0,6144,3354.8278999987815,2026-08-11T14:20:03.881888+00:00
3bb119549cebcb8a,tamper,kodak,kodim06,kodim06|512x768|8,768,512,3,noise,0.50,0.499659,A,8,0,20260811,43.109793364688954,0.9852149622527514,1.0,1.0,1.0,1.0,0.0,1.0,1.0,1.0,1.0,0.0,0.9789241868622449,1.0,0.989349863285479,0.9789241868622449,0.02150023889154324,0.5328443877551021,28.007772073728525,0.3552432017911417,8.631812236755264,0.19950721694986334,11.562021734505079,15.049750524630394,0.5849142363016946,3136,1465,196474,93760,0,0,0,6144,3336.3900000003923,2026-08-11T14:20:07.220909+00:00
6a99370f7ca0e428,tamper,kodak,kodim06,kodim06|512x768|8,768,512,3,noise,0.50,0.499659,B,8,0,20260811,44.160069719112386,0.9876272042713422,1.0,1.0,1.0,1.0,0.0,1.0,1.0,1.0,1.0,0.0,0.9789241868622449,1.0,0.989349863285479,0.9789241868622449,0.02150023889154324,0.5328443877551021,27.46786472060966,0.3567117825966468,8.605232307194566,0.1999088191423186,11.534161332192976,15.041052449204395,0.5850746768916251,3136,1465,196474,93760,0,0,0,6144,3190.962999997282,2026-08-11T14:20:10.414692+00:00
475db6718ae044f5,tamper,kodak,kodim07,kodim07|512x768|8,768,512,3,splice,0.10,0.100141,A,8,0,20260811,43.18538993017615,0.9801051209155479,1.0,1.0,1.0,1.0,0.0,1.0,1.0,1.0,1.0,0.0,0.932220643939394,1.0,0.96492152370217,0.932220643939394,0.008091250540500057,0.9621212121212122,35.02355278278944,0.8700844465304037,20.886585288172267,0.8401802056283582,30.33574839352733,34.69488268802344,0.9819900474765797,660,25,39377,1600,0,0,0,6144,4380.605400001514,2026-08-11T14:20:14.798866+00:00
d9e0a71c29e8b2b4,tamper,kodak,kodim07,kodim07|512x768|8,768,512,3,splice,0.10,0.100141,B,8,0,20260811,44.34069923142346,0.9827258553475978,1.0,1.0,1.0,1.0,0.0,1.0,1.0,1.0,1.0,0.0,0.932220643939394,1.0,0.96492152370217,0.932220643939394,0.008091250540500057,0.9621212121212122,33.56190835244631,0.8726444105617865,20.792871565229184,0.8425572592008548,30.248156934336844,34.531124783063184,0.9821866793299486,660,25,39377,1600,0,0,0,6144,4445.423700002721,2026-08-11T14:20:19.247164+00:00
87529f46d0637a18,tamper,kodak,kodim07,kodim07|512x768|8,768,512,3,splice,0.25,0.249967,A,8,0,20260811,43.18538993017615,0.9801051209155479,1.0,1.0,1.0,1.0,0.0,1.0,1.0,1.0,1.0,0.0,0.9628820532915361,1.0,0.9810900779054853,0.9628820532915361,0.012847334067983386,0.8075235109717869,31.667522175717533,0.683406021917532,13.969828571491462,0.5637671226417182,19.677717493405808,23.77932910293041,0.8810975517418967,1595,307,98291,19648,3,0,0,6144,3153.8578999970923,2026-08-11T14:20:22.402734+00:00
1d8dd58898b1b0d1,tamper,kodak,kodim07,kodim07|512x768|8,768,512,3,splice,0.25,0.249967,B,8,0,20260811,44.34069923142346,0.9827258553475978,1.0,1.0,1.0,1.0,0.0,1.0,1.0,1.0,1.0,0.0,0.9628820532915361,1.0,0.9810900779054853,0.9628820532915361,0.012847334067983386,0.8075235109717869,29.625484001500375,0.6722155045687499,13.903344658941704,0.5540896588426373,19.614475474280216,23.695057228007524,0.8785893499624212,1595,307,98291,19648,0,0,0,6144,3156.1065999994753,2026-08-11T14:20:25.562091+00:00
de1f1bccac0450e0,tamper,kodak,kodim07,kodim07|512x768|8,768,512,3,splice,0.50,0.499435,A,8,0,20260811,43.18538993017615,0.9801051209155479,1.0,1.0,1.0,1.0,0.0,1.0,1.0,1.0,1.0,0.0,0.9797353927203065,1.0,0.9897639819168721,0.9797353927203065,0.020637098003353147,0.5300127713920817,30.836909524298605,0.4343052725476901,10.185376746628696,0.24808227859446946,13.09749553347232,17.205241694113433,0.6006239923259165,3132,1472,196386,94208,4,0,0,6144,3398.660700000619,2026-08-11T14:20:28.962957+00:00
d0fdbdd283ed478d,tamper,kodak,kodim07,kodim07|512x768|8,768,512,3,splice,0.50,0.499435,B,8,0,20260811,44.34069923142346,0.9827258553475978,1.0,1.0,1.0,1.0,0.0,1.0,1.0,1.0,1.0,0.0,0.9797353927203065,1.0,0.9897639819168721,0.9797353927203065,0.020637098003353147,0.5300127713920817,29.404210087486256,0.4251229115391481,10.145452857319182,0.2422865739420214,13.057978014966626,17.189801437970484,0.5976847041899026,3132,1472,196386,94208,0,0,0,6144,3259.9246999998286,2026-08-11T14:20:32.225833+00:00
58b80246292fc933,tamper,kodak,kodim07,kodim07|512x768|8,768,512,3,inpaint_removal,0.10,0.099116,A,8,0,20260811,43.18538993017615,0.9801051209155479,1.0,1.0,1.0,1.0,0.0,1.0,1.0,1.0,1.0,0.0,0.9254844224924013,1.0,0.9613003477789014,0.9254844224924013,0.008858351070736953,0.9498480243161094,26.679202510712837,0.7896024477228953,18.716367616117534,0.7543857353439221,28.481197408819135,34.60712936916171,0.9731172312311389,658,33,38974,2112,14,0,0,6144,3379.271300000255,2026-08-11T14:20:35.608142+00:00
bd04ee45bc2d5f59,tamper,kodak,kodim07,kodim07|512x768|8,768,512,3,inpaint_removal,0.10,0.099116,B,8,0,20260811,44.34069923142346,0.9827258553475978,1.0,1.0,1.0,1.0,0.0,1.0,1.0,1.0,1.0,0.0,0.9254844224924013,1.0,0.9613003477789014,0.9254844224924013,0.008858351070736953,0.9498480243161094,26.157596968156437,0.7957853991855119,18.596690323047017,0.7599595558095713,28.362378787920438,34.27528168661639,0.9736477146014234,658,33,38974,2112,5,0,0,6144,3505.539800000406,2026-08-11T14:20:39.116915+00:00
cdd67dbc68dc773b,tamper,kodak,kodim07,kodim07|512x768|8,768,512,3,inpaint_removal,0.25,0.250514,A,8,0,20260811,43.18538993017615,0.9801051209155479,1.0,1.0,1.0,1.0,0.0,1.0,1.0,1.0,1.0,0.0,0.9559976708074535,1.0,0.9775038948924811,0.9559976708074535,0.015384615384615385,0.7807453416149068,33.767071228276876,0.6616433386040108,14.159714609398943,0.5280760730130436,19.972379468263565,29.073702716063924,0.8740658744167819,1610,353,98506,22592,63,0,0,6144,3605.825400001777,2026-08-11T14:20:42.726169+00:00
a71066aecbdfb3bc,tamper,kodak,kodim07,kodim07|512x768|8,768,512,3,inpaint_removal,0.25,0.250514,B,8,0,20260811,44.34069923142346,0.9827258553475978,1.0,1.0,1.0,1.0,0.0,1.0,1.0,1.0,1.0,0.0,0.9559976708074535,1.0,0.9775038948924811,0.9559976708074535,0.015384615384615385,0.7807453416149068,31.044334532788277,0.6475254050971304,14.093312206330811,0.5161884410124874,19.905634624113397,28.836540071285583,0.8708753991169332,1610,353,98506,22592,41,0,0,6144,3575.541300000623,2026-08-11T14:20:46.305201+00:00
b3f68306307bc81d,tamper,kodak,kodim07,kodim07|512x768|8,768,512,3,inpaint_removal,0.50,0.502581,A,8,0,20260811,43.18538993017615,0.9801051209155479,1.0,1.0,1.0,1.0,0.0,1.0,1.0,1.0,1.0,0.0,0.9640522556977833,1.0,0.9816971548501671,0.9640522556977833,0.03767517242437102,0.5145176397127693,30.889126254748444,0.4277248124076434,10.03328951646055,0.23514307707205898,12.85804526518035,19.7198676343166,0.5891655853028607,3203,1555,197623,99520,92,0,0,6144,3964.614399999846,2026-08-11T14:20:50.273479+00:00
ae9c3e5ec197caa5,tamper,kodak,kodim07,kodim07|512x768|8,768,512,3,inpaint_removal,0.50,0.502581,B,8,0,20260811,44.34069923142346,0.9827258553475978,1.0,1.0,1.0,1.0,0.0,1.0,1.0,1.0,1.0,0.0,0.9640522556977833,1.0,0.9816971548501671,0.9640522556977833,0.03767517242437102,0.5145176397127693,29.4818256888318,0.4188557284266929,9.994671269747178,0.22971955940729694,12.819117764516353,19.70522374663892,0.586437090094424,3203,1555,197623,99520,85,0,0,6144,3734.895499997947,2026-08-11T14:20:54.012538+00:00
b1f0f3e09a60bcd5,tamper,kodak,kodim07,kodim07|512x768|8,768,512,3,crop_refill,0.10,0.099742,A,8,0,20260811,43.18538993017615,0.9801051209155479,1.0,1.0,1.0,1.0,0.0,1.0,1.0,1.0,1.0,0.0,0.9486261609907121,1.0,0.9736358671366864,0.9486261609907121,0.006000067797376242,0.958204334365325,28.360370046386354,0.8132393728156623,21.84312550861355,0.7858100411959793,31.612894699566,34.03077259155599,0.9763933530752792,646,27,39220,1728,0,0,0,6144,3225.5850000001374,2026-08-11T14:20:57.240923+00:00
0df6cddf5a3a41d7,tamper,kodak,kodim07,kodim07|512x768|8,768,512,3,crop_refill,0.10,0.099742,B,8,0,20260811,44.34069923142346,0.9827258553475978,1.0,1.0,1.0,1.0,0.0,1.0,1.0,1.0,1.0,0.0,0.9486261609907121,1.0,0.9736358671366864,0.9486261609907121,0.006000067797376242,0.958204334365325,27.533515134371008,0.8320431844100732,21.62968014282339,0.8038975291681899,31.39673068130458,33.689156712393746,0.9783254300508487,646,27,39220,1728,0,0,0,6144,3176.7620999999053,2026-08-11T14:21:00.420350+00:00
2ded7f4d45855eed,tamper,kodak,kodim07,kodim07|512x768|8,768,512,3,crop_refill,0.25,0.249644,A,8,0,20260811,43.18538993017615,0.9801051209155479,1.0,1.0,1.0,1.0,0.0,1.0,1.0,1.0,1.0,0.0,0.9295833333333333,1.0,0.9635068019866119,0.9295833333333333,0.02520233721513496,0.8024242424242425,30.873520631503318,0.6807645799699968,13.612057520405054,0.5586502193541616,19.253854104039405,25.5538474132089,0.87689728037082,1650,326,98164,20864,0,0,0,6144,3253.3761999984563,2026-08-11T14:21:03.676554+00:00
67e459f0a86692f7,tamper,kodak,kodim07,kodim07|512x768|8,768,512,3,crop_refill,0.25,0.249644,B,8,0,20260811,44.34069923142346,0.9827258553475978,1.0,1.0,1.0,1.0,0.0,1.0,1.0,1.0,1.0,0.0,0.9295833333333333,1.0,0.9635068019866119,0.9295833333333333,0.02520233721513496,0.8024242424242425,28.962070472950117,0.6666664030990923,13.547300227877779,0.5466471474655994,19.19100973473268,25.41335026965576,0.8738745718928769,1650,326,98164,20864,0,0,0,6144,3364.22279999897,2026-08-11T14:21:07.043570+00:00
786c0b48df9a34ab,tamper,kodak,kodim07,kodim07|512x768|8,768,512,3,crop_refill,0.50,0.499832,A,8,0,20260811,43.18538993017615,0.9801051209155479,1.0,1.0,1.0,1.0,0.0,1.0,1.0,1.0,1.0,0.0,0.9608788329161452,1.0,0.9800491665129175,0.9608788329161452,0.04068661846507418,0.5087609511889862,29.664974247544933,0.44314428201145295,10.39753002618587,0.24959747334627835,13.206922991068492,18.65676993381402,0.5938188902059828,3196,1570,196542,100480,0,0,0,6144,3200.4151999972237,2026-08-11T14:21:10.246591+00:00
0b23c364b4a7495c,tamper,kodak,kodim07,kodim07|512x768|8,768,512,3,crop_refill,0.50,0.499832,B,8,0,20260811,44.34069923142346,0.9827258553475978,1.0,1.0,1.0,1.0,0.0,1.0,1.0,1.0,1.0,0.0,0.9608788329161452,1.0,0.9800491665129175,0.9608788329161452,0.04068661846507418,0.5087609511889862,28.532060542452896,0.4365538385785359,10.356742980178966,0.24545660993819135,13.166158861022957,18.631553445453218,0.5916497177081702,3196,1570,196542,100480,1,0,0,6144,3533.8980999986234,2026-08-11T14:21:13.783544+00:00
9e175226900db5d5,tamper,kodak,kodim07,kodim07|512x768|8,768,512,3,noise,0.10,0.099658,A,8,0,20260811,43.18538993017615,0.9801051209155479,1.0,1.0,1.0,1.0,0.0,1.0,1.0,1.0,1.0,0.0,0.9277225378787879,1.0,0.9625062939811119,0.9277225378787879,0.008623587333241062,0.9393939393939394,28.951268498596644,0.7923565305505311,18.91054606739029,0.7515932030788692,28.38302866681095,30.647385442053437,0.9717823520906655,660,40,39187,2560,0,0,0,6144,3583.3768000011332,2026-08-11T14:21:17.371676+00:00
d75f61a0f6593703,tamper,kodak,kodim07,kodim07|512x768|8,768,512,3,noise,0.10,0.099658,B,8,0,20260811,44.34069923142346,0.9827258553475978,1.0,1.0,1.0,1.0,0.0,1.0,1.0,1.0,1.0,0.0,0.9277225378787879,1.0,0.9625062939811119,0.9277225378787879,0.008623587333241062,0.9393939393939394,28.334379445211233,0.8102643671367171,18.819775428650036,0.7683489860094419,28.293793876989245,30.56036769432627,0.973521036618907,660,40,39187,2560,0,0,0,6144,3956.4657999981137,2026-08-11T14:21:21.330960+00:00
ca0cf0eede52d1af,tamper,kodak,kodim07,kodim07|512x768|8,768,512,3,noise,0.25,0.249374,A,8,0,20260811,43.18538993017615,0.9801051209155479,1.0,1.0,1.0,1.0,0.0,1.0,1.0,1.0,1.0,0.0,0.945775462962963,1.0,0.972132171430271,0.945775462962963,0.019047425446709898,0.795679012345679,31.08006830599929,0.684177704250172,14.466990822682877,0.5611696708086543,20.038894673604077,21.959864123906797,0.8787129632887593,1620,331,98058,21184,0,0,0,6144,3599.2210999975214,2026-08-11T14:21:24.932967+00:00
a2e392ada1fb62ee,tamper,kodak,kodim07,kodim07|512x768|8,768,512,3,noise,0.25,0.249374,B,8,0,20260811,44.34069923142346,0.9827258553475978,1.0,1.0,1.0,1.0,0.0,1.0,1.0,1.0,1.0,0.0,0.945775462962963,1.0,0.972132171430271,0.945775462962963,0.019047425446709898,0.795679012345679,29.012239804048903,0.6685259381697912,14.387972849742638,0.5479815314241595,19.96451254426498,21.90796165482216,0.8752816376542203,1620,331,98058,21184,0,0,0,6144,3509.3331999996735,2026-08-11T14:21:28.445488+00:00
024549d5a499af98,tamper,kodak,kodim07,kodim07|512x768|8,768,512,3,noise,0.50,0.499878,A,8,0,20260811,43.18538993017615,0.9801051209155479,1.0,1.0,1.0,1.0,0.0,1.0,1.0,1.0,1.0,0.0,0.9627742946708464,1.0,0.981034138550609,0.9627742946708464,0.03864616385973477,0.5225705329153605,30.87243187225809,0.43579791869227175,10.222536144500307,0.244612539074908,13.0365972042995,15.502852757062573,0.5931210758430397,3190,1523,196560,97472,0,0,0,6144,3567.632700000104,2026-08-11T14:21:32.015902+00:00
075ba13809a64694,tamper,kodak,kodim07,kodim07|512x768|8,768,512,3,noise,0.50,0.499878,B,8,0,20260811,44.34069923142346,0.9827258553475978,1.0,1.0,1.0,1.0,0.0,1.0,1.0,1.0,1.0,0.0,0.9627742946708464,1.0,0.981034138550609,0.9627742946708464,0.03864616385973477,0.5225705329153605,29.471998061234444,0.42676533274070166,10.182562808986654,0.23902952576507241,12.996976400123486,15.501815209629768,0.5903232340584582,3190,1523,196560,97472,0,0,0,6144,3222.986500000843,2026-08-11T14:21:35.242001+00:00
8a6f4eae9b64d2e6,tamper,kodak,kodim08,kodim08|512x768|8,768,512,3,splice,0.10,0.100154,A,8,0,20260811,43.27840075098499,0.9922333643166463,1.0,1.0,1.0,1.0,0.0,1.0,1.0,1.0,1.0,0.0,0.9466826923076923,1.0,0.9726111975500729,0.9466826923076923,0.006268476178094813,0.9553846153846154,23.374992372336333,0.7374335599200562,17.677057733346214,0.7091730343501951,27.538488678789793,30.17109197664853,0.9684314455870053,650,29,39382,1856,1,0,0,6144,4326.8151999982365,2026-08-11T14:21:39.571896+00:00
2946e7d29fc35a9a,tamper,kodak,kodim08,kodim08|512x768|8,768,512,3,splice,0.10,0.100154,B,8,0,20260811,44.22671179114411,0.9934720830998387,1.0,1.0,1.0,1.0,0.0,1.0,1.0,1.0,1.0,0.0,0.9466826923076923,1.0,0.9726111975500729,0.9466826923076923,0.006268476178094813,0.9553846153846154,22.878364807826472,0.739218711354795,17.53215331175328,0.7107772949178511,27.389272604344022,29.92906877683128,0.9686122303433516,650,29,39382,1856,0,0,0,6144,4114.4606999987445,2026-08-11T14:21:43.688934+00:00
e88011452aacddf9,tamper,kodak,kodim08,kodim08|512x768|8,768,512,3,splice,0.25,0.249939,A,8,0,20260811,43.27840075098499,0.9922333643166463,1.0,1.0,1.0,1.0,0.0,1.0,1.0,1.0,1.0,0.0,0.9658018867924528,1.0,0.9826034793041393,0.9658018867924528,0.011799169989421434,0.7981132075471697,21.195736144326652,0.6003764669938084,13.089106146572236,0.4962558632582231,18.922550711649855,22.34763022942612,0.8644796254216134,1590,321,98280,20544,1,0,0,6144,3085.960199998226,2026-08-11T14:21:46.777771+00:00
79ce81fb25b4cf0a,tamper,kodak,kodim08,kodim08|512x768|8,768,512,3,splice,0.25,0.249939,B,8,0,20260811,44.22671179114411,0.9934720830998387,1.0,1.0,1.0,1.0,0.0,1.0,1.0,1.0,1.0,0.0,0.9658018867924528,1.0,0.9826034793041393,0.9658018867924528,0.011799169989421434,0.7981132075471697,21.036635758210913,0.6024088077821285,13.054583351990516,0.4974125385951902,18.890998002422034,22.314189857304463,0.8649868694030581,1590,321,98280,20544,0,0,0,6144,3031.2283000021125,2026-08-11T14:21:49.811517+00:00
d64f723e39d22731,tamper,kodak,kodim08,kodim08|512x768|8,768,512,3,splice,0.50,0.420573,A,8,0,20260811,43.27840075098499,0.9922333643166463,1.0,1.0,1.0,1.0,0.0,1.0,1.0,1.0,1.0,0.0,0.9847560975609756,1.0,0.9923195084485407,0.9847560975609756,0.011235955056179775,0.6257621951219512,22.976939746811876,0.4932719755763969,8.387086725904798,0.32752629435254854,12.10580443440017,16.300271707860723,0.7098249993926417,2624,982,165376,62848,183,0,0,6144,3135.1590000012948,2026-08-11T14:21:52.949521+00:00
68f367814d871816,tamper,kodak,kodim08,kodim08|512x768|8,768,512,3,splice,0.50,0.420573,B,8,0,20260811,44.22671179114411,0.9934720830998387,1.0,1.0,1.0,1.0,0.0,1.0,1.0,1.0,1.0,0.0,0.9847560975609756,1.0,0.9923195084485407,0.9847560975609756,0.011235955056179775,0.6257621951219512,21.885482165710258,0.4826756466421729,8.348511494244335,0.3199334588278005,12.067070098764392,16.236443603561735,0.7065680646141238,2624,982,165376,62848,28,0,0,6144,3277.6481000000786,2026-08-11T14:21:56.229468+00:00
a4c85fda0a3c6ac7,tamper,kodak,kodim08,kodim08|512x768|8,768,512,3,inpaint_removal,0.10,0.099759,A,8,0,20260811,43.27840075098499,0.9922333643166463,1.0,1.0,1.0,1.0,0.0,1.0,1.0,1.0,1.0,0.0,0.9175477170658682,1.0,0.9570011832298515,0.9175477170658682,0.009957936546050867,0.9580838323353293,23.032605616622366,0.7590057841443644,17.04429425099175,0.73082977999021,26.490080877011913,31.218178412129202,0.9697266529383106,668,28,39227,1792,4,0,0,6144,3512.0053999999072,2026-08-11T14:21:59.744028+00:00
f415ce0cdd645f1b,tamper,kodak,kodim08,kodim08|512x768|8,768,512,3,inpaint_removal,0.10,0.099759,B,8,0,20260811,44.22671179114411,0.9934720830998387,1.0,1.0,1.0,1.0,0.0,1.0,1.0,1.0,1.0,0.0,0.9175477170658682,1.0,0.9570011832298515,0.9175477170658682,0.009957936546050867,0.9580838323353293,21.94589388534076,0.7462039311255796,16.752031356990493,0.7184128521438106,26.2123982351784,30.45021702066924,0.9684261291721405,668,28,39227,1792,0,0,0,6144,3317.846699999791,2026-08-11T14:22:03.065275+00:00
3687cc21ee7cf88a,tamper,kodak,kodim08,kodim08|512x768|8,768,512,3,inpaint_removal,0.25,0.249758,A,8,0,20260811,43.27840075098499,0.9922333643166463,1.0,1.0,1.0,1.0,0.0,1.0,1.0,1.0,1.0,0.0,0.9578749219725343,1.0,0.9784842854082706,0.9578749219725343,0.014640330568427189,0.8008739076154807,21.198900047057588,0.6118464807784878,12.907745116535626,0.5086318726328117,18.750761843692544,23.060611366959613,0.868314904649749,1602,319,98209,20416,27,0,0,6144,3570.866999998543,2026-08-11T14:22:06.640539+00:00
bf75360454ab384c,tamper,kodak,kodim08,kodim08|512x768|8,768,512,3,inpaint_removal,0.25,0.249758,B,8,0,20260811,44.22671179114411,0.9934720830998387,1.0,1.0,1.0,1.0,0.0,1.0,1.0,1.0,1.0,0.0,0.9578749219725343,1.0,0.9784842854082706,0.9578749219725343,0.014640330568427189,0.8008739076154807,21.008658648367028,0.6156727510438426,12.870425577417844,0.5111974640524267,18.711600872086546,22.99630958930839,0.8690608782272061,1602,319,98209,20416,23,0,0,6144,3574.5707000023685,2026-08-11T14:22:10.218190+00:00
04b2a150932ace16,tamper,kodak,kodim08,kodim08|512x768|8,768,512,3,inpaint_removal,0.50,0.495542,A,8,0,20260811,43.27840075098499,0.9922333643166463,1.0,1.0,1.0,1.0,0.0,1.0,1.0,1.0,1.0,0.0,0.9745868677976952,1.0,0.9871298991111752,0.9745868677976952,0.025614914222049697,0.5166453265044815,23.064962607855218,0.4081522369077403,8.632491061666649,0.23269987451227392,11.566601068527302,17.02579615871783,0.6026702428232616,3124,1510,194855,96640,3,0,0,6144,3984.5131000001857,2026-08-11T14:22:14.205374+00:00
474d33b60bc3d84e,tamper,kodak,kodim08,kodim08|512x768|8,768,512,3,inpaint_removal,0.50,0.495542,B,8,0,20260811,44.22671179114411,0.9934720830998387,1.0,1.0,1.0,1.0,0.0,1.0,1.0,1.0,1.0,0.0,0.9745868677976952,1.0,0.9871298991111752,0.9745868677976952,0.025614914222049697,0.5166453265044815,22.449512165430985,0.40483025708280707,8.605522145735142,0.23027093406870555,11.539722847393783,16.992459830959884,0.6014209229396063,3124,1510,194855,96640,6,0,0,6144,3924.8159999988275,2026-08-11T14:22:18.133369+00:00
f86c713397850521,tamper,kodak,kodim08,kodim08|512x768|8,768,512,3,crop_refill,0.10,0.099645,A,8,0,20260811,43.27840075098499,0.9922333643166463,1.0,1.0,1.0,1.0,0.0,1.0,1.0,1.0,1.0,0.0,0.9206296992481203,1.0,0.9586748550316851,0.9206296992481203,0.009541456470282515,0.9473684210526316,22.259230271377646,0.7597217974911549,15.934909656406244,0.7239657035761216,25.71629138837355,29.581843367989155,0.9695735937309506,665,35,39182,2240,0,0,0,6144,3139.907700002368,2026-08-11T14:22:21.275880+00:00
847771a03a564390,tamper,kodak,kodim08,kodim08|512x768|8,768,512,3,crop_refill,0.10,0.099645,B,8,0,20260811,44.22671179114411,0.9934720830998387,1.0,1.0,1.0,1.0,0.0,1.0,1.0,1.0,1.0,0.0,0.9206296992481203,1.0,0.9586748550316851,0.9206296992481203,0.009541456470282515,0.9473684210526316,21.305945196266638,0.7392290327105605,15.698465468837679,0.7042701488438287,25.477743074058555,29.04126164803204,0.9674193913736707,665,35,39182,2240,0,0,0,6144,3170.3573999984656,2026-08-11T14:22:24.449652+00:00
2a8229ba22dabb0c,tamper,kodak,kodim08,kodim08|512x768|8,768,512,3,crop_refill,0.25,0.250079,A,8,0,20260811,43.27840075098499,0.9922333643166463,1.0,1.0,1.0,1.0,0.0,1.0,1.0,1.0,1.0,0.0,0.975545634920635,1.0,0.9876214628267256,0.975545634920635,0.008359304261719134,0.8095238095238095,23.391946744066633,0.6466333768653008,12.30761091766091,0.5396285005640337,18.132616275290786,21.44835310389572,0.8770246714763189,1575,300,98335,19200,0,0,0,6144,3020.4114000007394,2026-08-11T14:22:27.473176+00:00
0651362206b3adef,tamper,kodak,kodim08,kodim08|512x768|8,768,512,3,crop_refill,0.25,0.250079,B,8,0,20260811,44.22671179114411,0.9934720830998387,1.0,1.0,1.0,1.0,0.0,1.0,1.0,1.0,1.0,0.0,0.975545634920635,1.0,0.9876214628267256,0.975545634920635,0.008359304261719134,0.8095238095238095,22.33805824538895,0.6372466576784933,12.221393029790196,0.5311885714717091,18.04765527558962,21.294726348419385,0.8748151975724779,1575,300,98335,19200,0,0,0,6144,3018.1014999980107,2026-08-11T14:22:30.493642+00:00
6fc3d528ee50bf7a,tamper,kodak,kodim08,kodim08|512x768|8,768,512,3,crop_refill,0.50,0.500031,A,8,0,20260811,43.27840075098499,0.9922333643166463,1.0,1.0,1.0,1.0,0.0,1.0,1.0,1.0,1.0,0.0,0.9799641148325359,1.0,0.9898806826763329,0.9799641148325359,0.020448025392174815,0.527591706539075,22.182242512583073,0.41123347624403817,9.864955506127322,0.2387926802210134,12.776385775246439,16.3957151392029,0.598632633287644,3135,1481,196620,94784,0,0,0,6144,3190.6966999995348,2026-08-11T14:22:33.687076+00:00
4c734b2c9f4d66e4,tamper,kodak,kodim08,kodim08|512x768|8,768,512,3,crop_refill,0.50,0.500031,B,8,0,20260811,44.22671179114411,0.9934720830998387,1.0,1.0,1.0,1.0,0.0,1.0,1.0,1.0,1.0,0.0,0.9799641148325359,1.0,0.9898806826763329,0.9799641148325359,0.020448025392174815,0.527591706539075,22.036637169665042,0.41503256404538486,9.84398226141428,0.24027568038519545,12.75516960828397,16.385833943000762,0.5993540787786148,3135,1481,196620,94784,0,0,0,6144,3142.3923000002105,2026-08-11T14:22:36.832391+00:00
4c5f9a36ce775b63,tamper,kodak,kodim08,kodim08|512x768|8,768,512,3,noise,0.10,0.099508,A,8,0,20260811,43.27840075098499,0.9922333643166463,1.0,1.0,1.0,1.0,0.0,1.0,1.0,1.0,1.0,0.0,0.9464009287925697,1.0,0.9724624714186301,0.9464009287925697,0.0062583312622850815,0.9427244582043344,24.599876234312156,0.7478161002380909,16.506013451165263,0.7087207793741587,26.46736099850886,28.962991624089817,0.968856598903931,646,37,39128,2368,0,0,0,6144,3092.2731999999087,2026-08-11T14:22:39.927666+00:00
d551f493d88254da,tamper,kodak,kodim08,kodim08|512x768|8,768,512,3,noise,0.10,0.099508,B,8,0,20260811,44.22671179114411,0.9934720830998387,1.0,1.0,1.0,1.0,0.0,1.0,1.0,1.0,1.0,0.0,0.9464009287925697,1.0,0.9724624714186301,0.9464009287925697,0.0062583312622850815,0.9427244582043344,23.451883518554855,0.7462840031184051,16.30419543790202,0.7070603263363983,26.263085576710395,28.631018235451858,0.9686939799037875,646,37,39128,2368,0,0,0,6144,3030.569899998227,2026-08-11T14:22:42.961025+00:00
48a3ba662e66f249,tamper,kodak,kodim08,kodim08|512x768|8,768,512,3,noise,0.25,0.250170,A,8,0,20260811,43.27840075098499,0.9922333643166463,1.0,1.0,1.0,1.0,0.0,1.0,1.0,1.0,1.0,0.0,0.9630619517543859,1.0,0.9811834526095304,0.9630619517543859,0.012796554121657143,0.8076441102756893,22.971752634081906,0.6302241523771736,11.452589413145384,0.5221200565391967,17.333847227659376,20.581098609014465,0.872433675787133,1596,307,98371,19648,0,0,0,6144,3120.853700002044,2026-08-11T14:22:46.084588+00:00
c9ca92f65c7f8226,tamper,kodak,kodim08,kodim08|512x768|8,768,512,3,noise,0.25,0.250170,B,8,0,20260811,44.22671179114411,0.9934720830998387,1.0,1.0,1.0,1.0,0.0,1.0,1.0,1.0,1.0,0.0,0.9630619517543859,1.0,0.9811834526095304,0.9630619517543859,0.012796554121657143,0.8076441102756893,21.90564306660181,0.6181602288242709,11.374874799263203,0.5114986573053193,17.25563935284461,20.439020793562367,0.869603869891049,1596,307,98371,19648,0,0,0,6144,3119.100399999297,2026-08-11T14:22:49.206611+00:00
8d3a16e0882cea4f,tamper,kodak,kodim08,kodim08|512x768|8,768,512,3,noise,0.50,0.472656,A,8,0,20260811,43.27840075098499,0.9922333643166463,1.0,1.0,1.0,1.0,0.0,1.0,1.0,1.0,1.0,0.0,0.9864130434782609,1.0,0.9931600547195623,0.9864130434782609,0.012345679012345678,0.5618206521739131,22.163041704606663,0.4355400323945374,9.60041148582773,0.2659679371361361,12.781731825957642,14.950583785178837,0.6429639950856064,2944,1290,185856,82560,0,0,0,6144,3201.794200002041,2026-08-11T14:22:52.411763+00:00
dc867f127d07fab5,tamper,kodak,kodim08,kodim08|512x768|8,768,512,3,noise,0.50,0.472656,B,8,0,20260811,44.22671179114411,0.9934720830998387,1.0,1.0,1.0,1.0,0.0,1.0,1.0,1.0,1.0,0.0,0.9864130434782609,1.0,0.9931600547195623,0.9864130434782609,0.012345679012345678,0.5618206521739131,21.77429803685071,0.43429902255306807,9.57269641709736,0.26457048156594415,12.753700420871631,14.933985236874198,0.6422536638186385,2944,1290,185856,82560,0,0,0,6144,3265.1064000019687,2026-08-11T14:22:55.679651+00:00
3eea5a5db3c3beca,tamper,kodak,kodim09,kodim09|768x512|8,512,768,3,splice,0.10,0.100021,A,8,0,20260811,43.2088693264765,0.9765255298867999,1.0,1.0,1.0,1.0,0.0,1.0,1.0,1.0,1.0,0.0,0.9632151253918495,1.0,0.9812629425413537,0.9632151253918495,0.0042443046630835915,0.9561128526645768,31.05483734063906,0.8043576317470134,19.405723486366767,0.7728552510251626,29.07083079563897,36.130955493931666,0.9749344692029046,638,28,39330,1792,6,0,0,6144,4400.206199999957,2026-08-11T14:23:00.084190+00:00
b0375979136451ea,tamper,kodak,kodim09,kodim09|768x512|8,512,768,3,splice,0.10,0.100021,B,8,0,20260811,44.44615990097957,0.9790613883052107,1.0,1.0,1.0,1.0,0.0,1.0,1.0,1.0,1.0,0.0,0.9632151253918495,1.0,0.9812629425413537,0.9632151253918495,0.0042443046630835915,0.9561128526645768,29.64363358751858,0.8184816590293492,19.257432806757773,0.7862999070719193,28.93006435779256,35.64424059825941,0.9763489150535843,638,28,39330,1792,1,0,0,6144,4578.098900001351,2026-08-11T14:23:04.664497+00:00
5b42bcb20acdd442,tamper,kodak,kodim09,kodim09|768x512|8,512,768,3,splice,0.25,0.250458,A,8,0,20260811,43.2088693264765,0.9765255298867999,1.0,1.0,1.0,1.0,0.0,1.0,1.0,1.0,1.0,0.0,0.9498842592592592,1.0,0.974298094616252,0.9498842592592592,0.017629575343023493,0.8037037037037037,27.77380009666019,0.6091949125297198,12.282597323061768,0.4955962790255396,18.137829895346538,25.48117052574419,0.8636845133948565,1620,318,98484,20352,46,0,0,6144,3300.6229999991774,2026-08-11T14:23:07.966765+00:00
699f4eb82e0d5053,tamper,kodak,kodim09,kodim09|768x512|8,512,768,3,splice,0.25,0.250458,B,8,0,20260811,44.44615990097957,0.9790613883052107,1.0,1.0,1.0,1.0,0.0,1.0,1.0,1.0,1.0,0.0,0.9498842592592592,1.0,0.974298094616252,0.9498842592592592,0.017629575343023493,0.8037037037037037,26.842493005400886,0.6061867683055937,12.222712874326811,0.49278859684504084,18.07759378463642,25.359520068121995,0.8628018639060852,1620,318,98484,20352,13,0,0,6144,3155.8413000020664,2026-08-11T14:23:11.126608+00:00
bad683d5a5647690,tamper,kodak,kodim09,kodim09|768x512|8,512,768,3,splice,0.50,0.430990,A,8,0,20260811,43.2088693264765,0.9765255298867999,1.0,1.0,1.0,1.0,0.0,1.0,1.0,1.0,1.0,0.0,0.9622093023255814,1.0,0.9807407407407407,0.9622093023255814,0.029748283752860413,0.6075581395348837,31.689892172690513,0.416749534753659,9.353560595165355,0.2612639115327815,12.779374870718886,22.725313922033163,0.6633780175200804,2752,1080,169472,69120,419,0,0,6144,3239.8759000025166,2026-08-11T14:23:14.370520+00:00
3c56882db4896d67,tamper,kodak,kodim09,kodim09|768x512|8,512,768,3,splice,0.50,0.430990,B,8,0,20260811,44.44615990097957,0.9790613883052107,1.0,1.0,1.0,1.0,0.0,1.0,1.0,1.0,1.0,0.0,0.9622093023255814,1.0,0.9807407407407407,0.9622093023255814,0.029748283752860413,0.6075581395348837,30.0926255971051,0.42433965403180374,9.3104010550615,0.2656521798802679,12.736478033552425,22.659624969041417,0.6653542428722321,2752,1080,169472,69120,79,0,0,6144,3239.613300000201,2026-08-11T14:23:17.612519+00:00
23a42100543e5764,tamper,kodak,kodim09,kodim09|768x512|8,512,768,3,inpaint_removal,0.10,0.100698,A,8,0,20260811,43.2088693264765,0.9765255298867999,1.0,1.0,1.0,1.0,0.0,1.0,1.0,1.0,1.0,0.0,0.9179339762611276,1.0,0.9572112362810037,0.9179339762611276,0.010010745998529495,0.9362017804154302,31.188342410805415,0.7596575591633651,17.510558398239944,0.7120824707459689,27.225213730713516,38.19186766465497,0.9674477101141677,674,43,39596,2752,38,0,0,6144,3533.826800001407,2026-08-11T14:23:21.148300+00:00
5e010c68218f72f8,tamper,kodak,kodim09,kodim09|768x512|8,512,768,3,inpaint_removal,0.10,0.100698,B,8,0,20260811,44.44615990097957,0.9790613883052107,1.0,1.0,1.0,1.0,0.0,1.0,1.0,1.0,1.0,0.0,0.9179339762611276,1.0,0.9572112362810037,0.9179339762611276,0.010010745998529495,0.9362017804154302,29.96944277692357,0.7812359684983621,17.415394448151616,0.7322092403376579,27.12512891102947,37.50449049725428,0.9695585228887658,674,43,39596,2752,37,0,0,6144,3338.2726999989245,2026-08-11T14:23:24.489431+00:00
e84507862a40495f,tamper,kodak,kodim09,kodim09|768x512|8,512,768,3,inpaint_removal,0.25,0.249784,A,8,0,20260811,43.2088693264765,0.9765255298867999,1.0,1.0,1.0,1.0,0.0,1.0,1.0,1.0,1.0,0.0,0.9585708151155528,1.0,0.9788472366867148,0.9585708151155528,0.014389976847222175,0.815740162398501,30.43317280238428,0.6287547456818866,12.614793361005042,0.5189784770791446,18.45678872358578,25.428450128750622,0.8724221134322542,1601,295,98219,18880,35,0,0,6144,3623.384400001669,2026-08-11T14:23:28.115447+00:00
c175913c2788a54b,tamper,kodak,kodim09,kodim09|768x512|8,512,768,3,inpaint_removal,0.25,0.249784,B,8,0,20260811,44.44615990097957,0.9790613883052107,1.0,1.0,1.0,1.0,0.0,1.0,1.0,1.0,1.0,0.0,0.9585708151155528,1.0,0.9788472366867148,0.9585708151155528,0.014389976847222175,0.815740162398501,29.0580352463845,0.6414913041571852,12.55527108815331,0.5291483566315156,18.396766772367577,25.32749693112434,0.8750933299051958,1601,295,98219,18880,34,0,0,6144,3484.1333000003942,2026-08-11T14:23:31.602057+00:00
9251e773d7c60cc9,tamper,kodak,kodim09,kodim09|768x512|8,512,768,3,inpaint_removal,0.50,0.503782,A,8,0,20260811,43.2088693264765,0.9765255298867999,1.0,1.0,1.0,1.0,0.0,0.9996890547263682,1.0,0.9998445031876847,0.9996890547263682,0.0003414134516899966,0.9624484996890548,1.0,0.9808649754034844,0.9624484996890548,0.03961131810517576,0.5161691542288558,32.40125437463177,0.3350459626516752,8.559829513775112,0.18131305749905638,11.329808955856874,20.399065782294166,0.556862258483684,3216,1556,198095,99584,104,0,1,6144,4177.387700001418,2026-08-11T14:23:35.782878+00:00
4991830486222f9c,tamper,kodak,kodim09,kodim09|768x512|8,512,768,3,inpaint_removal,0.50,0.503782,B,8,0,20260811,44.44615990097957,0.9790613883052107,1.0,1.0,1.0,1.0,0.0,0.9996890547263682,1.0,0.9998445031876847,0.9996890547263682,0.0003414134516899966,0.9624484996890548,1.0,0.9808649754034844,0.9624484996890548,0.03961131810517576,0.5161691542288558,31.18215221643059,0.3412275162340457,8.51932103679257,0.18429890039823993,11.289276536718456,20.388171051995656,0.558397068675378,3216,1556,198095,99584,100,0,1,6144,3918.9267000001564,2026-08-11T14:23:39.703121+00:00
6a55b468e22a4e4c,tamper,kodak,kodim09,kodim09|768x512|8,512,768,3,crop_refill,0.10,0.099976,A,8,0,20260811,43.2088693264765,0.9765255298867999,1.0,1.0,1.0,1.0,0.0,1.0,1.0,1.0,1.0,0.0,0.9140625,1.0,0.9551020408163265,0.9140625,0.0104435101044351,0.9553571428571429,31.00536836730834,0.7923809478251109,17.631926505507963,0.7573399592248657,27.424474700606464,35.06917157500923,0.972804197859889,672,30,39312,1920,0,0,0,6144,3308.6637999986124,2026-08-11T14:23:43.014021+00:00
ae6c134457626758,tamper,kodak,kodim09,kodim09|768x512|8,512,768,3,crop_refill,0.10,0.099976,B,8,0,20260811,44.44615990097957,0.9790613883052107,1.0,1.0,1.0,1.0,0.0,1.0,1.0,1.0,1.0,0.0,0.9140625,1.0,0.9551020408163265,0.9140625,0.0104435101044351,0.9553571428571429,29.452415620409738,0.8050923999073565,17.512776715728727,0.7693324681646946,27.305380019298514,34.62954758504563,0.9742507002121599,672,30,39312,1920,0,0,0,6144,3457.0157999987714,2026-08-11T14:23:46.474302+00:00
dd6c55c0d08d0ec1,tamper,kodak,kodim09,kodim09|768x512|8,512,768,3,crop_refill,0.25,0.249878,A,8,0,20260811,43.2088693264765,0.9765255298867999,1.0,1.0,1.0,1.0,0.0,1.0,1.0,1.0,1.0,0.0,0.9607321652065082,1.0,0.9799728716189261,0.9607321652065082,0.013615405478708978,0.8110137672090113,27.711464117300842,0.6171114014801009,12.597119486025424,0.5091696534037274,18.306231909523156,24.874687731890205,0.8663008961797312,1598,302,98256,19328,0,0,0,6144,3227.899500001513,2026-08-11T14:23:49.704153+00:00
c926a74c680247e2,tamper,kodak,kodim09,kodim09|768x512|8,512,768,3,crop_refill,0.25,0.249878,B,8,0,20260811,44.44615990097957,0.9790613883052107,1.0,1.0,1.0,1.0,0.0,1.0,1.0,1.0,1.0,0.0,0.9607321652065082,1.0,0.9799728716189261,0.9607321652065082,0.013615405478708978,0.8110137672090113,26.827170908393057,0.6134782786978125,12.53598268588603,0.5058704687085308,18.24595379405317,24.77352508050683,0.8652823835274274,1598,302,98256,19328,0,0,0,6144,3336.425199999212,2026-08-11T14:23:53.043363+00:00
2000b42cdcc238cb,tamper,kodak,kodim09,kodim09|768x512|8,512,768,3,crop_refill,0.50,0.500425,A,8,0,20260811,43.2088693264765,0.9765255298867999,1.0,1.0,1.0,1.0,0.0,1.0,1.0,1.0,1.0,0.0,0.9650374686126805,1.0,0.9822077024251333,0.9650374686126805,0.03629079469153588,0.5144381669805398,31.248685907068854,0.3392551362228829,8.072080920033862,0.1824766937374387,10.936809009606051,19.490905191284938,0.5607308325185029,3186,1547,196775,99008,0,0,0,6144,3320.5201999990095,2026-08-11T14:23:56.366429+00:00
f5f3985778b9d8d1,tamper,kodak,kodim09,kodim09|768x512|8,512,768,3,crop_refill,0.50,0.500425,B,8,0,20260811,44.44615990097957,0.9790613883052107,1.0,1.0,1.0,1.0,0.0,1.0,1.0,1.0,1.0,0.0,0.9650374686126805,1.0,0.9822077024251333,0.9650374686126805,0.03629079469153588,0.5144381669805398,30.133857302196724,0.34548541727286947,8.033583846414913,0.18545393205602562,10.898332346826653,19.470376008170863,0.562336307894169,3186,1547,196775,99008,0,0,0,6144,3416.3819999994303,2026-08-11T14:23:59.783977+00:00
dbeab4b23b1d9ba7,tamper,kodak,kodim09,kodim09|768x512|8,512,768,3,noise,0.10,0.100009,A,8,0,20260811,43.2088693264765,0.9765255298867999,1.0,1.0,1.0,1.0,0.0,1.0,1.0,1.0,1.0,0.0,0.9239896616541353,1.0,0.9604933748549795,0.9239896616541353,0.009141232752457677,0.9428571428571428,31.515282577001788,0.7942213062914278,17.571232322570598,0.7536090541666511,26.987853892165855,31.7430776702373,0.9719453828660921,665,38,39325,2432,0,0,0,6144,3101.2970999981917,2026-08-11T14:24:02.888367+00:00
f54a3a6961b37db0,tamper,kodak,kodim09,kodim09|768x512|8,512,768,3,noise,0.10,0.100009,B,8,0,20260811,44.44615990097957,0.9790613883052107,1.0,1.0,1.0,1.0,0.0,1.0,1.0,1.0,1.0,0.0,0.9239896616541353,1.0,0.9604933748549795,0.9239896616541353,0.009141232752457677,0.9428571428571428,30.670849946682882,0.8052585769496426,17.506577829367917,0.7640127033107771,26.91382043093148,31.608985314894895,0.9726867392522013,665,38,39325,2432,0,0,0,6144,3105.2732999996806,2026-08-11T14:24:05.996461+00:00
dddb397fcbd1cc66,tamper,kodak,kodim09,kodim09|768x512|8,512,768,3,noise,0.25,0.250320,A,8,0,20260811,43.2088693264765,0.9765255298867999,1.0,1.0,1.0,1.0,0.0,1.0,1.0,1.0,1.0,0.0,0.9511247680890538,1.0,0.9749502273200011,0.9511247680890538,0.017158209684313367,0.7983920841063699,30.550047777570313,0.6128139304128045,11.90119236873769,0.49717209274647534,17.605841027171696,22.122635443079723,0.8611998126209152,1617,326,98430,20864,0,0,0,6144,2968.4209000006376,2026-08-11T14:24:08.967254+00:00
273064ea9757ef40,tamper,kodak,kodim09,kodim09|768x512|8,512,768,3,noise,0.25,0.250320,B,8,0,20260811,44.44615990097957,0.9790613883052107,1.0,1.0,1.0,1.0,0.0,1.0,1.0,1.0,1.0,0.0,0.9511247680890538,1.0,0.9749502273200011,0.9511247680890538,0.017158209684313367,0.7983920841063699,29.265011002016482,0.6231051214213601,11.849433912830605,0.5052092341815163,17.55572230087508,22.075557272877106,0.863478882559552,1617,326,98430,20864,0,0,0,6144,3126.503600000433,2026-08-11T14:24:12.095724+00:00
b9eb92f521d9e5f5,tamper,kodak,kodim09,kodim09|768x512|8,512,768,3,noise,0.50,0.500549,A,8,0,20260811,43.2088693264765,0.9765255298867999,1.0,1.0,1.0,1.0,0.0,1.0,1.0,1.0,1.0,0.0,0.9834905660377359,1.0,0.9916765755053507,0.9834905660377359,0.016823495865412035,0.5394947233770386,28.773840183081592,0.3828815233917216,8.939300706919143,0.21905501361205362,11.88417209431898,15.56392936428528,0.5864726056112392,3127,1440,196824,92160,0,0,0,6144,3198.754099998041,2026-08-11T14:24:15.297352+00:00
634650bb274581d3,tamper,kodak,kodim09,kodim09|768x512|8,512,768,3,noise,0.50,0.500549,B,8,0,20260811,44.44615990097957,0.9790613883052107,1.0,1.0,1.0,1.0,0.0,1.0,1.0,1.0,1.0,0.0,0.9834905660377359,1.0,0.9916765755053507,0.9834905660377359,0.016823495865412035,0.5394947233770386,27.680783868397093,0.37970580292334977,8.89417063801657,0.2167863673549969,11.838980937140775,15.550030021537884,0.5853041745256795,3127,1440,196824,92160,0,0,0,6144,3092.9232999988017,2026-08-11T14:24:18.391642+00:00
7e44b1c53d5dfa91,tamper,kodak,kodim10,kodim10|768x512|8,512,768,3,splice,0.10,0.099976,A,8,0,20260811,43.14501568494742,0.9783863999521146,1.0,1.0,1.0,1.0,0.0,1.0,1.0,1.0,1.0,0.0,0.9006598240469208,1.0,0.9477338476374156,0.9006598240469208,0.012251910122519102,0.9516129032258065,31.195854427977594,0.7784855474120824,19.662654424691027,0.7441680661619946,28.94355615734475,36.15195582549107,0.9703007026554369,682,33,39312,2112,6,0,0,6144,4384.331299999758,2026-08-11T14:24:22.778852+00:00
8d8ffb06343832e9,tamper,kodak,kodim10,kodim10|768x512|8,512,768,3,splice,0.10,0.099976,B,8,0,20260811,44.52312455235986,0.9818587515517162,1.0,1.0,1.0,1.0,0.0,1.0,1.0,1.0,1.0,0.0,0.9006598240469208,1.0,0.9477338476374156,0.9006598240469208,0.012251910122519102,0.9516129032258065,30.79606253795822,0.7977167527715303,19.591235771774517,0.7624553985609535,28.870032342160947,35.98347023064149,0.9722585981475782,682,33,39312,2112,4,0,0,6144,8084.344800001418,2026-08-11T14:24:30.867924+00:00
8f5d4bfca5601264,tamper,kodak,kodim10,kodim10|768x512|8,512,768,3,splice,0.25,0.250071,A,8,0,20260811,43.14501568494742,0.9783863999521146,1.0,1.0,1.0,1.0,0.0,1.0,1.0,1.0,1.0,0.0,0.92333984375,1.0,0.9601421680629602,0.92333984375,0.027685462758237137,0.7956730769230769,32.87877873428024,0.5853961072866805,13.628588259374679,0.46875505204157014,19.284739293934884,24.25988844822038,0.85189353081774,1664,340,98332,21760,16,0,0,6144,3322.8160999969987,2026-08-11T14:24:34.193319+00:00
284a92e6f170e388,tamper,kodak,kodim10,kodim10|768x512|8,512,768,3,splice,0.25,0.250071,B,8,0,20260811,44.52312455235986,0.9818587515517162,1.0,1.0,1.0,1.0,0.0,1.0,1.0,1.0,1.0,0.0,0.92333984375,1.0,0.9601421680629602,0.92333984375,0.027685462758237137,0.7956730769230769,32.475841356240196,0.5983916638889976,13.58904994167988,0.47899600157334515,19.24517653277303,24.234177782325062,0.8548095622991715,1664,340,98332,21760,4,0,0,6144,3093.100300000515,2026-08-11T14:24:37.288842+00:00
c73eb26c19a05188,tamper,kodak,kodim10,kodim10|768x512|8,512,768,3,splice,0.50,0.500107,A,8,0,20260811,43.14501568494742,0.9783863999521146,1.0,1.0,1.0,1.0,0.0,1.0,1.0,1.0,1.0,0.0,0.9626116071428571,1.0,0.9809496730167756,0.9626116071428571,0.038857177741827176,0.5128446115288221,29.330026406109834,0.34340429709242626,8.786928671940737,0.18650159718244086,11.591588804297999,19.047933336834888,0.5616728929689513,3192,1555,196650,99520,28,0,0,6144,3056.786100001773,2026-08-11T14:24:40.348058+00:00
03f263619799a75d,tamper,kodak,kodim10,kodim10|768x512|8,512,768,3,splice,0.50,0.500107,B,8,0,20260811,44.52312455235986,0.9818587515517162,1.0,1.0,1.0,1.0,0.0,1.0,1.0,1.0,1.0,0.0,0.9626116071428571,1.0,0.9809496730167756,0.9626116071428571,0.038857177741827176,0.5128446115288221,28.90723530039594,0.34892549920605714,8.749991507240173,0.1890851805909821,11.554749240972626,19.010751892946814,0.5630227354614258,3192,1555,196650,99520,8,0,0,6144,3111.60480000035,2026-08-11T14:24:43.462107+00:00
2acd6f7e11463b1f,tamper,kodak,kodim10,kodim10|768x512|8,512,768,3,inpaint_removal,0.10,0.098729,A,8,0,20260811,43.14501568494742,0.9783863999521146,1.0,1.0,1.0,1.0,0.0,1.0,1.0,1.0,1.0,0.0,0.9332211538461539,1.0,0.965457213200368,0.9332211538461539,0.007838733161396638,0.96,33.26858667156863,0.7971677005838312,18.445099795265744,0.7643317485580526,28.467498787574662,40.68562787703094,0.9748210807757022,650,26,38822,1664,19,0,0,6144,3497.1514999997453,2026-08-11T14:24:46.962799+00:00
5d958e279591f923,tamper,kodak,kodim10,kodim10|768x512|8,512,768,3,inpaint_removal,0.10,0.098729,B,8,0,20260811,44.52312455235986,0.9818587515517162,1.0,1.0,1.0,1.0,0.0,1.0,1.0,1.0,1.0,0.0,0.9332211538461539,1.0,0.965457213200368,0.9332211538461539,0.007838733161396638,0.96,33.011545777508864,0.8220388508704114,18.401391132563894,0.7881120791733065,28.423151598177597,40.53718545600275,0.9773554093288414,650,26,38822,1664,16,0,0,6144,3607.0074000017485,2026-08-11T14:24:50.575989+00:00
6433213b3f73f42e,tamper,kodak,kodim10,kodim10|768x512|8,512,768,3,inpaint_removal,0.25,0.247358,A,8,0,20260811,43.14501568494742,0.9783863999521146,1.0,1.0,1.0,1.0,0.0,1.0,1.0,1.0,1.0,0.0,0.951637836568566,1.0,0.9752197039198287,0.951637836568566,0.016702089197198185,0.7908578584846587,32.02684902427962,0.577429724422395,12.440688872532785,0.460189807696618,18.26385360884803,30.79364209278644,0.8546691839491857,1597,334,97265,21376,47,0,0,6144,3589.642200000526,2026-08-11T14:24:54.168493+00:00
a11a41faefc6ba06,tamper,kodak,kodim10,kodim10|768x512|8,512,768,3,inpaint_removal,0.25,0.247358,B,8,0,20260811,44.52312455235986,0.9818587515517162,1.0,1.0,1.0,1.0,0.0,1.0,1.0,1.0,1.0,0.0,0.951637836568566,1.0,0.9752197039198287,0.951637836568566,0.016702089197198185,0.7908578584846587,31.701797948317857,0.5958003305462888,12.40338313007358,0.47459258349361133,18.22638518183324,30.727831210533914,0.8584670105284804,1597,334,97265,21376,49,0,0,6144,3426.622300001327,2026-08-11T14:24:57.597281+00:00
fa6732f5ec30ee20,tamper,kodak,kodim10,kodim10|768x512|8,512,768,3,inpaint_removal,0.50,0.502658,A,8,0,20260811,43.14501568494742,0.9783863999521146,1.0,1.0,1.0,1.0,0.0,1.0,1.0,1.0,1.0,0.0,0.9654042278837136,1.0,0.9823976301539058,0.9654042278837136,0.03621850759090421,0.5239137230384495,30.029706173940166,0.3532823685435996,8.86115347750167,0.1949048756856037,11.711169497418574,21.26677000593942,0.5682393816832256,3199,1523,197653,97472,52,0,0,6144,3818.6484999969252,2026-08-11T14:25:01.418814+00:00
b6252518f3c9ee5f,tamper,kodak,kodim10,kodim10|768x512|8,512,768,3,inpaint_removal,0.50,0.502658,B,8,0,20260811,44.52312455235986,0.9818587515517162,1.0,1.0,1.0,1.0,0.0,1.0,1.0,1.0,1.0,0.0,0.9654042278837136,1.0,0.9823976301539058,0.9654042278837136,0.03621850759090421,0.5239137230384495,29.48086394102583,0.35958052838582827,8.82387731442284,0.19795206727841866,11.67351227906808,21.23258658448957,0.5697693266513989,3199,1523,197653,97472,48,0,0,6144,3838.5832999993,2026-08-11T14:25:05.258452+00:00
a09346489e347078,tamper,kodak,kodim10,kodim10|768x512|8,512,768,3,crop_refill,0.10,0.100189,A,8,0,20260811,43.14501568494742,0.9783863999521146,1.0,1.0,1.0,1.0,0.0,1.0,1.0,1.0,1.0,0.0,0.879375,1.0,0.9358164283338876,0.879375,0.015273302809338082,0.9442857142857143,27.513795305029024,0.7496693136626638,18.48421566945246,0.7127143649183886,27.615990016567103,34.66579114516397,0.9658167502748977,700,39,39396,2496,0,0,0,6144,3274.946599998657,2026-08-11T14:25:08.539436+00:00
7eef0c462138fb0c,tamper,kodak,kodim10,kodim10|768x512|8,512,768,3,crop_refill,0.10,0.100189,B,8,0,20260811,44.52312455235986,0.9818587515517162,1.0,1.0,1.0,1.0,0.0,1.0,1.0,1.0,1.0,0.0,0.879375,1.0,0.9358164283338876,0.879375,0.015273302809338082,0.9442857142857143,27.439811224973685,0.7751651497322289,18.447421685473447,0.7368846587668432,27.57668209070524,34.61795220903777,0.9683934118117806,700,39,39396,2496,0,0,0,6144,3621.0491999991063,2026-08-11T14:25:12.163064+00:00
6e903750b8f1c1dc,tamper,kodak,kodim10,kodim10|768x512|8,512,768,3,crop_refill,0.25,0.249837,A,8,0,20260811,43.14501568494742,0.9783863999521146,1.0,1.0,1.0,1.0,0.0,1.0,1.0,1.0,1.0,0.0,0.9599749843652282,1.0,0.9795788130185066,0.9599749843652282,0.01388587546105446,0.799249530956848,29.215680102619302,0.614977437031985,12.82148359182264,0.5009291236060892,18.66165297243153,25.313325859742054,0.8645153279185922,1599,321,98240,20544,1,0,0,6144,3578.1304000011005,2026-08-11T14:25:15.745713+00:00
5b9a1010f0b698d9,tamper,kodak,kodim10,kodim10|768x512|8,512,768,3,crop_refill,0.25,0.249837,B,8,0,20260811,44.52312455235986,0.9818587515517162,1.0,1.0,1.0,1.0,0.0,1.0,1.0,1.0,1.0,0.0,0.9599749843652282,1.0,0.9795788130185066,0.9599749843652282,0.01388587546105446,0.799249530956848,28.855591749024082,0.627293899807034,12.780445345299572,0.5106135346684967,18.62061642129373,25.28411247860493,0.8668713927151601,1599,321,98240,20544,0,0,0,6144,3328.302399997483,2026-08-11T14:25:19.076662+00:00
e74a90e28ef19b53,tamper,kodak,kodim10,kodim10|768x512|8,512,768,3,crop_refill,0.50,0.500000,A,8,0,20260811,43.14501568494742,0.9783863999521146,1.0,1.0,1.0,1.0,0.0,1.0,1.0,1.0,1.0,0.0,0.9795918367346939,1.0,0.9896907216494846,0.9795918367346939,0.020833333333333332,0.5401785714285714,30.16483885796092,0.34998231217385367,8.488178943202037,0.19595811028428262,11.44136949122667,19.343864899426222,0.5842977320073331,3136,1442,196608,92288,0,0,0,6144,3159.026699999231,2026-08-11T14:25:22.238979+00:00
a6742c9acaaad18b,tamper,kodak,kodim10,kodim10|768x512|8,512,768,3,crop_refill,0.50,0.500000,B,8,0,20260811,44.52312455235986,0.9818587515517162,1.0,1.0,1.0,1.0,0.0,1.0,1.0,1.0,1.0,0.0,0.9795918367346939,1.0,0.9896907216494846,0.9795918367346939,0.020833333333333332,0.5401785714285714,29.371161612192612,0.35854478678726437,8.45178925085182,0.20037469371146946,11.404948926090398,19.33655357444882,0.5865044026716443,3136,1442,196608,92288,0,0,0,6144,3209.3832999998995,2026-08-11T14:25:25.449596+00:00
5c81cdd00b5733ad,tamper,kodak,kodim10,kodim10|768x512|8,512,768,3,noise,0.10,0.099976,A,8,0,20260811,43.14501568494742,0.9783863999521146,1.0,1.0,1.0,1.0,0.0,1.0,1.0,1.0,1.0,0.0,0.9538043478260869,1.0,0.976356050069541,0.9538043478260869,0.005379990053799901,0.953416149068323,34.75845398412928,0.7884870060559832,18.18289623206858,0.7529165325789983,27.99117146171413,33.089064707391735,0.9731626012904088,644,30,39312,1920,0,0,0,6144,3172.8330999976606,2026-08-11T14:25:28.625691+00:00
35cf1b131b9bd14d,tamper,kodak,kodim10,kodim10|768x512|8,512,768,3,noise,0.10,0.099976,B,8,0,20260811,44.52312455235986,0.9818587515517162,1.0,1.0,1.0,1.0,0.0,1.0,1.0,1.0,1.0,0.0,0.9538043478260869,1.0,0.976356050069541,0.9538043478260869,0.005379990053799901,0.953416149068323,34.48140974072811,0.8163796746298226,18.144896240860685,0.7795140165669331,27.951469356233524,33.05658313504209,0.9758768755378456,644,30,39312,1920,0,0,0,6144,3320.597400001134,2026-08-11T14:25:31.948950+00:00
a800e03286b7ce18,tamper,kodak,kodim10,kodim10|768x512|8,512,768,3,noise,0.25,0.249377,A,8,0,20260811,43.14501568494742,0.9783863999521146,1.0,1.0,1.0,1.0,0.0,1.0,1.0,1.0,1.0,0.0,0.957607421875,1.0,0.9783446989159877,0.957607421875,0.014707426894839018,0.79,32.84632335595877,0.5894556250690478,13.051411309658166,0.4726657726695033,18.758377143986237,22.959737180256408,0.8559648527800213,1600,336,98059,21504,1,0,0,6144,3470.374600001378,2026-08-11T14:25:35.421769+00:00
38030e0221e173dd,tamper,kodak,kodim10,kodim10|768x512|8,512,768,3,noise,0.25,0.249377,B,8,0,20260811,44.52312455235986,0.9818587515517162,1.0,1.0,1.0,1.0,0.0,1.0,1.0,1.0,1.0,0.0,0.957607421875,1.0,0.9783446989159877,0.957607421875,0.014707426894839018,0.79,32.43667351120546,0.605604405060259,13.01053463788177,0.4853227873406234,18.718845656504683,22.955120454189885,0.8592804121151069,1600,336,98059,21504,0,0,0,6144,3477.177799999481,2026-08-11T14:25:38.902271+00:00
73a9cacb7f3ab91b,tamper,kodak,kodim10,kodim10|768x512|8,512,768,3,noise,0.50,0.499395,A,8,0,20260811,43.14501568494742,0.9783863999521146,1.0,1.0,1.0,1.0,0.0,1.0,1.0,1.0,1.0,0.0,0.9600379380475594,1.0,0.9796115875225111,0.9600379380475594,0.041524846834581346,0.5240926157697121,30.76397978209198,0.36008837376588565,9.25963611389728,0.19914810746743616,12.0899720448016,15.967442094022186,0.5678368278951819,3196,1521,196370,97344,0,0,0,6144,3449.6733999985736,2026-08-11T14:25:42.355032+00:00
d0ff793baca9d4f1,tamper,kodak,kodim10,kodim10|768x512|8,512,768,3,noise,0.50,0.499395,B,8,0,20260811,44.52312455235986,0.9818587515517162,1.0,1.0,1.0,1.0,0.0,1.0,1.0,1.0,1.0,0.0,0.9600379380475594,1.0,0.9796115875225111,0.9600379380475594,0.041524846834581346,0.5240926157697121,30.21290645541103,0.362926504800603,9.221510242273867,0.20034099761212576,12.052094458561251,15.967497515371846,0.5685505634298934,3196,1521,196370,97344,0,0,0,6144,3360.8390000008512,2026-08-11T14:25:45.717597+00:00
945c8ad8ece8380a,tamper,kodak,kodim11,kodim11|512x768|8,768,512,3,splice,0.10,0.099925,A,8,0,20260811,43.328407568921456,0.9833024615679405,1.0,1.0,1.0,1.0,0.0,1.0,1.0,1.0,1.0,0.0,0.9474344135802469,1.0,0.9730077757416672,0.9474344135802469,0.006159514472033544,0.9598765432098766,27.920477519971215,0.7976286245350507,22.283545356623627,0.7704053712157113,31.799130499727962,31.171353875592487,0.9753674414446863,648,26,39292,1664,1,0,0,6144,4895.974600000045,2026-08-11T14:25:50.616396+00:00
3026a83d5a1f6c44,tamper,kodak,kodim11,kodim11|512x768|8,768,512,3,splice,0.10,0.099925,B,8,0,20260811,44.34593236698916,0.9860495810273525,1.0,1.0,1.0,1.0,0.0,1.0,1.0,1.0,1.0,0.0,0.9474344135802469,1.0,0.9730077757416672,0.9474344135802469,0.006159514472033544,0.9598765432098766,27.000493576033875,0.8041596563706591,22.006077081520942,0.77659992639903,31.547615292902776,30.944485092961365,0.9760118276766208,648,26,39292,1664,0,0,0,6144,4949.002599998494,2026-08-11T14:25:55.569147+00:00
f01f4ee1f1ecd041,tamper,kodak,kodim11,kodim11|512x768|8,768,512,3,splice,0.25,0.249664,A,8,0,20260811,43.328407568921456,0.9833024615679405,1.0,1.0,1.0,1.0,0.0,1.0,1.0,1.0,1.0,0.0,0.9364697802197802,1.0,0.9671927646745877,0.9364697802197802,0.022572904380363606,0.7741147741147741,25.22142040413549,0.5830988515402938,14.488489740479448,0.47159251689499815,20.159772454347284,20.420993789970776,0.8535000459034796,1638,370,98172,23680,11,0,0,6144,3849.5989000002737,2026-08-11T14:25:59.420945+00:00
d3603b54405923f9,tamper,kodak,kodim11,kodim11|512x768|8,768,512,3,splice,0.25,0.249664,B,8,0,20260811,44.34593236698916,0.9860495810273525,1.0,1.0,1.0,1.0,0.0,1.0,1.0,1.0,1.0,0.0,0.9364697802197802,1.0,0.9671927646745877,0.9364697802197802,0.022572904380363606,0.7741147741147741,25.08251107689602,0.5927494452579495,14.456691741865981,0.4789625302095951,20.1276196701137,20.387840564469744,0.8554264072490488,1638,370,98172,23680,0,0,0,6144,3443.4828000012203,2026-08-11T14:26:02.867185+00:00
b8488213897b0349,tamper,kodak,kodim11,kodim11|512x768|8,768,512,3,splice,0.50,0.499924,A,8,0,20260811,43.328407568921456,0.9833024615679405,1.0,1.0,1.0,1.0,0.0,1.0,1.0,1.0,1.0,0.0,0.9527082040942928,1.0,0.9757814322659425,0.9527082040942928,0.04962418250795879,0.5089950372208436,26.529868958192793,0.399149067247876,10.898195004744068,0.22486019494854323,13.678210567642042,14.799216793526428,0.5792438696238974,3224,1583,196578,101312,16,0,0,6144,3712.5423999968916,2026-08-11T14:26:06.581738+00:00
bb74fda00339650b,tamper,kodak,kodim11,kodim11|512x768|8,768,512,3,splice,0.50,0.499924,B,8,0,20260811,44.34593236698916,0.9860495810273525,1.0,1.0,1.0,1.0,0.0,1.0,1.0,1.0,1.0,0.0,0.9527082040942928,1.0,0.9757814322659425,0.9527082040942928,0.04962418250795879,0.5089950372208436,26.390512944696773,0.406759855340449,10.87299669888116,0.22864005972866533,13.653265260724101,14.769041727008599,0.5813554826112611,3224,1583,196578,101312,0,0,0,6144,3379.9923000005947,2026-08-11T14:26:09.963271+00:00
a9b787f1c07263f1,tamper,kodak,kodim11,kodim11|512x768|8,768,512,3,inpaint_removal,0.10,0.099983,A,8,0,20260811,43.328407568921456,0.9833024615679405,1.0,1.0,1.0,1.0,0.0,1.0,1.0,1.0,1.0,0.0,0.920984820089955,1.0,0.958867358511274,0.920984820089955,0.009530914012675862,0.9715142428785607,23.727098362373255,0.7422948600946215,19.935317333639905,0.725337032279493,29.61534618911797,32.436683056162394,0.9695549273898645,667,19,39315,1216,3,0,0,6144,3481.332700001076,2026-08-11T14:26:13.447850+00:00
a8b321232dbefbf4,tamper,kodak,kodim11,kodim11|512x768|8,768,512,3,inpaint_removal,0.10,0.099983,B,8,0,20260811,44.34593236698916,0.9860495810273525,1.0,1.0,1.0,1.0,0.0,1.0,1.0,1.0,1.0,0.0,0.920984820089955,1.0,0.958867358511274,0.920984820089955,0.009530914012675862,0.9715142428785607,23.567098546991282,0.7620734055776643,19.854789699035774,0.7445710243406147,29.54309185187407,32.32433183459964,0.971744800942782,667,19,39315,1216,6,0,0,6144,3759.7285999981978,2026-08-11T14:26:17.210216+00:00
3e8c8cc2156e0807,tamper,kodak,kodim11,kodim11|512x768|8,768,512,3,inpaint_removal,0.25,0.250453,A,8,0,20260811,43.328407568921456,0.9833024615679405,1.0,1.0,1.0,1.0,0.0,1.0,1.0,1.0,1.0,0.0,0.952216120049505,1.0,0.9755232633007439,0.952216120049505,0.016767661688166277,0.780940594059406,24.900416941498538,0.5973386548697903,14.951793626944557,0.4878766482997959,20.75871802113731,26.096112385520122,0.8611051631596691,1616,354,98482,22656,17,0,0,6144,3675.1303000019107,2026-08-11T14:26:20.889200+00:00
997044300580f46b,tamper,kodak,kodim11,kodim11|512x768|8,768,512,3,inpaint_removal,0.25,0.250453,B,8,0,20260811,44.34593236698916,0.9860495810273525,1.0,1.0,1.0,1.0,0.0,1.0,1.0,1.0,1.0,0.0,0.952216120049505,1.0,0.9755232633007439,0.952216120049505,0.016767661688166277,0.780940594059406,24.77838364077985,0.6117652647266528,14.915174352637631,0.49879196731765174,20.7229961865524,26.059233141874806,0.8639433145417005,1616,354,98482,22656,13,0,0,6144,3909.144799999922,2026-08-11T14:26:24.801555+00:00
67a86bdff8d78d06,tamper,kodak,kodim11,kodim11|512x768|8,768,512,3,inpaint_removal,0.50,0.475484,A,8,0,20260811,43.328407568921456,0.9833024615679405,1.0,1.0,1.0,1.0,0.0,1.0,1.0,1.0,1.0,0.0,0.9790130697050938,1.0,0.9893952543233918,0.9790130697050938,0.019432915713122067,0.5636729222520107,26.739840110034994,0.46220275729737703,11.786016382685125,0.2900002282584796,14.922755860865697,19.079073108364508,0.6501499058270525,2984,1302,186968,83328,26,0,0,6144,4277.1756000001915,2026-08-11T14:26:29.080985+00:00
51b06f6b10465e78,tamper,kodak,kodim11,kodim11|512x768|8,768,512,3,inpaint_removal,0.50,0.475484,B,8,0,20260811,44.34593236698916,0.9860495810273525,1.0,1.0,1.0,1.0,0.0,1.0,1.0,1.0,1.0,0.0,0.9790130697050938,1.0,0.9893952543233918,0.9790130697050938,0.019432915713122067,0.5636729222520107,26.588121244857458,0.46958996932101416,11.759320865533002,0.2939556093997245,14.896046326462402,19.056065274211452,0.6520181184487325,2984,1302,186968,83328,32,0,0,6144,4216.3584000009,2026-08-11T14:26:33.299233+00:00
a7621bf5e58814cd,tamper,kodak,kodim11,kodim11|512x768|8,768,512,3,crop_refill,0.10,0.100118,A,8,0,20260811,43.328407568921456,0.9833024615679405,1.0,1.0,1.0,1.0,0.0,1.0,1.0,1.0,1.0,0.0,0.9522058823529411,1.0,0.975517890772128,0.9522058823529411,0.00558431869051118,0.9489164086687306,24.140930224484766,0.7397185240753142,20.901657509666546,0.7119117565229357,30.59757092612887,31.658732722591793,0.9686468146012633,646,33,39368,2112,0,0,0,6144,3569.239500000549,2026-08-11T14:26:36.871410+00:00
2b89e358c4d02758,tamper,kodak,kodim11,kodim11|512x768|8,768,512,3,crop_refill,0.10,0.100118,B,8,0,20260811,44.34593236698916,0.9860495810273525,1.0,1.0,1.0,1.0,0.0,1.0,1.0,1.0,1.0,0.0,0.9522058823529411,1.0,0.975517890772128,0.9522058823529411,0.00558431869051118,0.9489164086687306,24.016985806660195,0.7606407017904855,20.81983216021811,0.73168052747145,30.51320418743645,31.587704445557335,0.9706393357850044,646,33,39368,2112,0,0,0,6144,3371.4497000000847,2026-08-11T14:26:40.245524+00:00
76b7557058e4868c,tamper,kodak,kodim11,kodim11|512x768|8,768,512,3,crop_refill,0.25,0.250427,A,8,0,20260811,43.328407568921456,0.9833024615679405,1.0,1.0,1.0,1.0,0.0,1.0,1.0,1.0,1.0,0.0,0.9628441802252816,1.0,0.981070418044873,0.9628441802252816,0.012892544038216215,0.7972465581977471,24.838274433171975,0.5967137805516426,14.255333074470045,0.4938766633515912,20.07360496480541,23.98795731464533,0.864558865704879,1598,324,98472,20736,0,0,0,6144,3739.203199998883,2026-08-11T14:26:43.987523+00:00
95aaf1d98fd04b66,tamper,kodak,kodim11,kodim11|512x768|8,768,512,3,crop_refill,0.25,0.250427,B,8,0,20260811,44.34593236698916,0.9860495810273525,1.0,1.0,1.0,1.0,0.0,1.0,1.0,1.0,1.0,0.0,0.9628441802252816,1.0,0.981070418044873,0.9628441802252816,0.012892544038216215,0.7972465581977471,24.695532464837253,0.6109776183001518,14.223794877656681,0.505350450335745,20.041892753284035,23.96084645074204,0.8674871027398178,1598,324,98472,20736,0,0,0,6144,3726.8825999999535,2026-08-11T14:26:47.717783+00:00
a913b46332664819,tamper,kodak,kodim11,kodim11|512x768|8,768,512,3,crop_refill,0.50,0.499949,A,8,0,20260811,43.328407568921456,0.9833024615679405,1.0,1.0,1.0,1.0,0.0,1.0,1.0,1.0,1.0,0.0,0.9845152243589743,1.0,0.9921971998748321,0.9845152243589743,0.015725125617918098,0.5387820512820513,27.455869713894153,0.4014238334978034,11.216141381745125,0.2359904870331536,14.116069928115786,19.19585440585228,0.5974022695444147,3120,1439,196588,92096,0,0,0,6144,4669.672100000753,2026-08-11T14:26:52.390211+00:00
ea6b013676a2faa3,tamper,kodak,kodim11,kodim11|512x768|8,768,512,3,crop_refill,0.50,0.499949,B,8,0,20260811,44.34593236698916,0.9860495810273525,1.0,1.0,1.0,1.0,0.0,1.0,1.0,1.0,1.0,0.0,0.9845152243589743,1.0,0.9921971998748321,0.9845152243589743,0.015725125617918098,0.5387820512820513,27.123313072546317,0.40661864582274676,11.185780476673932,0.23834603103554164,14.085836791806122,19.19259539414011,0.5985590038664726,3120,1439,196588,92096,0,0,0,6144,3670.423200001096,2026-08-11T14:26:56.071394+00:00
03bc8f8b85c74279,tamper,kodak,kodim11,kodim11|512x768|8,768,512,3,noise,0.10,0.100212,A,8,0,20260811,43.328407568921456,0.9833024615679405,1.0,1.0,1.0,1.0,0.0,1.0,1.0,1.0,1.0,0.0,0.9162248883928571,1.0,0.9562811692330093,0.9162248883928571,0.01018340300329837,0.9583333333333334,27.52955822970381,0.7766349434391564,21.598026630127674,0.7479906976394632,31.14307836119824,30.576537629187573,0.971912562657771,672,28,39405,1792,0,0,0,6144,3530.764700000873,2026-08-11T14:26:59.605780+00:00
6343fc0d8a4d0959,tamper,kodak,kodim11,kodim11|512x768|8,768,512,3,noise,0.10,0.100212,B,8,0,20260811,44.34593236698916,0.9860495810273525,1.0,1.0,1.0,1.0,0.0,1.0,1.0,1.0,1.0,0.0,0.9162248883928571,1.0,0.9562811692330093,0.9162248883928571,0.01018340300329837,0.9583333333333334,26.72827351502471,0.7902021932790053,21.3687540516271,0.760855284211383,30.90350319815621,30.394146196477685,0.9728684530253507,672,28,39405,1792,0,0,0,6144,3553.119300002436,2026-08-11T14:27:03.165849+00:00
5896fc4eebdcd7ab,tamper,kodak,kodim11,kodim11|512x768|8,768,512,3,noise,0.25,0.249461,A,8,0,20260811,43.328407568921456,0.9833024615679405,1.0,1.0,1.0,1.0,0.0,1.0,1.0,1.0,1.0,0.0,0.9731349206349207,1.0,0.9863845705206846,0.9731349206349207,0.0091758040687982,0.8,27.116120511463585,0.6002507841117937,15.058820974012004,0.4963302731970124,20.794750685079883,21.577798438634893,0.8638572612773578,1575,315,98092,20160,0,0,0,6144,3425.7023999998637,2026-08-11T14:27:06.594739+00:00
749bbc2203944216,tamper,kodak,kodim11,kodim11|512x768|8,768,512,3,noise,0.25,0.249461,B,8,0,20260811,44.34593236698916,0.9860495810273525,1.0,1.0,1.0,1.0,0.0,1.0,1.0,1.0,1.0,0.0,0.9731349206349207,1.0,0.9863845705206846,0.9731349206349207,0.0091758040687982,0.8,26.70489330007846,0.6089633384510232,15.010965788928194,0.5029373613699233,20.7480251799847,21.565757991561515,0.8655604269955751,1575,315,98092,20160,0,0,0,6144,3921.292300001369,2026-08-11T14:27:10.519486+00:00
40428381f8dc6bd3,tamper,kodak,kodim11,kodim11|512x768|8,768,512,3,noise,0.50,0.463542,A,8,0,20260811,43.328407568921456,0.9833024615679405,1.0,1.0,1.0,1.0,0.0,1.0,1.0,1.0,1.0,0.0,0.967391304347826,1.0,0.9834254143646408,0.967391304347826,0.02912621359223301,0.5696331521739131,26.87746196979735,0.41418662097754294,11.309481037255122,0.25445503215019855,14.496330938015689,15.966729871932362,0.6378023240920627,2944,1267,182272,81088,0,0,0,6144,3551.3996000008774,2026-08-11T14:27:14.073418+00:00
4f46481bd2feaa97,tamper,kodak,kodim11,kodim11|512x768|8,768,512,3,noise,0.50,0.463542,B,8,0,20260811,44.34593236698916,0.9860495810273525,1.0,1.0,1.0,1.0,0.0,1.0,1.0,1.0,1.0,0.0,0.967391304347826,1.0,0.9834254143646408,0.967391304347826,0.02912621359223301,0.5696331521739131,26.350484394063134,0.4184874325450629,11.276912381312375,0.2565680758714163,14.463605811925948,15.966422950956238,0.638879398452101,2944,1267,182272,81088,0,0,0,6144,3959.641499997815,2026-08-11T14:27:18.034656+00:00
550885a2649aef22,tamper,kodak,kodim12,kodim12|512x768|8,768,512,3,splice,0.10,0.099930,A,8,0,20260811,43.12376992292778,0.9770002686415995,1.0,1.0,1.0,1.0,0.0,1.0,1.0,1.0,1.0,0.0,0.9204928785607196,1.0,0.9586006684394135,0.9204928785607196,0.009589683602601703,0.95952023988006,30.481446670309037,0.791114339635944,18.356581495845628,0.7599889036093695,28.045561694335564,34.636017169038055,0.9731413188657294,667,27,39294,1728,2,0,0,6144,4799.708800001099,2026-08-11T14:27:22.837943+00:00
8e10faf5dcb88978,tamper,kodak,kodim12,kodim12|512x768|8,768,512,3,splice,0.10,0.099930,B,8,0,20260811,44.34385374946254,0.9799131044003672,1.0,1.0,1.0,1.0,0.0,1.0,1.0,1.0,1.0,0.0,0.9204928785607196,1.0,0.9586006684394135,0.9204928785607196,0.009589683602601703,0.95952023988006,29.762410580692404,0.8109453986700464,18.270394236376692,0.7789975141704734,27.956075383158247,34.386202756746684,0.9752415995536005,667,27,39294,1728,0,0,0,6144,5087.190300000657,2026-08-11T14:27:27.929394+00:00
e2575937f313d6a5,tamper,kodak,kodim12,kodim12|512x768|8,768,512,3,splice,0.25,0.250000,A,8,0,20260811,43.12376992292778,0.9770002686415995,1.0,1.0,1.0,1.0,0.0,1.0,1.0,1.0,1.0,0.0,0.9499072356215214,1.0,0.9743101807802093,0.9499072356215214,0.017578125,0.7884972170686456,31.406534647880505,0.5400861758513609,10.05512581225281,0.4299972848403151,15.802775187471564,21.72255028844144,0.844195661024704,1617,342,98304,21888,1,0,0,6144,3509.837500001595,2026-08-11T14:27:31.442293+00:00
4cd07b95f8157d62,tamper,kodak,kodim12,kodim12|512x768|8,768,512,3,splice,0.25,0.250000,B,8,0,20260811,44.34385374946254,0.9799131044003672,1.0,1.0,1.0,1.0,0.0,1.0,1.0,1.0,1.0,0.0,0.9499072356215214,1.0,0.9743101807802093,0.9499072356215214,0.017578125,0.7884972170686456,30.91061366095628,0.5484724509201016,10.016250255903941,0.4365156544237776,15.763642390956791,21.65991335073676,0.8459288935873451,1617,342,98304,21888,0,0,0,6144,3437.9050999996252,2026-08-11T14:27:34.887354+00:00
71226566d77181e3,tamper,kodak,kodim12,kodim12|512x768|8,768,512,3,splice,0.50,0.500043,A,8,0,20260811,43.12376992292778,0.9770002686415995,1.0,1.0,1.0,1.0,0.0,1.0,1.0,1.0,1.0,0.0,0.9731598432055749,1.0,0.9863973732858758,0.9731598432055749,0.027585189555981708,0.515045929680076,31.78811593052535,0.3185383499550083,7.1196375796643165,0.16921531334481377,10.018467960366308,16.24055902891901,0.5565283393979311,3157,1531,196625,97984,5,0,0,6144,3524.014200000238,2026-08-11T14:27:38.414866+00:00
dc535f04dfddb251,tamper,kodak,kodim12,kodim12|512x768|8,768,512,3,splice,0.50,0.500043,B,8,0,20260811,44.34385374946254,0.9799131044003672,1.0,1.0,1.0,1.0,0.0,1.0,1.0,1.0,1.0,0.0,0.9731598432055749,1.0,0.9863973732858758,0.9731598432055749,0.027585189555981708,0.515045929680076,31.14493821363152,0.32291616152537234,7.08032847505232,0.17134318477761376,9.978857810727582,16.1844707972011,0.5575993822244368,3157,1531,196625,97984,0,0,0,6144,3681.076099997881,2026-08-11T14:27:42.097606+00:00
b5c3a1c368985b9c,tamper,kodak,kodim12,kodim12|512x768|8,768,512,3,inpaint_removal,0.10,0.100029,A,8,0,20260811,43.12376992292778,0.9770002686415995,1.0,1.0,1.0,1.0,0.0,1.0,1.0,1.0,1.0,0.0,0.9241776315789474,1.0,0.960594922642961,0.9241776315789474,0.009118833060644337,0.9624060150375939,28.485616472622198,0.7207518630067498,17.122710627284658,0.6944782931535802,26.638278308559222,33.788513030044015,0.9662647437271371,665,25,39333,1600,21,0,0,6144,3845.9772000023804,2026-08-11T14:27:45.948510+00:00
802a8a0f512e0969,tamper,kodak,kodim12,kodim12|512x768|8,768,512,3,inpaint_removal,0.10,0.100029,B,8,0,20260811,44.34385374946254,0.9799131044003672,1.0,1.0,1.0,1.0,0.0,1.0,1.0,1.0,1.0,0.0,0.9241776315789474,1.0,0.960594922642961,0.9241776315789474,0.009118833060644337,0.9624060150375939,27.946069189044593,0.7265770373988182,17.054248259106025,0.7001187819339951,26.57093239944587,33.59178292320214,0.9669126528735239,665,25,39333,1600,12,0,0,6144,3535.9618999973463,2026-08-11T14:27:49.487066+00:00
d0d909daf84d20de,tamper,kodak,kodim12,kodim12|512x768|8,768,512,3,inpaint_removal,0.25,0.250567,A,8,0,20260811,43.12376992292778,0.9770002686415995,1.0,1.0,1.0,1.0,0.0,1.0,1.0,1.0,1.0,0.0,0.9615767489069331,1.0,0.9804120582513645,0.9615767489069331,0.013359847160905226,0.7963772642098688,29.747489711250616,0.5908920988503211,10.680899190040897,0.47717376123833843,16.506683163716602,25.571298267772384,0.8604553808252562,1601,326,98527,20864,35,0,0,6144,3869.859499998711,2026-08-11T14:27:53.362994+00:00
bacb36ed29881a7c,tamper,kodak,kodim12,kodim12|512x768|8,768,512,3,inpaint_removal,0.25,0.250567,B,8,0,20260811,44.34385374946254,0.9799131044003672,1.0,1.0,1.0,1.0,0.0,1.0,1.0,1.0,1.0,0.0,0.9615767489069331,1.0,0.9804120582513645,0.9615767489069331,0.013359847160905226,0.7963772642098688,28.456370575490688,0.5924230661381742,10.62803806051988,0.47807694763355973,16.453505159660693,25.457657159355893,0.8607280449547039,1601,326,98527,20864,28,0,0,6144,3946.84590000179,2026-08-11T14:27:57.312746+00:00
1703f7d98c63770c,tamper,kodak,kodim12,kodim12|512x768|8,768,512,3,inpaint_removal,0.50,0.497564,A,8,0,20260811,43.12376992292778,0.9770002686415995,1.0,1.0,1.0,1.0,0.0,1.0,1.0,1.0,1.0,0.0,0.9677211934156379,1.0,0.9835958434089276,0.9677211934156379,0.03303199943310084,0.5159860715416271,29.569825644042318,0.325145788424008,6.728093693631822,0.17610814858751941,9.591051153154892,17.676711552411014,0.5613471726007989,3159,1529,195650,97856,88,0,0,6144,4255.633900000248,2026-08-11T14:28:01.571398+00:00
7a074e2fd1907095,tamper,kodak,kodim12,kodim12|512x768|8,768,512,3,inpaint_removal,0.50,0.497564,B,8,0,20260811,44.34385374946254,0.9799131044003672,1.0,1.0,1.0,1.0,0.0,1.0,1.0,1.0,1.0,0.0,0.9677211934156379,1.0,0.9835958434089276,0.9677211934156379,0.03303199943310084,0.5159860715416271,28.683484163114112,0.3285115111330129,6.6881953961097595,0.17756935985917466,9.551133940193878,17.665551070251684,0.5620424195713598,3159,1529,195650,97856,76,0,0,6144,4360.670900001423,2026-08-11T14:28:05.934859+00:00
58113ec114c2947b,tamper,kodak,kodim12,kodim12|512x768|8,768,512,3,crop_refill,0.10,0.099630,A,8,0,20260811,43.12376992292778,0.9770002686415995,1.0,1.0,1.0,1.0,0.0,1.0,1.0,1.0,1.0,0.0,0.9274621212121212,1.0,0.9623661196816351,0.9274621212121212,0.00865438933453847,0.9681818181818181,30.185935465722412,0.7506752166606132,18.5681158998506,0.7305389416103887,27.6413084306064,34.39256270747637,0.9693040854942807,660,21,39176,1344,0,0,0,6144,3706.324200000381,2026-08-11T14:28:09.643780+00:00
2068761c48e9bcad,tamper,kodak,kodim12,kodim12|512x768|8,768,512,3,crop_refill,0.10,0.099630,B,8,0,20260811,44.34385374946254,0.9799131044003672,1.0,1.0,1.0,1.0,0.0,1.0,1.0,1.0,1.0,0.0,0.9274621212121212,1.0,0.9623661196816351,0.9274621212121212,0.00865438933453847,0.9681818181818181,29.401382127822803,0.7532002276179403,18.47797812415119,0.732999303777334,27.556525940646246,34.16701248917103,0.9696099868724155,660,21,39176,1344,0,0,0,6144,3454.5748999989883,2026-08-11T14:28:13.102099+00:00
159179e111de6ea6,tamper,kodak,kodim12,kodim12|512x768|8,768,512,3,crop_refill,0.25,0.249863,A,8,0,20260811,43.12376992292778,0.9770002686415995,1.0,1.0,1.0,1.0,0.0,1.0,1.0,1.0,1.0,0.0,0.95947265625,1.0,0.9793172190381261,0.95947265625,0.014069418170229789,0.7893749999999999,28.942395912898313,0.5694975021796422,10.535317389373766,0.4573921453242889,16.24606653870728,22.712514593850862,0.8523116347372414,1600,337,98250,21568,0,0,0,6144,3379.5898000025772,2026-08-11T14:28:16.484086+00:00
fb68c58a004ccb94,tamper,kodak,kodim12,kodim12|512x768|8,768,512,3,crop_refill,0.25,0.249863,B,8,0,20260811,44.34385374946254,0.9799131044003672,1.0,1.0,1.0,1.0,0.0,1.0,1.0,1.0,1.0,0.0,0.95947265625,1.0,0.9793172190381261,0.95947265625,0.014069418170229789,0.7893749999999999,28.214297857212696,0.5734456639585923,10.4873773427661,0.4601893221852481,16.199412880881635,22.687770969917736,0.8530449312675645,1600,337,98250,21568,0,0,0,6144,3282.263299999613,2026-08-11T14:28:19.768840+00:00
3b3dccdab80edfdd,tamper,kodak,kodim12,kodim12|512x768|8,768,512,3,crop_refill,0.50,0.500488,A,8,0,20260811,43.12376992292778,0.9770002686415995,1.0,1.0,1.0,1.0,0.0,1.0,1.0,1.0,1.0,0.0,0.9694199243379571,1.0,0.9844725468224748,0.9694199243379571,0.03160638644509612,0.5119798234552333,30.385580110980452,0.32251726108778045,6.746687949552502,0.17138751332932572,9.581946808135726,17.853307607719188,0.5560386751525366,3172,1548,196800,99072,0,0,0,6144,3392.398799998773,2026-08-11T14:28:23.164306+00:00
f169669a3b8677bf,tamper,kodak,kodim12,kodim12|512x768|8,768,512,3,crop_refill,0.50,0.500488,B,8,0,20260811,44.34385374946254,0.9799131044003672,1.0,1.0,1.0,1.0,0.0,1.0,1.0,1.0,1.0,0.0,0.9694199243379571,1.0,0.9844725468224748,0.9694199243379571,0.03160638644509612,0.5119798234552333,29.800691757875978,0.3289131922479542,6.709295262443165,0.17452868735994187,9.544727494846585,17.8458234016285,0.5576610079501876,3172,1548,196800,99072,0,0,0,6144,3452.3836000007577,2026-08-11T14:28:26.618040+00:00
6a87812075ac823e,tamper,kodak,kodim12,kodim12|512x768|8,768,512,3,noise,0.10,0.100311,A,8,0,20260811,43.12376992292778,0.9770002686415995,1.0,1.0,1.0,1.0,0.0,1.0,1.0,1.0,1.0,0.0,0.9338068181818182,1.0,0.9657705303364184,0.9338068181818182,0.007903395407211425,0.9590909090909091,31.185257718520248,0.7562301351706563,16.70180913242493,0.7262295911440196,26.34288440398962,31.997880552103695,0.9695882864666444,660,27,39444,1728,0,0,0,6144,3432.504100001097,2026-08-11T14:28:30.053083+00:00
a1a0feb2f3f63eb1,tamper,kodak,kodim12,kodim12|512x768|8,768,512,3,noise,0.10,0.100311,B,8,0,20260811,44.34385374946254,0.9799131044003672,1.0,1.0,1.0,1.0,0.0,1.0,1.0,1.0,1.0,0.0,0.9338068181818182,1.0,0.9657705303364184,0.9338068181818182,0.007903395407211425,0.9590909090909091,30.634494835310782,0.7664739671118429,16.643252918520314,0.7359488218182683,26.284442435966696,31.881431251941756,0.9705445013108388,660,27,39444,1728,0,0,0,6144,4046.5487000001303,2026-08-11T14:28:34.102590+00:00
f66e30a02dcffbaa,tamper,kodak,kodim12,kodim12|512x768|8,768,512,3,noise,0.25,0.250753,A,8,0,20260811,43.12376992292778,0.9770002686415995,1.0,1.0,1.0,1.0,0.0,1.0,1.0,1.0,1.0,0.0,0.9510030864197531,1.0,0.9748862962230571,0.9510030864197531,0.01724278382708339,0.7833333333333333,29.244918907679875,0.5523318055265798,10.956372447276843,0.43998448933134765,16.666149613463734,21.395537229791543,0.8469013333465253,1620,351,98600,22464,0,0,0,6144,4881.590900000447,2026-08-11T14:28:38.986978+00:00
92eba1fd1fa43af6,tamper,kodak,kodim12,kodim12|512x768|8,768,512,3,noise,0.25,0.250753,B,8,0,20260811,44.34385374946254,0.9799131044003672,1.0,1.0,1.0,1.0,0.0,1.0,1.0,1.0,1.0,0.0,0.9510030864197531,1.0,0.9748862962230571,0.9510030864197531,0.01724278382708339,0.7833333333333333,28.473633374723523,0.5546500049498284,10.905608447771778,0.44152277336400275,16.61592402129569,21.353613338048106,0.847290133298919,1620,351,98600,22464,0,0,0,6144,3856.372199999896,2026-08-11T14:28:42.846674+00:00
8accc10264164e73,tamper,kodak,kodim12,kodim12|512x768|8,768,512,3,noise,0.50,0.499451,A,8,0,20260811,43.12376992292778,0.9770002686415995,1.0,1.0,1.0,1.0,0.0,1.0,1.0,1.0,1.0,0.0,0.9741666666666666,1.0,0.9869143098353735,0.9741666666666666,0.02646018778197781,0.506031746031746,29.729218494314907,0.3195985805284716,6.9396241161780035,0.16948581034511825,9.813149536210602,14.681498176659078,0.5564867968626069,3150,1556,196392,99584,0,0,0,6144,3243.439900001249,2026-08-11T14:28:46.093028+00:00
8ebed3c247c6c81b,tamper,kodak,kodim12,kodim12|512x768|8,768,512,3,noise,0.50,0.499451,B,8,0,20260811,44.34385374946254,0.9799131044003672,1.0,1.0,1.0,1.0,0.0,1.0,1.0,1.0,1.0,0.0,0.9741666666666666,1.0,0.9869143098353735,0.9741666666666666,0.02646018778197781,0.506031746031746,29.028705931867197,0.3214313570398731,6.899653132818411,0.17008309479373449,9.773599450962971,14.654708356820063,0.5567941163600727,3150,1556,196392,99584,0,0,0,6144,3194.7270999989996,2026-08-11T14:28:49.289099+00:00
0873f174d3230033,tamper,kodak,kodim13,kodim13|512x768|8,768,512,3,splice,0.10,0.100212,A,8,0,20260811,43.340519565865456,0.9942133074004583,1.0,1.0,1.0,1.0,0.0,1.0,1.0,1.0,1.0,0.0,0.9501591435185185,1.0,0.9744426722059423,0.9501591435185185,0.00584210213927775,0.9521604938271605,26.14918516432229,0.6290747686558229,22.506751640959276,0.6040188264255328,31.858373086063814,32.21695076233465,0.9568417182715808,648,31,39405,1984,0,0,0,6144,4379.96209999983,2026-08-11T14:28:53.673001+00:00
9e7692e6cf32135c,tamper,kodak,kodim13,kodim13|512x768|8,768,512,3,splice,0.10,0.100212,B,8,0,20260811,44.23437678424099,0.9952408712243601,1.0,1.0,1.0,1.0,0.0,1.0,1.0,1.0,1.0,0.0,0.9501591435185185,1.0,0.9744426722059423,0.9501591435185185,0.00584210213927775,0.9521604938271605,26.474567584114283,0.6775739717364185,22.624142015817466,0.6502948272161461,31.977722073633082,32.364820669278174,0.9617802510182424,648,31,39405,1984,0,0,0,6144,4348.015199997462,2026-08-11T14:28:58.022821+00:00
553c6786f39e3674,tamper,kodak,kodim13,kodim13|512x768|8,768,512,3,splice,0.25,0.249585,A,8,0,20260811,43.340519565865456,0.9942133074004583,1.0,1.0,1.0,1.0,0.0,1.0,1.0,1.0,1.0,0.0,0.958408203125,1.0,0.9787624475792981,0.958408203125,0.014433618571549607,0.799375,22.414376494733848,0.5222701990535413,12.150742670404448,0.4288162957044488,17.880586966374224,21.735201672820118,0.8455030774060751,1600,321,98141,20544,4,0,0,6144,3483.5292999996454,2026-08-11T14:29:01.508650+00:00
48e0ba59651fd21a,tamper,kodak,kodim13,kodim13|512x768|8,768,512,3,splice,0.25,0.249585,B,8,0,20260811,44.23437678424099,0.9952408712243601,1.0,1.0,1.0,1.0,0.0,1.0,1.0,1.0,1.0,0.0,0.958408203125,1.0,0.9787624475792981,0.958408203125,0.014433618571549607,0.799375,22.688631099674236,0.5536956663036159,12.167170202759577,0.45422270644731283,17.895220385317366,21.781100851717436,0.8521150735363584,1600,321,98141,20544,1,0,0,6144,3967.534900002647,2026-08-11T14:29:05.480064+00:00
fd833b3981871314,tamper,kodak,kodim13,kodim13|512x768|8,768,512,3,splice,0.50,0.500214,A,8,0,20260811,43.340519565865456,0.9942133074004583,1.0,1.0,1.0,1.0,0.0,1.0,1.0,1.0,1.0,0.0,0.9800103635204082,1.0,0.989904276842243,0.9800103635204082,0.020414809387148642,0.5255102040816326,22.439567214739313,0.3719218586305996,10.226226348091213,0.2135909095163831,13.140998895272254,16.65669584731493,0.5885283065459369,3136,1488,196692,95232,4,0,0,6144,3678.291899999749,2026-08-11T14:29:09.161255+00:00
b2afd84b0547477d,tamper,kodak,kodim13,kodim13|512x768|8,768,512,3,splice,0.50,0.500214,B,8,0,20260811,44.23437678424099,0.9952408712243601,1.0,1.0,1.0,1.0,0.0,1.0,1.0,1.0,1.0,0.0,0.9800103635204082,1.0,0.989904276842243,0.9800103635204082,0.020414809387148642,0.5255102040816326,22.60707005948877,0.3906933977233789,10.225873826082614,0.22381069835939282,13.137249427315814,16.66182764330559,0.5938384388127688,3136,1488,196692,95232,2,0,0,6144,3594.360700000834,2026-08-11T14:29:12.757534+00:00
780bb8199823ce44,tamper,kodak,kodim13,kodim13|512x768|8,768,512,3,inpaint_removal,0.10,0.099195,A,8,0,20260811,43.340519565865456,0.9942133074004583,1.0,1.0,1.0,1.0,0.0,1.0,1.0,1.0,1.0,0.0,0.9150947822822822,1.0,0.9556652660206544,0.9150947822822822,0.010217074003912922,0.9564564564564565,21.55287546184003,0.6416964578583886,18.033704458487584,0.6186893072718075,27.523588887438095,30.747938516904163,0.9576037009132047,666,29,39005,1856,4,0,0,6144,3597.1556000004057,2026-08-11T14:29:16.357520+00:00
73330fe71bd879fb,tamper,kodak,kodim13,kodim13|512x768|8,768,512,3,inpaint_removal,0.10,0.099195,B,8,0,20260811,44.23437678424099,0.9952408712243601,1.0,1.0,1.0,1.0,0.0,1.0,1.0,1.0,1.0,0.0,0.9150947822822822,1.0,0.9556652660206544,0.9150947822822822,0.010217074003912922,0.9564564564564565,21.65381327731629,0.674966608151146,18.07541482619822,0.6505997323659375,27.56842373919278,30.84482680346739,0.9611175317939976,666,29,39005,1856,0,0,0,6144,3651.998999997886,2026-08-11T14:29:20.012747+00:00
fc6ab6bda3e0659e,tamper,kodak,kodim13,kodim13|512x768|8,768,512,3,inpaint_removal,0.25,0.250247,A,8,0,20260811,43.340519565865456,0.9942133074004583,1.0,1.0,1.0,1.0,0.0,1.0,1.0,1.0,1.0,0.0,0.9537938120347395,1.0,0.9763505300914327,0.9537938120347395,0.01616946220511168,0.8089330024813896,21.634235649557503,0.5228348797302749,13.621644320999334,0.4358955280594496,19.360791645839214,24.415002634217306,0.8470245352161383,1612,308,98401,19712,4,0,0,6144,4214.240900000732,2026-08-11T14:29:24.231256+00:00
bf9728b610bb9b07,tamper,kodak,kodim13,kodim13|512x768|8,768,512,3,inpaint_removal,0.25,0.250247,B,8,0,20260811,44.23437678424099,0.9952408712243601,1.0,1.0,1.0,1.0,0.0,1.0,1.0,1.0,1.0,0.0,0.9537938120347395,1.0,0.9763505300914327,0.9537938120347395,0.01616946220511168,0.8089330024813896,21.93750380253469,0.5584780947747977,13.654805621054752,0.46530606090425003,19.392938624398596,24.540131114013242,0.8547950564726235,1612,308,98401,19712,7,0,0,6144,3826.994699997158,2026-08-11T14:29:28.061228+00:00
8d34e65a38d417a6,tamper,kodak,kodim13,kodim13|512x768|8,768,512,3,inpaint_removal,0.50,0.493256,A,8,0,20260811,43.340519565865456,0.9942133074004583,1.0,1.0,1.0,1.0,0.0,1.0,1.0,1.0,1.0,0.0,0.9757123309723117,1.0,0.9877068798696339,0.9757123309723117,0.024229649703904448,0.5399227301996137,22.328588686846512,0.38691483146979944,10.226787296738134,0.22897404971776691,13.196703382709178,20.446799721812056,0.6026374541972422,3106,1429,193956,91456,10,0,0,6144,5194.833100002143,2026-08-11T14:29:33.258928+00:00
0ab7780450990030,tamper,kodak,kodim13,kodim13|512x768|8,768,512,3,inpaint_removal,0.50,0.493256,B,8,0,20260811,44.23437678424099,0.9952408712243601,1.0,1.0,1.0,1.0,0.0,1.0,1.0,1.0,1.0,0.0,0.9757123309723117,1.0,0.9877068798696339,0.9757123309723117,0.024229649703904448,0.5399227301996137,22.133428379940305,0.39906055764032633,10.214123377510445,0.2356147050958826,13.184487280282546,20.424330734840005,0.6061358352833595,3106,1429,193956,91456,5,0,0,6144,5858.980600001814,2026-08-11T14:29:39.119561+00:00
2b04cbe75829f212,tamper,kodak,kodim13,kodim13|512x768|8,768,512,3,crop_refill,0.10,0.099902,A,8,0,20260811,43.340519565865456,0.9942133074004583,1.0,1.0,1.0,1.0,0.0,1.0,1.0,1.0,1.0,0.0,0.9428523425499232,1.0,0.9705856918724597,0.9428523425499232,0.006727261939406611,0.956989247311828,21.322832429052625,0.6806866780877154,18.781337362680887,0.6565270318451588,28.498874687454574,29.99200679407782,0.9627687981799413,651,28,39283,1792,0,0,0,6144,4094.078999998601,2026-08-11T14:29:43.217342+00:00
2a3c74b50041c6e7,tamper,kodak,kodim13,kodim13|512x768|8,768,512,3,crop_refill,0.10,0.099902,B,8,0,20260811,44.23437678424099,0.9952408712243601,1.0,1.0,1.0,1.0,0.0,1.0,1.0,1.0,1.0,0.0,0.9428523425499232,1.0,0.9705856918724597,0.9428523425499232,0.006727261939406611,0.956989247311828,21.083286534871924,0.692656303336597,18.648986974108677,0.6680181873997555,28.369462036625585,29.81795965071725,0.9640072466036796,651,28,39283,1792,0,0,0,6144,3529.921400000603,2026-08-11T14:29:46.750436+00:00
91d93b8bd01d2ef4,tamper,kodak,kodim13,kodim13|512x768|8,768,512,3,crop_refill,0.25,0.249939,A,8,0,20260811,43.340519565865456,0.9942133074004583,1.0,1.0,1.0,1.0,0.0,1.0,1.0,1.0,1.0,0.0,0.9538043478260869,1.0,0.976356050069541,0.9538043478260869,0.016139094583231615,0.806832298136646,23.09203351666507,0.5285942883093678,14.009175966567998,0.4366483227154765,19.84088595845543,24.05934377279869,0.849036675881249,1610,311,98280,19904,0,0,0,6144,3397.7085999977135,2026-08-11T14:29:50.151474+00:00
8fc9469c3b81646f,tamper,kodak,kodim13,kodim13|512x768|8,768,512,3,crop_refill,0.25,0.249939,B,8,0,20260811,44.23437678424099,0.9952408712243601,1.0,1.0,1.0,1.0,0.0,1.0,1.0,1.0,1.0,0.0,0.9538043478260869,1.0,0.976356050069541,0.9538043478260869,0.016139094583231615,0.806832298136646,23.255565364466655,0.5560828304148794,14.018074411706996,0.4590059510116062,19.847318999329183,24.097723025274572,0.8548092673482053,1610,311,98280,19904,1,0,0,6144,3424.0704999974696,2026-08-11T14:29:53.577646+00:00
435c1e2c1c6e0da4,tamper,kodak,kodim13,kodim13|512x768|8,768,512,3,crop_refill,0.50,0.499878,A,8,0,20260811,43.340519565865456,0.9942133074004583,1.0,1.0,1.0,1.0,0.0,1.0,1.0,1.0,1.0,0.0,0.9651948460087995,1.0,0.9822892096110023,0.9651948460087995,0.03604263282076316,0.5182275298554369,22.900627197295364,0.36152875646064253,9.695987495345216,0.20567993792018685,12.591440752926843,16.478506701336222,0.582178767028348,3182,1533,196560,98112,0,0,0,6144,3193.254000001616,2026-08-11T14:29:56.774714+00:00
65db8aedad352ff0,tamper,kodak,kodim13,kodim13|512x768|8,768,512,3,crop_refill,0.50,0.499878,B,8,0,20260811,44.23437678424099,0.9952408712243601,1.0,1.0,1.0,1.0,0.0,1.0,1.0,1.0,1.0,0.0,0.9651948460087995,1.0,0.9822892096110023,0.9651948460087995,0.03604263282076316,0.5182275298554369,22.97383420067931,0.38547545288495344,9.693613535159475,0.2185283888781411,12.589062215539768,16.48372905866483,0.5888047731893945,3182,1533,196560,98112,0,0,0,6144,3729.9011000031896,2026-08-11T14:30:00.505945+00:00
c39979c34ec85e46,tamper,kodak,kodim13,kodim13|512x768|8,768,512,3,noise,0.10,0.099879,A,8,0,20260811,43.340519565865456,0.9942133074004583,1.0,1.0,1.0,1.0,0.0,1.0,1.0,1.0,1.0,0.0,0.9499322755417957,1.0,0.974323352104989,0.9499322755417957,0.005848415842143628,0.9613003095975232,22.235895838114125,0.679996482434501,18.15810583891382,0.6574244685691673,27.72048501294321,29.25812475226043,0.9632551020887027,646,25,39274,1600,0,0,0,6144,5225.344200000109,2026-08-11T14:30:05.734604+00:00
a94cf1502800d4ec,tamper,kodak,kodim13,kodim13|512x768|8,768,512,3,noise,0.10,0.099879,B,8,0,20260811,44.23437678424099,0.9952408712243601,1.0,1.0,1.0,1.0,0.0,1.0,1.0,1.0,1.0,0.0,0.9499322755417957,1.0,0.974323352104989,0.9499322755417957,0.005848415842143628,0.9613003095975232,22.77785537196133,0.7244008772583653,18.354210290381715,0.7003103423910193,27.893146775905628,29.505895127566166,0.9676722848493456,646,25,39274,1600,0,0,0,6144,4200.26130000042,2026-08-11T14:30:09.937267+00:00
dba7472c6fc8b64b,tamper,kodak,kodim13,kodim13|512x768|8,768,512,3,noise,0.25,0.250529,A,8,0,20260811,43.340519565865456,0.9942133074004583,1.0,1.0,1.0,1.0,0.0,1.0,1.0,1.0,1.0,0.0,0.9717487373737373,1.0,0.9856719763067318,0.9717487373737373,0.00971822574515446,0.8011363636363636,21.84153498078829,0.5236676691888683,12.892619839869369,0.4298716693363944,18.698472854613147,20.95973471771469,0.8481442995665288,1584,315,98512,20160,0,0,0,6144,3272.980200003076,2026-08-11T14:30:13.213218+00:00
4e9bfd94a4a41b49,tamper,kodak,kodim13,kodim13|512x768|8,768,512,3,noise,0.25,0.250529,B,8,0,20260811,44.23437678424099,0.9952408712243601,1.0,1.0,1.0,1.0,0.0,1.0,1.0,1.0,1.0,0.0,0.9717487373737373,1.0,0.9856719763067318,0.9717487373737373,0.00971822574515446,0.8011363636363636,22.15660955432673,0.5564509343562731,12.919839611505953,0.4563805159414882,18.724122732153972,21.01155332882067,0.8550492264031733,1584,315,98512,20160,0,0,0,6144,5186.282299997401,2026-08-11T14:30:18.401953+00:00
85f22465e432acd7,tamper,kodak,kodim13,kodim13|512x768|8,768,512,3,noise,0.50,0.500661,A,8,0,20260811,43.340519565865456,0.9942133074004583,1.0,1.0,1.0,1.0,0.0,1.0,1.0,1.0,1.0,0.0,0.9496951219512195,1.0,0.9741985926505082,0.9496951219512195,0.05310978466803838,0.4908922506946588,22.29365607735916,0.34132269744648436,10.670657742559085,0.18801463072562377,13.348424579622431,14.270296456483644,0.5581347745126678,3239,1649,196868,105536,0,0,0,6144,3951.7593999989913,2026-08-11T14:30:22.357835+00:00
0121ca33c6eb0bd0,tamper,kodak,kodim13,kodim13|512x768|8,768,512,3,noise,0.50,0.500661,B,8,0,20260811,44.23437678424099,0.9952408712243601,1.0,1.0,1.0,1.0,0.0,1.0,1.0,1.0,1.0,0.0,0.9496951219512195,1.0,0.9741985926505082,0.9496951219512195,0.05310978466803838,0.4908922506946588,22.5574027989644,0.3672379745830785,10.673751341843754,0.20144276715124435,13.351642269473272,14.283158521600289,0.5653913932686795,3239,1649,196868,105536,0,0,0,6144,4952.872900001239,2026-08-11T14:30:27.315370+00:00
3a37d0fcf59adf30,tamper,kodak,kodim14,kodim14|512x768|8,768,512,3,splice,0.10,0.099869,A,8,0,20260811,43.30336368125026,0.9885868275916909,1.0,1.0,1.0,1.0,0.0,1.0,1.0,1.0,1.0,0.0,0.9296875,1.0,0.9635627530364372,0.9296875,0.008391110508382635,0.9545454545454546,25.56219453337657,0.7814391128894125,19.565134765920753,0.7506380643969212,29.128737500999673,28.083089546203315,0.9721530592613226,660,30,39270,1920,0,0,0,6144,5412.942099999782,2026-08-11T14:30:32.738636+00:00
ef9801ad606febf1,tamper,kodak,kodim14,kodim14|512x768|8,768,512,3,splice,0.10,0.099869,B,8,0,20260811,44.22978156318085,0.9904556560255146,1.0,1.0,1.0,1.0,0.0,1.0,1.0,1.0,1.0,0.0,0.9296875,1.0,0.9635627530364372,0.9296875,0.008391110508382635,0.9545454545454546,24.897676808599236,0.7929605202882763,19.39361347048446,0.7617815846659057,28.970611833546627,27.945483445828767,0.9734288539620319,660,30,39270,1920,0,0,0,6144,8022.9399999989255,2026-08-11T14:30:40.766642+00:00
b6562e67c3509e67,tamper,kodak,kodim14,kodim14|512x768|8,768,512,3,splice,0.25,0.249868,A,8,0,20260811,43.30336368125026,0.9885868275916909,1.0,1.0,1.0,1.0,0.0,1.0,1.0,1.0,1.0,0.0,0.9523495657568238,1.0,0.9755932876576308,0.9523495657568238,0.016666440650384452,0.8014888337468983,26.46352861032177,0.612835662677309,13.656818719520558,0.5047168575727616,19.416000482034008,22.345319735029094,0.8648436553781368,1612,320,98252,20480,0,0,0,6144,3655.093900000793,2026-08-11T14:30:44.425387+00:00
9c240f2f425e5872,tamper,kodak,kodim14,kodim14|512x768|8,768,512,3,splice,0.25,0.249868,B,8,0,20260811,44.22978156318085,0.9904556560255146,1.0,1.0,1.0,1.0,0.0,1.0,1.0,1.0,1.0,0.0,0.9523495657568238,1.0,0.9755932876576308,0.9523495657568238,0.016666440650384452,0.8014888337468983,26.144772885335964,0.6195246081441471,13.633251008865802,0.5101249156915841,19.39213516744795,22.337345042731055,0.8662562898446793,1612,320,98252,20480,0,0,0,6144,5091.553599999315,2026-08-11T14:30:49.518786+00:00
c59274d794faade3,tamper,kodak,kodim14,kodim14|512x768|8,768,512,3,splice,0.50,0.440104,A,8,0,20260811,43.30336368125026,0.9885868275916909,1.0,1.0,1.0,1.0,0.0,1.0,1.0,1.0,1.0,0.0,0.9825581395348837,1.0,0.9912023460410557,0.9825581395348837,0.013953488372093023,0.5933866279069768,26.985246901898428,0.4766500624020631,11.428642996567786,0.3075159581566533,14.913654303633358,15.272813901719736,0.6850998473361818,2752,1119,173056,71616,214,0,0,6144,4522.205000001122,2026-08-11T14:30:54.046278+00:00
fae69d20c923a4c3,tamper,kodak,kodim14,kodim14|512x768|8,768,512,3,splice,0.50,0.440104,B,8,0,20260811,44.22978156318085,0.9904556560255146,1.0,1.0,1.0,1.0,0.0,1.0,1.0,1.0,1.0,0.0,0.9825581395348837,1.0,0.9912023460410557,0.9825581395348837,0.013953488372093023,0.5933866279069768,26.53977467296231,0.48085458813241594,11.411252311994097,0.3099170962206804,14.896195017178993,15.263249409611541,0.6862022245651248,2752,1119,173056,71616,18,0,0,6144,3710.9277000017755,2026-08-11T14:30:57.758681+00:00
71930c0df836e7be,tamper,kodak,kodim14,kodim14|512x768|8,768,512,3,inpaint_removal,0.10,0.099675,A,8,0,20260811,43.30336368125026,0.9885868275916909,1.0,1.0,1.0,1.0,0.0,1.0,1.0,1.0,1.0,0.0,0.9195289039039038,1.0,0.9580776846170769,0.9195289039039038,0.00968866341639785,0.9504504504504504,24.9534531367353,0.7585702656666057,18.976941421721754,0.7292373462633259,28.260778389438865,33.32928783511153,0.9691549319811675,666,33,39194,2112,3,0,0,6144,3531.847400001425,2026-08-11T14:31:01.293836+00:00
dba782ceb0369cb2,tamper,kodak,kodim14,kodim14|512x768|8,768,512,3,inpaint_removal,0.10,0.099675,B,8,0,20260811,44.22978156318085,0.9904556560255146,1.0,1.0,1.0,1.0,0.0,1.0,1.0,1.0,1.0,0.0,0.9195289039039038,1.0,0.9580776846170769,0.9195289039039038,0.00968866341639785,0.9504504504504504,24.58171656495638,0.7710505872611358,18.87264423477592,0.740943006261296,28.164511678457895,33.064121639376445,0.9704260198441007,666,33,39194,2112,3,0,0,6144,4272.720400000253,2026-08-11T14:31:05.569416+00:00
1e5ced1e0149f1d9,tamper,kodak,kodim14,kodim14|512x768|8,768,512,3,inpaint_removal,0.25,0.250872,A,8,0,20260811,43.30336368125026,0.9885868275916909,1.0,1.0,1.0,1.0,0.0,1.0,1.0,1.0,1.0,0.0,0.9508694478716841,1.0,0.9748160738372754,0.9508694478716841,0.017303246438016222,0.7871684145589143,26.11822571700388,0.6108341555710102,13.184213801977124,0.4964671899777311,18.988853685343404,25.29938787810152,0.8628946205641368,1621,345,98647,22080,6,0,0,6144,3608.96639999919,2026-08-11T14:31:09.185515+00:00
25a1a5dd1c3aae00,tamper,kodak,kodim14,kodim14|512x768|8,768,512,3,inpaint_removal,0.25,0.250872,B,8,0,20260811,44.22978156318085,0.9904556560255146,1.0,1.0,1.0,1.0,0.0,1.0,1.0,1.0,1.0,0.0,0.9508694478716841,1.0,0.9748160738372754,0.9508694478716841,0.017303246438016222,0.7871684145589143,25.650756961730767,0.6149535814781951,13.15581677060262,0.4995773169432817,18.96101357400281,25.210712026468222,0.8638386661665386,1621,345,98647,22080,11,0,0,6144,3508.2846000004793,2026-08-11T14:31:12.696326+00:00
1f89beaea4b94709,tamper,kodak,kodim14,kodim14|512x768|8,768,512,3,inpaint_removal,0.50,0.495158,A,8,0,20260811,43.30336368125026,0.9885868275916909,1.0,1.0,1.0,1.0,0.0,1.0,1.0,1.0,1.0,0.0,0.970414673046252,1.0,0.984985228054555,0.970414673046252,0.029902474409607478,0.5371610845295056,27.09064404356095,0.4183180062782793,10.448593711706618,0.24333420455660057,13.391660749681105,19.467867466477013,0.6051275379763531,3135,1451,194704,92864,23,0,0,6144,4070.3461000011885,2026-08-11T14:31:16.769766+00:00
11a9aa4a6902537d,tamper,kodak,kodim14,kodim14|512x768|8,768,512,3,inpaint_removal,0.50,0.495158,B,8,0,20260811,44.22978156318085,0.9904556560255146,1.0,1.0,1.0,1.0,0.0,1.0,1.0,1.0,1.0,0.0,0.970414673046252,1.0,0.984985228054555,0.970414673046252,0.029902474409607478,0.5371610845295056,26.72449619809924,0.42050344951142227,10.434337153429729,0.24436621607206224,13.377545332726262,19.452529057244487,0.6056730224771466,3135,1451,194704,92864,13,0,0,6144,4476.717699999426,2026-08-11T14:31:21.248574+00:00
febb37faadc0c3b5,tamper,kodak,kodim14,kodim14|512x768|8,768,512,3,crop_refill,0.10,0.100062,A,8,0,20260811,43.30336368125026,0.9885868275916909,1.0,1.0,1.0,1.0,0.0,1.0,1.0,1.0,1.0,0.0,0.910787037037037,1.0,0.9533108812056308,0.910787037037037,0.010891005171390624,0.9525925925925925,27.64001459001227,0.742784723366695,20.172149137046027,0.7107568297550884,29.565507259590582,34.32764422076586,0.9671062058666102,675,32,39346,2048,0,0,0,6144,4450.823600000149,2026-08-11T14:31:25.704433+00:00
9ffea38de551dff1,tamper,kodak,kodim14,kodim14|512x768|8,768,512,3,crop_refill,0.10,0.100062,B,8,0,20260811,44.22978156318085,0.9904556560255146,1.0,1.0,1.0,1.0,0.0,1.0,1.0,1.0,1.0,0.0,0.910787037037037,1.0,0.9533108812056308,0.910787037037037,0.010891005171390624,0.9525925925925925,27.505074490117668,0.7553601417689446,20.135890106080303,0.7227672277864312,29.522944506361625,34.23516069252776,0.968406377660252,675,32,39346,2048,0,0,0,6144,3729.057600001397,2026-08-11T14:31:29.436139+00:00
b63feaec40c486ed,tamper,kodak,kodim14,kodim14|512x768|8,768,512,3,crop_refill,0.25,0.250081,A,8,0,20260811,43.30336368125026,0.9885868275916909,1.0,1.0,1.0,1.0,0.0,1.0,1.0,1.0,1.0,0.0,0.9633228840125392,1.0,0.981318856777902,0.9633228840125392,0.012696690179055886,0.7974921630094044,26.084485469614375,0.6151742489407315,13.734958421746432,0.5048425717607579,19.61899933391764,23.695611951615803,0.8667991647938106,1595,323,98336,20672,0,0,0,6144,3907.182399998419,2026-08-11T14:31:33.345933+00:00
228c495912f7577b,tamper,kodak,kodim14,kodim14|512x768|8,768,512,3,crop_refill,0.25,0.250081,B,8,0,20260811,44.22978156318085,0.9904556560255146,1.0,1.0,1.0,1.0,0.0,1.0,1.0,1.0,1.0,0.0,0.9633228840125392,1.0,0.981318856777902,0.9633228840125392,0.012696690179055886,0.7974921630094044,25.816746869465014,0.625601508247749,13.711009941278967,0.5130738251681187,19.59595427710823,23.66427166156859,0.8690057263298699,1595,323,98336,20672,0,0,0,6144,4003.716600000189,2026-08-11T14:31:37.354409+00:00
ac412d32db3c2439,tamper,kodak,kodim14,kodim14|512x768|8,768,512,3,crop_refill,0.50,0.447917,A,8,0,20260811,43.30336368125026,0.9885868275916909,1.0,1.0,1.0,1.0,0.0,1.0,1.0,1.0,1.0,0.0,0.9772727272727273,1.0,0.9885057471264368,0.9772727272727273,0.018867924528301886,0.5813210227272727,26.80411003559271,0.45521263757489655,11.040079240000386,0.28883946346327916,14.42102454844395,18.376796511608617,0.6675949219873115,2816,1179,176128,75456,0,0,0,6144,3768.454200002452,2026-08-11T14:31:41.126266+00:00
14f65a1e2a612834,tamper,kodak,kodim14,kodim14|512x768|8,768,512,3,crop_refill,0.50,0.447917,B,8,0,20260811,44.22978156318085,0.9904556560255146,1.0,1.0,1.0,1.0,0.0,1.0,1.0,1.0,1.0,0.0,0.9772727272727273,1.0,0.9885057471264368,0.9772727272727273,0.018867924528301886,0.5813210227272727,26.31692086088169,0.4592220618100869,11.022818467274236,0.29108125686929226,14.403667822051666,18.35990886861019,0.6686147320494582,2816,1179,176128,75456,0,0,0,6144,4228.055600000516,2026-08-11T14:31:45.355523+00:00
4113541963976c82,tamper,kodak,kodim14,kodim14|512x768|8,768,512,3,noise,0.10,0.100149,A,8,0,20260811,43.30336368125026,0.9885868275916909,1.0,1.0,1.0,1.0,0.0,1.0,1.0,1.0,1.0,0.0,0.9554541925465838,1.0,0.9772197131371284,0.9554541925465838,0.005188844549452289,0.967391304347826,28.894177000546645,0.7757939272429892,21.55614330766884,0.7525043292602647,31.192640218393063,33.30761050565344,0.9732514806265361,644,21,39380,1344,0,0,0,6144,4081.4158000030147,2026-08-11T14:31:49.439769+00:00
15866d28367800a2,tamper,kodak,kodim14,kodim14|512x768|8,768,512,3,noise,0.10,0.100149,B,8,0,20260811,44.22978156318085,0.9904556560255146,1.0,1.0,1.0,1.0,0.0,1.0,1.0,1.0,1.0,0.0,0.9554541925465838,1.0,0.9772197131371284,0.9554541925465838,0.005188844549452289,0.967391304347826,28.550801503803868,0.7775032374478771,21.481371212202976,0.7540864571843493,31.122744711861525,33.21655788166823,0.9734344704361725,644,21,39380,1344,0,0,0,6144,3904.615899999044,2026-08-11T14:31:53.348935+00:00
b64889b941c72447,tamper,kodak,kodim14,kodim14|512x768|8,768,512,3,noise,0.25,0.249756,A,8,0,20260811,43.30336368125026,0.9885868275916909,1.0,1.0,1.0,1.0,0.0,1.0,1.0,1.0,1.0,0.0,0.9590625,1.0,0.9791035252831394,0.9590625,0.014209784141447012,0.825625,28.971642250788825,0.6513465391727794,15.67670956776716,0.5494793342600877,21.364328375178935,22.52711959843571,0.8783564566206324,1600,279,98208,17856,0,0,0,6144,4798.417800000607,2026-08-11T14:31:58.151736+00:00
2dea9c9d98940290,tamper,kodak,kodim14,kodim14|512x768|8,768,512,3,noise,0.25,0.249756,B,8,0,20260811,44.22978156318085,0.9904556560255146,1.0,1.0,1.0,1.0,0.0,1.0,1.0,1.0,1.0,0.0,0.9590625,1.0,0.9791035252831394,0.9590625,0.014209784141447012,0.825625,28.447273212920507,0.6498512194067559,15.64176098559005,0.5479588984144376,21.329750243821074,22.502849981022834,0.877959922840781,1600,279,98208,17856,0,0,0,6144,4066.621400001168,2026-08-11T14:32:02.228483+00:00
317bda0d7157f290,tamper,kodak,kodim14,kodim14|512x768|8,768,512,3,noise,0.50,0.500264,A,8,0,20260811,43.30336368125026,0.9885868275916909,1.0,1.0,1.0,1.0,0.0,1.0,1.0,1.0,1.0,0.0,0.9617099499374218,1.0,0.9804812887533145,0.9617099499374218,0.039856695029108824,0.5096996245306633,26.277811684976182,0.4169057078134655,9.873689688697901,0.23459858726864907,12.765041963347683,14.431468512881223,0.5882814123310672,3196,1567,196712,100288,0,0,0,6144,4675.642500002141,2026-08-11T14:32:06.906729+00:00
884237b872181d65,tamper,kodak,kodim14,kodim14|512x768|8,768,512,3,noise,0.50,0.500264,B,8,0,20260811,44.22978156318085,0.9904556560255146,1.0,1.0,1.0,1.0,0.0,1.0,1.0,1.0,1.0,0.0,0.9617099499374218,1.0,0.9804812887533145,0.9617099499374218,0.039856695029108824,0.5096996245306633,25.93071283654897,0.4207156770800242,9.860862932496723,0.2364083013270148,12.752350825826628,14.428165823840686,0.5893098880880774,3196,1567,196712,100288,0,0,0,6144,3427.878399998008,2026-08-11T14:32:10.335905+00:00
3488951bc78d6f34,tamper,kodak,kodim15,kodim15|512x768|8,768,512,3,splice,0.10,0.100060,A,8,0,20260811,43.06845976467227,0.9774643207959839,1.0,1.0,1.0,1.0,0.0,1.0,1.0,1.0,1.0,0.0,0.9546050077639752,1.0,0.9767753627685853,0.9546050077639752,0.005287237439631956,0.9720496894409938,29.720179506536365,0.7424685344556604,24.088299697683624,0.7246233817750393,33.7559909492166,34.566886523714054,0.9706201785160596,644,18,39345,1152,0,0,0,6144,5057.572600002459,2026-08-11T14:32:15.396214+00:00
b0755acb78b599f1,tamper,kodak,kodim15,kodim15|512x768|8,768,512,3,splice,0.10,0.100060,B,8,0,20260811,43.88882798290298,0.9786469142676429,1.0,1.0,1.0,1.0,0.0,1.0,1.0,1.0,1.0,0.0,0.9546050077639752,1.0,0.9767753627685853,0.9546050077639752,0.005287237439631956,0.9720496894409938,29.451536972267732,0.7695217129054872,23.98522201819523,0.7509327439250529,33.616217260699464,34.428005185979835,0.9733554245167219,644,18,39345,1152,0,0,0,6144,4686.3102999996045,2026-08-11T14:32:20.086134+00:00
871633144db43318,tamper,kodak,kodim15,kodim15|512x768|8,768,512,3,splice,0.25,0.249802,A,8,0,20260811,43.06845976467227,0.9774643207959839,1.0,1.0,1.0,1.0,0.0,1.0,1.0,1.0,1.0,0.0,0.9598381801125704,1.0,0.9795075836898316,0.9598381801125704,0.01393267568392149,0.7861163227016885,28.85545783247206,0.6162137796904067,15.995582807659115,0.5096520073093208,21.78385487307701,22.747378511528318,0.867254521640117,1599,342,98226,21888,1,0,0,6144,4615.833300002123,2026-08-11T14:32:24.705007+00:00
38dede9d6c4218a8,tamper,kodak,kodim15,kodim15|512x768|8,768,512,3,splice,0.25,0.249802,B,8,0,20260811,43.88882798290298,0.9786469142676429,1.0,1.0,1.0,1.0,0.0,1.0,1.0,1.0,1.0,0.0,0.9598381801125704,1.0,0.9795075836898316,0.9598381801125704,0.01393267568392149,0.7861163227016885,28.557518442816345,0.637593805463063,15.942356945467154,0.5262498843985529,21.7316622078394,22.7487682716598,0.8717431341445635,1599,342,98226,21888,0,0,0,6144,3707.858400000987,2026-08-11T14:32:28.416790+00:00
a2d243304f7f9e89,tamper,kodak,kodim15,kodim15|512x768|8,768,512,3,splice,0.50,0.499672,A,8,0,20260811,43.06845976467227,0.9774643207959839,1.0,1.0,1.0,1.0,0.0,1.0,1.0,1.0,1.0,0.0,0.9638883437990581,1.0,0.9816121642989716,0.9638883437990581,0.03741543278590199,0.5051805337519624,30.069342602527442,0.4092957419911842,10.586778070140701,0.23721006982491705,13.485565556842012,15.455982462132445,0.5896736231914385,3185,1576,196479,100864,1,0,0,6144,3833.295599997655,2026-08-11T14:32:32.253142+00:00
9caec7ac143c7c78,tamper,kodak,kodim15,kodim15|512x768|8,768,512,3,splice,0.50,0.499672,B,8,0,20260811,43.88882798290298,0.9786469142676429,1.0,1.0,1.0,1.0,0.0,1.0,1.0,1.0,1.0,0.0,0.9638883437990581,1.0,0.9816121642989716,0.9638883437990581,0.03741543278590199,0.5051805337519624,29.855290940395747,0.4230214835111295,10.551020758229301,0.24394201830551762,13.449474898104652,15.463815474266713,0.5930945024445924,3185,1576,196479,100864,0,0,0,6144,5375.644600000669,2026-08-11T14:32:37.630589+00:00
82ea44432436f0c7,tamper,kodak,kodim15,kodim15|512x768|8,768,512,3,inpaint_removal,0.10,0.099108,A,8,0,20260811,43.06845976467227,0.9774643207959839,1.0,1.0,1.0,1.0,0.0,1.0,1.0,1.0,1.0,0.0,0.9198215634441088,1.0,0.95823651630829,0.9198215634441088,0.009589408460246439,0.9667673716012084,29.760797257377693,0.7606924305484816,19.27550943834698,0.7394227510317475,28.570850153005615,37.33199231610389,0.97087645052491,662,22,38971,1408,11,0,0,6144,3831.0481999978947,2026-08-11T14:32:41.467890+00:00
4d7b62acb90b28c6,tamper,kodak,kodim15,kodim15|512x768|8,768,512,3,inpaint_removal,0.10,0.099108,B,8,0,20260811,43.88882798290298,0.9786469142676429,1.0,1.0,1.0,1.0,0.0,1.0,1.0,1.0,1.0,0.0,0.9198215634441088,1.0,0.95823651630829,0.9198215634441088,0.009589408460246439,0.9667673716012084,29.711951351148848,0.8020829557928174,19.24543611655794,0.7796311810028149,28.54394971575961,37.295979038177684,0.9752563307387123,662,22,38971,1408,26,0,0,6144,3676.3934999980847,2026-08-11T14:32:45.146969+00:00
5a08ce7fe1bf3bc0,tamper,kodak,kodim15,kodim15|512x768|8,768,512,3,inpaint_removal,0.25,0.248243,A,8,0,20260811,43.06845976467227,0.9774643207959839,1.0,1.0,1.0,1.0,0.0,1.0,1.0,1.0,1.0,0.0,0.9562402037617554,1.0,0.9776306630678091,0.9562402037617554,0.015111483983586093,0.8,31.371863826918055,0.6341251608750851,15.97155249811104,0.5233322384462676,21.84230518089892,24.864213965622643,0.8735024309393249,1595,319,97613,20416,36,0,0,6144,4414.954200001375,2026-08-11T14:32:49.565085+00:00
79b1d2514f93179b,tamper,kodak,kodim15,kodim15|512x768|8,768,512,3,inpaint_removal,0.25,0.248243,B,8,0,20260811,43.88882798290298,0.9786469142676429,1.0,1.0,1.0,1.0,0.0,1.0,1.0,1.0,1.0,0.0,0.9562402037617554,1.0,0.9776306630678091,0.9562402037617554,0.015111483983586093,0.8,30.97168748674944,0.6552623413820552,15.923625596213926,0.5401871076964209,21.792071625948182,24.847359134284062,0.877893621617117,1595,319,97613,20416,31,0,0,6144,4891.832299999805,2026-08-11T14:32:54.459646+00:00
83ea208774a3c736,tamper,kodak,kodim15,kodim15|512x768|8,768,512,3,inpaint_removal,0.50,0.500432,A,8,0,20260811,43.06845976467227,0.9774643207959839,1.0,1.0,1.0,1.0,0.0,1.0,1.0,1.0,1.0,0.0,0.9729924841772152,1.0,0.9863113944734322,0.9729924841772152,0.02780521080442684,0.5281645569620252,30.223089429864114,0.43885719302360493,11.022933551560728,0.26064119599140084,13.805481228154246,18.062522084770222,0.6099729503239316,3160,1491,196778,95424,27,0,0,6144,6519.240499997977,2026-08-11T14:33:00.985524+00:00
19d72adfd7a76ad9,tamper,kodak,kodim15,kodim15|512x768|8,768,512,3,inpaint_removal,0.50,0.500432,B,8,0,20260811,43.88882798290298,0.9786469142676429,1.0,1.0,1.0,1.0,0.0,1.0,1.0,1.0,1.0,0.0,0.9729924841772152,1.0,0.9863113944734322,0.9729924841772152,0.02780521080442684,0.5281645569620252,29.530896511658298,0.4526201978587168,10.982570637734788,0.2678117397025217,13.765709095420744,18.052103469657318,0.6137760233529995,3160,1491,196778,95424,35,0,0,6144,4095.621000000392,2026-08-11T14:33:05.082227+00:00
51b3ce98ddf1035f,tamper,kodak,kodim15,kodim15|512x768|8,768,512,3,crop_refill,0.10,0.100204,A,8,0,20260811,43.06845976467227,0.9774643207959839,1.0,1.0,1.0,1.0,0.0,1.0,1.0,1.0,1.0,0.0,0.9471634615384615,1.0,0.972864867534135,0.9471634615384615,0.006212303639765527,0.9569230769230769,31.78590680386272,0.814284687592768,27.6018107228543,0.7900598787752462,37.149592145433964,37.550755424270285,0.9770978768002405,650,28,39402,1792,0,0,0,6144,3283.5448999976506,2026-08-11T14:33:08.369735+00:00
aa0834ca17077d04,tamper,kodak,kodim15,kodim15|512x768|8,768,512,3,crop_refill,0.10,0.100204,B,8,0,20260811,43.88882798290298,0.9786469142676429,1.0,1.0,1.0,1.0,0.0,1.0,1.0,1.0,1.0,0.0,0.9471634615384615,1.0,0.972864867534135,0.9471634615384615,0.006212303639765527,0.9569230769230769,30.746024930007007,0.8404285542475081,27.134503007310734,0.8151438392846964,36.69073896126973,37.10096360091016,0.9797472676365686,650,28,39402,1792,0,0,0,6144,3542.621300002793,2026-08-11T14:33:11.914861+00:00
15d5121020de1ec6,tamper,kodak,kodim15,kodim15|512x768|8,768,512,3,crop_refill,0.25,0.249985,A,8,0,20260811,43.06845976467227,0.9774643207959839,1.0,1.0,1.0,1.0,0.0,1.0,1.0,1.0,1.0,0.0,0.9498492578849722,1.0,0.974279682435848,0.9498492578849722,0.017598112017577768,0.7773654916512059,29.148467462910766,0.6071098760535241,15.503799261638981,0.49763760643151916,21.368840130777347,22.95089382249746,0.8627421499362606,1617,360,98298,23040,0,0,0,6144,3238.8747000004514,2026-08-11T14:33:15.157173+00:00
832c778681eaaf55,tamper,kodak,kodim15,kodim15|512x768|8,768,512,3,crop_refill,0.25,0.249985,B,8,0,20260811,43.88882798290298,0.9786469142676429,1.0,1.0,1.0,1.0,0.0,1.0,1.0,1.0,1.0,0.0,0.9498492578849722,1.0,0.974279682435848,0.9498492578849722,0.017598112017577768,0.7773654916512059,28.878930871682684,0.6274567021398545,15.45622486901961,0.513083809516354,21.321250738655664,22.93986719162443,0.8668768786974962,1617,360,98298,23040,0,0,0,6144,3343.9679000002798,2026-08-11T14:33:18.502882+00:00
b5a39892b153cd36,tamper,kodak,kodim15,kodim15|512x768|8,768,512,3,crop_refill,0.50,0.499095,A,8,0,20260811,43.06845976467227,0.9774643207959839,1.0,1.0,1.0,1.0,0.0,1.0,1.0,1.0,1.0,0.0,0.9606633771929824,1.0,0.9799370849353373,0.9606633771929824,0.04079933388842631,0.5043859649122807,30.69052215602149,0.39705577452075413,9.318170626369097,0.2255351487961932,12.139425851293337,13.74459351579397,0.5838522376351105,3192,1582,196252,101248,0,0,0,6144,3458.5512000012386,2026-08-11T14:33:21.964972+00:00
dc9767ccf2e928d5,tamper,kodak,kodim15,kodim15|512x768|8,768,512,3,crop_refill,0.50,0.499095,B,8,0,20260811,43.88882798290298,0.9786469142676429,1.0,1.0,1.0,1.0,0.0,1.0,1.0,1.0,1.0,0.0,0.9606633771929824,1.0,0.9799370849353373,0.9606633771929824,0.04079933388842631,0.5043859649122807,30.46716666964787,0.4094668465731466,9.287680905188768,0.2317297637836918,12.108710472121722,13.74281371209171,0.5871533946640118,3192,1582,196252,101248,0,0,0,6144,3289.4057000012253,2026-08-11T14:33:25.255560+00:00
83a141763cd69cf5,tamper,kodak,kodim15,kodim15|512x768|8,768,512,3,noise,0.10,0.100128,A,8,0,20260811,43.06845976467227,0.9774643207959839,1.0,1.0,1.0,1.0,0.0,1.0,1.0,1.0,1.0,0.0,0.9113888888888889,1.0,0.9536404592355763,0.9113888888888889,0.010818326720249601,0.962962962962963,31.336127053222242,0.8376109889913927,19.517258240238977,0.8119204011960052,28.818781717370456,31.128281745451698,0.9779479255976077,675,25,39372,1600,0,0,0,6144,3260.4571999982,2026-08-11T14:33:28.519984+00:00
0a13a561e1da4603,tamper,kodak,kodim15,kodim15|512x768|8,768,512,3,noise,0.10,0.100128,B,8,0,20260811,43.88882798290298,0.9786469142676429,1.0,1.0,1.0,1.0,0.0,1.0,1.0,1.0,1.0,0.0,0.9113888888888889,1.0,0.9536404592355763,0.9113888888888889,0.010818326720249601,0.962962962962963,30.276615066764172,0.8628883944173307,19.415456138265014,0.8362920615008275,28.724106268019103,31.018605840729524,0.9805689328127153,675,25,39372,1600,0,0,0,6144,3349.17669999777,2026-08-11T14:33:31.870965+00:00
a9e2d7c5edbe4c93,tamper,kodak,kodim15,kodim15|512x768|8,768,512,3,noise,0.25,0.250313,A,8,0,20260811,43.06845976467227,0.9774643207959839,1.0,1.0,1.0,1.0,0.0,1.0,1.0,1.0,1.0,0.0,0.963610197368421,1.0,0.9814679091194639,0.963610197368421,0.012609018654020334,0.8070175438596492,29.422592213074836,0.6470189705216052,11.599702914148153,0.5434072537352661,17.430014670142054,19.71716435960567,0.8767712502052026,1596,308,98427,19712,0,0,0,6144,3288.379300000088,2026-08-11T14:33:35.161853+00:00
382305a7c43246e8,tamper,kodak,kodim15,kodim15|512x768|8,768,512,3,noise,0.25,0.250313,B,8,0,20260811,43.88882798290298,0.9786469142676429,1.0,1.0,1.0,1.0,0.0,1.0,1.0,1.0,1.0,0.0,0.963610197368421,1.0,0.9814679091194639,0.963610197368421,0.012609018654020334,0.8070175438596492,29.3041957672176,0.6658465762673705,11.57434815854315,0.5581435542280987,17.404705683232812,19.720104365658425,0.8805578219906796,1596,308,98427,19712,0,0,0,6144,3622.565300000133,2026-08-11T14:33:38.788334+00:00
f51f173b3d49189c,tamper,kodak,kodim15,kodim15|512x768|8,768,512,3,noise,0.50,0.429688,A,8,0,20260811,43.06845976467227,0.9774643207959839,1.0,1.0,1.0,1.0,0.0,1.0,1.0,1.0,1.0,0.0,0.9821428571428571,1.0,0.9909909909909909,0.9821428571428571,0.0136986301369863,0.6160714285714286,31.100100547240395,0.4765779250831614,12.115985186672617,0.3187789841177505,15.658496577260145,15.068887332922218,0.6958533969258696,2688,1032,168960,66048,0,0,0,6144,3342.16860000015,2026-08-11T14:33:42.133190+00:00
8e4205d4c1416538,tamper,kodak,kodim15,kodim15|512x768|8,768,512,3,noise,0.50,0.429688,B,8,0,20260811,43.88882798290298,0.9786469142676429,1.0,1.0,1.0,1.0,0.0,1.0,1.0,1.0,1.0,0.0,0.9821428571428571,1.0,0.9909909909909909,0.9821428571428571,0.0136986301369863,0.6160714285714286,30.215848827928127,0.48884471930857265,12.073074596762927,0.32608092727737686,15.615472846796937,15.081689599538858,0.6990572891124103,2688,1032,168960,66048,0,0,0,6144,3144.3876000012096,2026-08-11T14:33:45.278880+00:00
3fef615af824acee,tamper,kodak,kodim16,kodim16|512x768|8,768,512,3,splice,0.10,0.100260,A,8,0,20260811,43.16789090561766,0.9800823505817048,1.0,1.0,1.0,1.0,0.0,1.0,1.0,1.0,1.0,0.0,0.9333333333333333,1.0,0.9655172413793104,0.9333333333333333,0.007959479015918957,0.9606060606060606,28.238838066557804,0.7563873754304021,22.976932959334434,0.7314879356791422,32.700337190116514,32.96269241076412,0.9705827143307055,660,26,39424,1664,3,0,0,6144,4349.1882999987865,2026-08-11T14:33:49.631815+00:00
e10e17f396c36caa,tamper,kodak,kodim16,kodim16|512x768|8,768,512,3,splice,0.10,0.100260,B,8,0,20260811,44.27948197573862,0.9829989303912248,1.0,1.0,1.0,1.0,0.0,1.0,1.0,1.0,1.0,0.0,0.9333333333333333,1.0,0.9655172413793104,0.9333333333333333,0.007959479015918957,0.9606060606060606,27.28246933421071,0.7278552424006819,22.657620550750167,0.7038646808739089,32.388308560218384,32.6105069533027,0.9676944437873752,660,26,39424,1664,1,0,0,6144,4227.074900001753,2026-08-11T14:33:53.861620+00:00
ac2f60a7ed8c4c9c,tamper,kodak,kodim16,kodim16|512x768|8,768,512,3,splice,0.25,0.249619,A,8,0,20260811,43.16789090561766,0.9800823505817048,1.0,1.0,1.0,1.0,0.0,1.0,1.0,1.0,1.0,0.0,0.9597348247809763,1.0,0.9794537634837795,0.9597348247809763,0.013956388826755055,0.7884856070087609,30.781953693690838,0.5876091475045074,14.19229070810822,0.47102542169458883,20.022852592864965,20.54304135900173,0.8568859058766346,1598,338,98154,21632,6,0,0,6144,3037.404599999718,2026-08-11T14:33:56.902228+00:00
33bf06fc261f3be6,tamper,kodak,kodim16,kodim16|512x768|8,768,512,3,splice,0.25,0.249619,B,8,0,20260811,44.27948197573862,0.9829989303912248,1.0,1.0,1.0,1.0,0.0,1.0,1.0,1.0,1.0,0.0,0.9597348247809763,1.0,0.9794537634837795,0.9597348247809763,0.013956388826755055,0.7884856070087609,30.4928598043176,0.5936412625800183,14.158700838612823,0.47550379434482176,19.98926260282711,20.494689659638784,0.8580576409780728,1598,338,98154,21632,0,0,0,6144,6164.495900000475,2026-08-11T14:34:03.113484+00:00
6bf15a4112162a64,tamper,kodak,kodim16,kodim16|512x768|8,768,512,3,splice,0.50,0.499878,A,8,0,20260811,43.16789090561766,0.9800823505817048,1.0,1.0,1.0,1.0,0.0,1.0,1.0,1.0,1.0,0.0,0.9821714102974096,1.0,0.9910055257532369,0.9821714102974096,0.018143356927833375,0.5334186120882636,30.51535983669565,0.38552150644715716,11.111869231694001,0.21917134252513337,14.072530314992417,15.12327904139007,0.592291171413605,3127,1459,196560,93376,21,0,0,6144,3443.3979999994335,2026-08-11T14:34:06.560592+00:00
266a48933bcd94a1,tamper,kodak,kodim16,kodim16|512x768|8,768,512,3,splice,0.50,0.499878,B,8,0,20260811,44.27948197573862,0.9829989303912248,1.0,1.0,1.0,1.0,0.0,1.0,1.0,1.0,1.0,0.0,0.9821714102974096,1.0,0.9910055257532369,0.9821714102974096,0.018143356927833375,0.5334186120882636,30.01727248498643,0.38188831814250823,11.079074576821323,0.21657100921237935,14.037243589655041,15.06978720831559,0.5909564687946353,3127,1459,196560,93376,2,0,0,6144,3151.8782999992254,2026-08-11T14:34:09.714056+00:00
229c137688d62a18,tamper,kodak,kodim16,kodim16|512x768|8,768,512,3,inpaint_removal,0.10,0.100179,A,8,0,20260811,43.16789090561766,0.9800823505817048,1.0,1.0,1.0,1.0,0.0,1.0,1.0,1.0,1.0,0.0,0.9227886056971514,1.0,0.9598440545808967,0.9227886056971514,0.009315365831599892,0.9655172413793104,27.030647228153768,0.6694432003688862,21.854326623469326,0.6483665767795777,31.652342272637974,36.558308999377815,0.9613707874072052,667,23,39392,1472,16,0,0,6144,3397.7134999986447,2026-08-11T14:34:13.115536+00:00
1049a0974b4d4dea,tamper,kodak,kodim16,kodim16|512x768|8,768,512,3,inpaint_removal,0.10,0.100179,B,8,0,20260811,44.27948197573862,0.9829989303912248,1.0,1.0,1.0,1.0,0.0,1.0,1.0,1.0,1.0,0.0,0.9227886056971514,1.0,0.9598440545808967,0.9227886056971514,0.009315365831599892,0.9655172413793104,26.791928242305296,0.668840407003865,21.75952962784625,0.6476817137876643,31.557104823313257,36.34105359198193,0.9613327560124154,667,23,39392,1472,14,0,0,6144,3352.467799999431,2026-08-11T14:34:16.471196+00:00
7f0acf3bf6aacf49,tamper,kodak,kodim16,kodim16|512x768|8,768,512,3,inpaint_removal,0.25,0.251040,A,8,0,20260811,43.16789090561766,0.9800823505817048,1.0,1.0,1.0,1.0,0.0,1.0,1.0,1.0,1.0,0.0,0.9509190043156597,1.0,0.974842115138677,0.9509190043156597,0.017300333103567704,0.7959309494451294,28.740556249769845,0.5694084050142808,16.033819176813303,0.4657135886539087,21.7288295011303,28.887757604364204,0.855892188348415,1622,331,98713,21184,17,0,0,6144,3718.8258999995014,2026-08-11T14:34:20.192831+00:00
3a167235bfe52d55,tamper,kodak,kodim16,kodim16|512x768|8,768,512,3,inpaint_removal,0.25,0.251040,B,8,0,20260811,44.27948197573862,0.9829989303912248,1.0,1.0,1.0,1.0,0.0,1.0,1.0,1.0,1.0,0.0,0.9509190043156597,1.0,0.974842115138677,0.9509190043156597,0.017300333103567704,0.7959309494451294,28.3085318053227,0.5663516714573108,15.97811993122945,0.46277830011622595,21.673837620314472,28.795295145510373,0.8551225731136453,1622,331,98713,21184,19,0,0,6144,3661.0291999968467,2026-08-11T14:34:23.856740+00:00
eda187268ff3dd15,tamper,kodak,kodim16,kodim16|512x768|8,768,512,3,inpaint_removal,0.50,0.485494,A,8,0,20260811,43.16789090561766,0.9800823505817048,1.0,1.0,1.0,1.0,0.0,1.0,1.0,1.0,1.0,0.0,0.9792760998030203,1.0,0.9895295556799568,0.9792760998030203,0.019969156550278776,0.5456336178594878,28.860389792200344,0.373801563766421,10.61447410598081,0.21623549995744332,13.634653600188502,21.23952081776569,0.6047647134810139,3046,1384,190904,88576,45,0,0,6144,4036.379200002557,2026-08-11T14:34:27.896802+00:00
04e8a8643873fd8a,tamper,kodak,kodim16,kodim16|512x768|8,768,512,3,inpaint_removal,0.50,0.485494,B,8,0,20260811,44.27948197573862,0.9829989303912248,1.0,1.0,1.0,1.0,0.0,1.0,1.0,1.0,1.0,0.0,0.9792760998030203,1.0,0.9895295556799568,0.9792760998030203,0.019969156550278776,0.5456336178594878,28.262088129826445,0.36972281039892213,10.581288341540805,0.21326883158453644,13.601894919754647,21.236651071552725,0.6033410306963992,3046,1384,190904,88576,44,0,0,6144,3855.5867000031867,2026-08-11T14:34:31.754062+00:00
ffef4dd08b2f80af,tamper,kodak,kodim16,kodim16|512x768|8,768,512,3,crop_refill,0.10,0.100347,A,8,0,20260811,43.16789090561766,0.9800823505817048,1.0,1.0,1.0,1.0,0.0,1.0,1.0,1.0,1.0,0.0,0.9573466614906833,1.0,0.9782085926072835,0.9573466614906833,0.004969498922992554,0.9503105590062112,30.93937760684037,0.7556234439068535,19.272960076108838,0.7198879580212286,29.049970677475297,35.00436922971846,0.9699036964712588,644,32,39458,2048,0,0,0,6144,3477.751900001749,2026-08-11T14:34:35.235873+00:00
3be58ddbbdf6756d,tamper,kodak,kodim16,kodim16|512x768|8,768,512,3,crop_refill,0.10,0.100347,B,8,0,20260811,44.27948197573862,0.9829989303912248,1.0,1.0,1.0,1.0,0.0,1.0,1.0,1.0,1.0,0.0,0.9573466614906833,1.0,0.9782085926072835,0.9573466614906833,0.004969498922992554,0.9503105590062112,30.27250114801177,0.7533449709219526,19.20135745761258,0.717636717227117,28.978391542560317,34.84325286592987,0.969655543956102,644,32,39458,2048,0,0,0,6144,3153.7325999997847,2026-08-11T14:34:38.393308+00:00
842444fda41f7fd3,tamper,kodak,kodim16,kodim16|512x768|8,768,512,3,crop_refill,0.25,0.249672,A,8,0,20260811,43.16789090561766,0.9800823505817048,1.0,1.0,1.0,1.0,0.0,1.0,1.0,1.0,1.0,0.0,0.9486607142857143,1.0,0.9736540664375716,0.9486607142857143,0.018007666731064496,0.8051948051948052,29.266011731797118,0.6065621536818293,17.20964110185548,0.5021988582426988,23.00044301901654,28.267726598798145,0.865223481075963,1617,315,98175,20160,0,0,0,6144,3188.6888000008184,2026-08-11T14:34:41.584345+00:00
afbae0b74f3ea4d0,tamper,kodak,kodim16,kodim16|512x768|8,768,512,3,crop_refill,0.25,0.249672,B,8,0,20260811,44.27948197573862,0.9829989303912248,1.0,1.0,1.0,1.0,0.0,1.0,1.0,1.0,1.0,0.0,0.9486607142857143,1.0,0.9736540664375716,0.9486607142857143,0.018007666731064496,0.8051948051948052,28.523798493489636,0.5897104030105662,17.129937412477716,0.48782036132922424,22.921146050276025,28.14375083369374,0.8614437993477737,1617,315,98175,20160,0,0,0,6144,3334.8991999991995,2026-08-11T14:34:44.921774+00:00
749a4b5e6cddc244,tamper,kodak,kodim16,kodim16|512x768|8,768,512,3,crop_refill,0.50,0.475260,A,8,0,20260811,43.16789090561766,0.9800823505817048,1.0,1.0,1.0,1.0,0.0,1.0,1.0,1.0,1.0,0.0,0.9918478260869565,1.0,0.9959072305593452,0.9918478260869565,0.007444168734491315,0.5594429347826086,29.540306585524508,0.3736599340080552,10.613937550749196,0.22098584884146955,13.814074776644302,18.908429423355727,0.6204044425068983,2944,1297,186880,83008,0,0,0,6144,3264.676499999041,2026-08-11T14:34:48.189470+00:00
6b6f0e9dbc4ea9f3,tamper,kodak,kodim16,kodim16|512x768|8,768,512,3,crop_refill,0.50,0.475260,B,8,0,20260811,44.27948197573862,0.9829989303912248,1.0,1.0,1.0,1.0,0.0,1.0,1.0,1.0,1.0,0.0,0.9918478260869565,1.0,0.9959072305593452,0.9918478260869565,0.007444168734491315,0.5594429347826086,29.015247380272417,0.3744385194793107,10.58341937441752,0.22081032130623296,13.783529609009115,18.90063482263393,0.6203033546816821,2944,1297,186880,83008,0,0,0,6144,3390.6301999995776,2026-08-11T14:34:51.581314+00:00
453233dd1a897bed,tamper,kodak,kodim16,kodim16|512x768|8,768,512,3,noise,0.10,0.099869,A,8,0,20260811,43.16789090561766,0.9800823505817048,1.0,1.0,1.0,1.0,0.0,1.0,1.0,1.0,1.0,0.0,0.919930659670165,1.0,0.958295712438078,0.919930659670165,0.009656840308973685,0.9415292353823088,33.75220140485777,0.7963493077379348,17.430168722007842,0.7496948970876083,27.222664575553583,32.010765905696005,0.9720611915420582,667,39,39270,2496,0,0,0,6144,3177.9272999992827,2026-08-11T14:34:54.762482+00:00
41fdcf1dca20f587,tamper,kodak,kodim16,kodim16|512x768|8,768,512,3,noise,0.10,0.099869,B,8,0,20260811,44.27948197573862,0.9829989303912248,1.0,1.0,1.0,1.0,0.0,1.0,1.0,1.0,1.0,0.0,0.919930659670165,1.0,0.958295712438078,0.919930659670165,0.009656840308973685,0.9415292353823088,33.5599573547329,0.812645897310964,17.402375548268147,0.7649958407324922,27.19579134574424,31.999310251966293,0.9737639616506234,667,39,39270,2496,0,0,0,6144,3501.7736999980116,2026-08-11T14:34:58.266754+00:00
f73471c1f9ee1c30,tamper,kodak,kodim16,kodim16|512x768|8,768,512,3,noise,0.25,0.249802,A,8,0,20260811,43.16789090561766,0.9800823505817048,1.0,1.0,1.0,1.0,0.0,1.0,1.0,1.0,1.0,0.0,0.9598381801125704,1.0,0.9795075836898316,0.9598381801125704,0.01393267568392149,0.7979987492182614,28.115128287638527,0.55638608887431,14.187668148683809,0.4531394476886134,19.96240471416956,21.987164932713966,0.852827663736205,1599,323,98226,20672,0,0,0,6144,3280.312300001242,2026-08-11T14:35:01.550008+00:00
0ab86e66bc803423,tamper,kodak,kodim16,kodim16|512x768|8,768,512,3,noise,0.25,0.249802,B,8,0,20260811,44.27948197573862,0.9829989303912248,1.0,1.0,1.0,1.0,0.0,1.0,1.0,1.0,1.0,0.0,0.9598381801125704,1.0,0.9795075836898316,0.9598381801125704,0.01393267568392149,0.7979987492182614,27.857089591964005,0.561021885209025,14.14990522734467,0.45642175352831543,19.925649054508558,21.987219750138728,0.8535636834526495,1599,323,98226,20672,0,0,0,6144,3377.2788000023866,2026-08-11T14:35:04.930203+00:00
d325a74aff46d372,tamper,kodak,kodim16,kodim16|512x768|8,768,512,3,noise,0.50,0.499619,A,8,0,20260811,43.16789090561766,0.9800823505817048,1.0,1.0,1.0,1.0,0.0,1.0,1.0,1.0,1.0,0.0,0.9677352616645649,1.0,0.9836031101520529,0.9677352616645649,0.03328962481830472,0.5113493064312736,29.88242342792029,0.33323055467991514,9.645087659206023,0.178710432022255,12.562900236699972,15.545878236933671,0.5630665983137475,3172,1550,196458,99200,0,0,0,6144,3622.389899999689,2026-08-11T14:35:08.554991+00:00
36c469358c5e54ea,tamper,kodak,kodim16,kodim16|512x768|8,768,512,3,noise,0.50,0.499619,B,8,0,20260811,44.27948197573862,0.9829989303912248,1.0,1.0,1.0,1.0,0.0,1.0,1.0,1.0,1.0,0.0,0.9677352616645649,1.0,0.9836031101520529,0.9677352616645649,0.03328962481830472,0.5113493064312736,29.566696577695023,0.33548470130457547,9.618151923799692,0.17939966214905484,12.53576252304017,15.551195941919332,0.563349695267616,3172,1550,196458,99200,0,0,0,6144,3012.4894000000495,2026-08-11T14:35:11.569278+00:00
0a3245e0eb1a615d,tamper,kodak,kodim17,kodim17|768x512|8,512,768,3,splice,0.10,0.100042,A,8,0,20260811,43.208420110497265,0.9802246385825053,1.0,1.0,1.0,1.0,0.0,1.0,1.0,1.0,1.0,0.0,0.9215236131934033,1.0,0.959159290956526,0.9215236131934033,0.009466539315809402,0.9490254872563718,31.531411696823753,0.8097722966467725,20.390385699662374,0.7755683950195319,29.79390705478938,32.001034537323385,0.9740133329699519,667,34,39338,2176,3,0,0,6144,4439.316099997086,2026-08-11T14:35:16.011112+00:00
5279c1a363f00a71,tamper,kodak,kodim17,kodim17|768x512|8,512,768,3,splice,0.10,0.100042,B,8,0,20260811,44.15070555428351,0.9829109574859549,1.0,1.0,1.0,1.0,0.0,1.0,1.0,1.0,1.0,0.0,0.9215236131934033,1.0,0.959159290956526,0.9215236131934033,0.009466539315809402,0.9490254872563718,30.997159071262665,0.8193357034695686,20.33739651645299,0.7846513093841972,29.74870517688555,31.94487132312608,0.9751430183780334,667,34,39338,2176,0,0,0,6144,4433.203599997796,2026-08-11T14:35:20.446090+00:00
511b6916abc61fcb,tamper,kodak,kodim17,kodim17|768x512|8,512,768,3,splice,0.25,0.250282,A,8,0,20260811,43.208420110497265,0.9802246385825053,1.0,1.0,1.0,1.0,0.0,1.0,1.0,1.0,1.0,0.0,0.9726340132827325,1.0,0.9861271850059369,0.9726340132827325,0.009392776822330997,0.8026565464895635,27.597931794935683,0.6746267305793888,15.3845580602811,0.5649221120251662,21.178892804093383,23.977848769606858,0.883144056776449,1581,312,98415,19968,20,0,0,6144,3190.1595999988785,2026-08-11T14:35:23.639906+00:00
21dcdb3cdd18eb55,tamper,kodak,kodim17,kodim17|768x512|8,512,768,3,splice,0.25,0.250282,B,8,0,20260811,44.15070555428351,0.9829109574859549,1.0,1.0,1.0,1.0,0.0,1.0,1.0,1.0,1.0,0.0,0.9726340132827325,1.0,0.9861271850059369,0.9726340132827325,0.009392776822330997,0.8026565464895635,27.654157307803672,0.686942987317262,15.368232205398073,0.574928766727873,21.161474833707345,23.97669037559279,0.8857029539694521,1581,312,98415,19968,7,0,0,6144,3042.0310000008612,2026-08-11T14:35:26.684543+00:00
e4f0f9765f29ff95,tamper,kodak,kodim17,kodim17|768x512|8,512,768,3,splice,0.50,0.496094,A,8,0,20260811,43.208420110497265,0.9802246385825053,1.0,1.0,1.0,1.0,0.0,1.0,1.0,1.0,1.0,0.0,0.9719387755102041,1.0,0.9857697283311772,0.9719387755102041,0.028423772609819122,0.534438775510204,29.288741443149682,0.43583177249143806,10.911720633184814,0.25720126987031666,13.866087990132659,17.72119218258306,0.6148769531496096,3136,1460,195072,93440,9,0,0,6144,3121.303400002944,2026-08-11T14:35:29.807992+00:00
f2f051554820e137,tamper,kodak,kodim17,kodim17|768x512|8,512,768,3,splice,0.50,0.496094,B,8,0,20260811,44.15070555428351,0.9829109574859549,1.0,1.0,1.0,1.0,0.0,1.0,1.0,1.0,1.0,0.0,0.9719387755102041,1.0,0.9857697283311772,0.9719387755102041,0.028423772609819122,0.534438775510204,29.084906046175032,0.4392229889479581,10.891173862598471,0.2588895101129846,13.845209713506607,17.71128050075352,0.6158276590837454,3136,1460,195072,93440,4,0,0,6144,3701.096500000858,2026-08-11T14:35:33.510357+00:00
5057d3acdb1389fa,tamper,kodak,kodim17,kodim17|768x512|8,512,768,3,inpaint_removal,0.10,0.100970,A,8,0,20260811,43.208420110497265,0.9802246385825053,1.0,1.0,1.0,1.0,0.0,1.0,1.0,1.0,1.0,0.0,0.921782132243685,1.0,0.959299305345817,0.921782132243685,0.009530059714918547,0.9598811292719168,30.39657572658198,0.8050506625823535,19.651659744740236,0.7735486761409919,29.301213961671323,38.04361911639566,0.9745202822429525,673,27,39703,1728,8,0,0,6144,3475.6269000026805,2026-08-11T14:35:36.988418+00:00
cdb08a44f6a5c867,tamper,kodak,kodim17,kodim17|768x512|8,512,768,3,inpaint_removal,0.10,0.100970,B,8,0,20260811,44.15070555428351,0.9829109574859549,1.0,1.0,1.0,1.0,0.0,1.0,1.0,1.0,1.0,0.0,0.921782132243685,1.0,0.959299305345817,0.921782132243685,0.009530059714918547,0.9598811292719168,30.116355600809342,0.815208828792728,19.617824347767186,0.7832973872539845,29.266364370595387,37.86796919947064,0.9755841698748674,673,27,39703,1728,11,0,0,6144,3214.658299999428,2026-08-11T14:35:40.206309+00:00
65d74dfc6340f81a,tamper,kodak,kodim17,kodim17|768x512|8,512,768,3,inpaint_removal,0.25,0.252101,A,8,0,20260811,43.208420110497265,0.9802246385825053,1.0,1.0,1.0,1.0,0.0,1.0,1.0,1.0,1.0,0.0,0.9561149691358025,1.0,0.9775652088161333,0.9561149691358025,0.01547166475112722,0.8018518518518518,29.571852978450785,0.6720685422719492,15.994316857349013,0.5603333913771604,21.72141631082325,28.22989545394215,0.8802870320566418,1620,321,99130,20544,29,0,0,6144,3489.976699998806,2026-08-11T14:35:43.698952+00:00
c74907b00f045c8c,tamper,kodak,kodim17,kodim17|768x512|8,512,768,3,inpaint_removal,0.25,0.252101,B,8,0,20260811,44.15070555428351,0.9829109574859549,1.0,1.0,1.0,1.0,0.0,1.0,1.0,1.0,1.0,0.0,0.9561149691358025,1.0,0.9775652088161333,0.9561149691358025,0.01547166475112722,0.8018518518518518,29.42294404758849,0.6820339480646738,15.966615422246795,0.5682351100024341,21.69456014543431,28.222653755765382,0.8824682365176497,1620,321,99130,20544,28,0,0,6144,3693.749400001252,2026-08-11T14:35:47.395690+00:00
a46a24c2f1cbe517,tamper,kodak,kodim17,kodim17|768x512|8,512,768,3,inpaint_removal,0.50,0.494858,A,8,0,20260811,43.208420110497265,0.9802246385825053,1.0,1.0,1.0,1.0,0.0,1.0,1.0,1.0,1.0,0.0,0.9735530739673391,1.0,0.9865993337693747,0.9735530739673391,0.02661229421537532,0.521613832853026,28.825327798272692,0.4197352699301993,11.048489632977281,0.24254376611535358,14.008945962761999,21.72076741192666,0.6058588537851408,3123,1494,194586,95616,36,0,0,6144,3729.7569000002113,2026-08-11T14:35:51.127820+00:00
e14acda75b051f40,tamper,kodak,kodim17,kodim17|768x512|8,512,768,3,inpaint_removal,0.50,0.494858,B,8,0,20260811,44.15070555428351,0.9829109574859549,1.0,1.0,1.0,1.0,0.0,1.0,1.0,1.0,1.0,0.0,0.9735530739673391,1.0,0.9865993337693747,0.9735530739673391,0.02661229421537532,0.521613832853026,28.749064185704366,0.42536928940204755,11.028239305462828,0.24546825514183834,13.988579561659746,21.732636042262577,0.607355381177391,3123,1494,194586,95616,17,0,0,6144,3667.6076000003377,2026-08-11T14:35:54.796742+00:00
037f2c137e01d9c3,tamper,kodak,kodim17,kodim17|768x512|8,512,768,3,crop_refill,0.10,0.099815,A,8,0,20260811,43.208420110497265,0.9802246385825053,1.0,1.0,1.0,1.0,0.0,1.0,1.0,1.0,1.0,0.0,0.922203947368421,1.0,0.9595276803285702,0.922203947368421,0.009353979325756356,0.9593984962406015,33.682216259382855,0.8344021240929893,23.608178262716258,0.8054951919338655,32.392578337493475,37.16527016543131,0.9771537612246507,665,27,39249,1728,0,0,0,6144,2886.035300001822,2026-08-11T14:35:57.685510+00:00
a8fc972112ea89f5,tamper,kodak,kodim17,kodim17|768x512|8,512,768,3,crop_refill,0.10,0.099815,B,8,0,20260811,44.15070555428351,0.9829109574859549,1.0,1.0,1.0,1.0,0.0,1.0,1.0,1.0,1.0,0.0,0.922203947368421,1.0,0.9595276803285702,0.922203947368421,0.009353979325756356,0.9593984962406015,33.31919209882435,0.8521986521766932,23.557133803908194,0.8227194240153215,32.3503544638063,37.08102610470199,0.9790525878622932,665,27,39249,1728,0,0,0,6144,2998.098800002481,2026-08-11T14:36:00.685802+00:00
dd16c56cca531f42,tamper,kodak,kodim17,kodim17|768x512|8,512,768,3,crop_refill,0.25,0.250422,A,8,0,20260811,43.208420110497265,0.9802246385825053,1.0,1.0,1.0,1.0,0.0,1.0,1.0,1.0,1.0,0.0,0.9324810606060606,1.0,0.9650610084774832,0.9324810606060606,0.02419031980077762,0.793939393939394,31.40690063999845,0.6268525171315361,14.055829334044654,0.5070025977052367,19.83922210780919,24.470313434660717,0.8655506469330602,1650,340,98470,21760,0,0,0,6144,3113.4013999981107,2026-08-11T14:36:03.801105+00:00
67fa341f8a13e565,tamper,kodak,kodim17,kodim17|768x512|8,512,768,3,crop_refill,0.25,0.250422,B,8,0,20260811,44.15070555428351,0.9829109574859549,1.0,1.0,1.0,1.0,0.0,1.0,1.0,1.0,1.0,0.0,0.9324810606060606,1.0,0.9650610084774832,0.9324810606060606,0.02419031980077762,0.793939393939394,30.97744483257064,0.6315067673815026,14.031771602359616,0.5106369879836902,19.814507443629886,24.445237715476384,0.8665114243395644,1650,340,98470,21760,0,0,0,6144,3056.771100000333,2026-08-11T14:36:06.861406+00:00
b8f5976daf89349f,tamper,kodak,kodim17,kodim17|768x512|8,512,768,3,crop_refill,0.50,0.499585,A,8,0,20260811,43.208420110497265,0.9802246385825053,1.0,1.0,1.0,1.0,0.0,1.0,1.0,1.0,1.0,0.0,0.9787796954719388,1.0,0.9892760651543879,0.9787796954719388,0.021644449639428576,0.5331632653061225,28.92825711150856,0.4436673441788764,11.00607752933203,0.2629579230906722,13.923764644000457,17.6294220113995,0.6177144984013009,3136,1464,196445,93696,0,0,0,6144,3301.0962000007567,2026-08-11T14:36:10.165317+00:00
38deb8ccd4057300,tamper,kodak,kodim17,kodim17|768x512|8,512,768,3,crop_refill,0.50,0.499585,B,8,0,20260811,44.15070555428351,0.9829109574859549,1.0,1.0,1.0,1.0,0.0,1.0,1.0,1.0,1.0,0.0,0.9787796954719388,1.0,0.9892760651543879,0.9787796954719388,0.021644449639428576,0.5331632653061225,28.766875481003122,0.4470861769978572,10.985853022151248,0.26461088388398996,13.90332556841278,17.62917684678143,0.6186243514691192,3136,1464,196445,93696,0,0,0,6144,3057.831099999021,2026-08-11T14:36:13.224353+00:00
208e2898ba6da900,tamper,kodak,kodim17,kodim17|768x512|8,512,768,3,noise,0.10,0.100032,A,8,0,20260811,43.208420110497265,0.9802246385825053,1.0,1.0,1.0,1.0,0.0,1.0,1.0,1.0,1.0,0.0,0.9242011278195489,1.0,0.9606076147214693,0.9242011278195489,0.009116033027958471,0.968421052631579,30.021681140011303,0.8207199042562058,23.910082580378678,0.7993010382087996,32.96430652883818,32.444000788685074,0.9772847462047801,665,21,39334,1344,0,0,0,6144,3034.8955999979808,2026-08-11T14:36:16.262450+00:00
be98745b9f642081,tamper,kodak,kodim17,kodim17|768x512|8,512,768,3,noise,0.10,0.100032,B,8,0,20260811,44.15070555428351,0.9829109574859549,1.0,1.0,1.0,1.0,0.0,1.0,1.0,1.0,1.0,0.0,0.9242011278195489,1.0,0.9606076147214693,0.9242011278195489,0.009116033027958471,0.968421052631579,29.90881839200259,0.8352195973839238,23.87007770944804,0.8134148426058583,32.933362813976224,32.43949212283643,0.9788500569154799,665,21,39334,1344,0,0,0,6144,3185.444099999586,2026-08-11T14:36:19.449641+00:00
ec00b3c63e0cd85e,tamper,kodak,kodim17,kodim17|768x512|8,512,768,3,noise,0.25,0.249377,A,8,0,20260811,43.208420110497265,0.9802246385825053,1.0,1.0,1.0,1.0,0.0,1.0,1.0,1.0,1.0,0.0,0.9388308057598039,1.0,0.9684504733169718,0.9388308057598039,0.021646106987128884,0.8026960784313726,31.458447082596365,0.6323427403079233,14.415006324184723,0.5184268593088175,20.158563779526748,22.163910971498126,0.8666375859004042,1632,322,98059,20608,0,0,0,6144,2995.4285999992862,2026-08-11T14:36:22.447524+00:00
64aa659e5aa3af65,tamper,kodak,kodim17,kodim17|768x512|8,512,768,3,noise,0.25,0.249377,B,8,0,20260811,44.15070555428351,0.9829109574859549,1.0,1.0,1.0,1.0,0.0,1.0,1.0,1.0,1.0,0.0,0.9388308057598039,1.0,0.9684504733169718,0.9388308057598039,0.021646106987128884,0.8026960784313726,31.0216609641004,0.639840804679223,14.390808393709605,0.5245503083578987,20.13386629911144,22.158793521350223,0.868220329999757,1632,322,98059,20608,0,0,0,6144,3010.977999998431,2026-08-11T14:36:25.464052+00:00
2998099c242cc313,tamper,kodak,kodim17,kodim17|768x512|8,512,768,3,noise,0.50,0.500679,A,8,0,20260811,43.208420110497265,0.9802246385825053,1.0,1.0,1.0,1.0,0.0,1.0,1.0,1.0,1.0,0.0,0.9734721123417721,1.0,0.9865577590418801,0.9734721123417721,0.027324909214071436,0.5101265822784811,28.467567416620415,0.4099514527385976,11.10044002124818,0.23251605533277198,14.000390604835236,14.656789154292007,0.5905150686473432,3160,1548,196875,99072,0,0,0,6144,3149.4173999999475,2026-08-11T14:36:28.615954+00:00
ed68b2beab087f74,tamper,kodak,kodim17,kodim17|768x512|8,512,768,3,noise,0.50,0.500679,B,8,0,20260811,44.15070555428351,0.9829109574859549,1.0,1.0,1.0,1.0,0.0,1.0,1.0,1.0,1.0,0.0,0.9734721123417721,1.0,0.9865577590418801,0.9734721123417721,0.027324909214071436,0.5101265822784811,28.48415124220665,0.4162236701233499,11.080556388878453,0.23582336938068527,13.980278318853994,14.665472792366682,0.5921656687601974,3160,1548,196875,99072,0,0,0,6144,3178.3369000004313,2026-08-11T14:36:31.795101+00:00
e4abadf563cd3034,tamper,kodak,kodim18,kodim18|768x512|8,512,768,3,splice,0.10,0.100314,A,8,0,20260811,43.31316891782818,0.9867175294206468,1.0,1.0,1.0,1.0,0.0,1.0,1.0,1.0,1.0,0.0,0.9171549479166666,1.0,0.9567875031836319,0.9171549479166666,0.010071486922331112,0.9538690476190477,26.497568352078716,0.775344485499338,21.21368243949391,0.7463870638845146,30.748388968560025,32.26587507062439,0.9716395144858675,672,31,39445,1984,0,0,0,6144,4194.451200000913,2026-08-11T14:36:35.992892+00:00
29e7a8c58245677d,tamper,kodak,kodim18,kodim18|768x512|8,512,768,3,splice,0.10,0.100314,B,8,0,20260811,44.03788525674788,0.9882988921055113,1.0,1.0,1.0,1.0,0.0,1.0,1.0,1.0,1.0,0.0,0.9171549479166666,1.0,0.9567875031836319,0.9171549479166666,0.010071486922331112,0.9538690476190477,26.39566714278416,0.7935849561866938,21.174062273778098,0.7636587165306772,30.677707532267256,32.17406770797588,0.9735513015653595,672,31,39445,1984,0,0,0,6144,4195.326699998986,2026-08-11T14:36:40.190166+00:00
c6754278cf4d9e83,tamper,kodak,kodim18,kodim18|768x512|8,512,768,3,splice,0.25,0.249672,A,8,0,20260811,43.31316891782818,0.9867175294206468,1.0,1.0,1.0,1.0,0.0,1.0,1.0,1.0,1.0,0.0,0.9739583333333334,1.0,0.9868073878627968,0.9739583333333334,0.008897068543016055,0.7917460317460318,24.20827127758137,0.638794173064167,15.117966706662475,0.5269467116823823,21.087434559466963,22.127598789669413,0.8739530548830969,1575,328,98175,20992,9,0,0,6144,2954.4998000019405,2026-08-11T14:36:43.147791+00:00
7a8e8067b560ed32,tamper,kodak,kodim18,kodim18|768x512|8,512,768,3,splice,0.25,0.249672,B,8,0,20260811,44.03788525674788,0.9882988921055113,1.0,1.0,1.0,1.0,0.0,1.0,1.0,1.0,1.0,0.0,0.9739583333333334,1.0,0.9868073878627968,0.9739583333333334,0.008897068543016055,0.7917460317460318,24.180212686584564,0.6550728645062788,15.106786223719604,0.5398169171500737,21.07642049494451,22.107114971207913,0.8775229765385099,1575,328,98175,20992,0,0,0,6144,3008.0209000007017,2026-08-11T14:36:46.158416+00:00
ae10c128f4a022c0,tamper,kodak,kodim18,kodim18|768x512|8,512,768,3,splice,0.50,0.460938,A,8,0,20260811,43.31316891782818,0.9867175294206468,1.0,1.0,1.0,1.0,0.0,1.0,1.0,1.0,1.0,0.0,0.9833333333333333,1.0,0.9915966386554621,0.9833333333333333,0.014492753623188406,0.5854166666666667,28.00674127124048,0.45506158107317923,14.458146559410025,0.2887584067568264,17.694367548779084,17.603224620105948,0.6614934919714397,2880,1194,181248,76416,2,0,0,6144,3278.3954000005906,2026-08-11T14:36:49.440294+00:00
d805ac87d3d63fcd,tamper,kodak,kodim18,kodim18|768x512|8,512,768,3,splice,0.50,0.460938,B,8,0,20260811,44.03788525674788,0.9882988921055113,1.0,1.0,1.0,1.0,0.0,1.0,1.0,1.0,1.0,0.0,0.9833333333333333,1.0,0.9915966386554621,0.9833333333333333,0.014492753623188406,0.5854166666666667,28.23289567310191,0.47144527958341437,14.453553764588749,0.2988471649422929,17.689432466963687,17.589118538866785,0.6662832740026331,2880,1194,181248,76416,0,0,0,6144,3540.0771999993594,2026-08-11T14:36:52.982963+00:00
611661522cc15c87,tamper,kodak,kodim18,kodim18|768x512|8,512,768,3,inpaint_removal,0.10,0.099973,A,8,0,20260811,43.31316891782818,0.9867175294206468,1.0,1.0,1.0,1.0,0.0,1.0,1.0,1.0,1.0,0.0,0.9264470211161387,1.0,0.9618193606792019,0.9264470211161387,0.008818750794704793,0.9607843137254902,25.31318551795396,0.7814559804023172,21.23199779741494,0.755248046770326,30.75287686619649,33.77185625211546,0.972911030154033,663,26,39311,1664,7,0,0,6144,3470.6827999980305,2026-08-11T14:36:56.456256+00:00
475516e855863b5a,tamper,kodak,kodim18,kodim18|768x512|8,512,768,3,inpaint_removal,0.10,0.099973,B,8,0,20260811,44.03788525674788,0.9882988921055113,1.0,1.0,1.0,1.0,0.0,1.0,1.0,1.0,1.0,0.0,0.9264470211161387,1.0,0.9618193606792019,0.9264470211161387,0.008818750794704793,0.9607843137254902,25.29259053752031,0.8070939585910151,21.221888279981048,0.7799295418618006,30.731263427092,33.737210401349444,0.9755920855844225,663,26,39311,1664,5,0,0,6144,3969.4880999995803,2026-08-11T14:37:00.428401+00:00
edebb9ce28b4e880,tamper,kodak,kodim18,kodim18|768x512|8,512,768,3,inpaint_removal,0.25,0.251213,A,8,0,20260811,43.31316891782818,0.9867175294206468,1.0,1.0,1.0,1.0,0.0,1.0,1.0,1.0,1.0,0.0,0.9592623523927906,1.0,0.9792076607007439,0.9592623523927906,0.014247626810671286,0.7967681789931634,24.304179713383377,0.6289640973148789,14.77208789649081,0.5213686062586513,20.663625055487607,24.7761647279599,0.8725596135535106,1609,327,98781,20928,13,0,0,6144,3800.7781999986037,2026-08-11T14:37:04.232214+00:00
f08c413b11d6cece,tamper,kodak,kodim18,kodim18|768x512|8,512,768,3,inpaint_removal,0.25,0.251213,B,8,0,20260811,44.03788525674788,0.9882988921055113,1.0,1.0,1.0,1.0,0.0,1.0,1.0,1.0,1.0,0.0,0.9592623523927906,1.0,0.9792076607007439,0.9592623523927906,0.014247626810671286,0.7967681789931634,24.26996491999045,0.6448650976258076,14.75990626628352,0.5340349597004806,20.650080186219633,24.760993782745267,0.8761271012856512,1609,327,98781,20928,9,0,0,6144,3830.945100002282,2026-08-11T14:37:08.066439+00:00
b7655182d0e5a2fb,tamper,kodak,kodim18,kodim18|768x512|8,512,768,3,inpaint_removal,0.50,0.497419,A,8,0,20260811,43.31316891782818,0.9867175294206468,1.0,1.0,1.0,1.0,0.0,1.0,1.0,1.0,1.0,0.0,0.9742239799171183,1.0,0.9869437204972235,0.9742239799171183,0.026186223263486536,0.5176920624800765,25.808800233033597,0.4317513978764034,12.91824011548748,0.25084762885071044,15.835283881254847,21.887111607140803,0.6086768473847958,3137,1513,195593,96832,16,0,0,6144,3893.976899998961,2026-08-11T14:37:11.963389+00:00
c075d0c1d16a1ee2,tamper,kodak,kodim18,kodim18|768x512|8,512,768,3,inpaint_removal,0.50,0.497419,B,8,0,20260811,44.03788525674788,0.9882988921055113,1.0,1.0,1.0,1.0,0.0,1.0,1.0,1.0,1.0,0.0,0.9742239799171183,1.0,0.9869437204972235,0.9742239799171183,0.026186223263486536,0.5176920624800765,25.92038443602522,0.4428017450295538,12.911056338035012,0.256773543100217,15.827582411780824,21.901769987217,0.6116483795349471,3137,1513,195593,96832,20,0,0,6144,3567.0767999981763,2026-08-11T14:37:15.531992+00:00
1921da49deefa3c2,tamper,kodak,kodim18,kodim18|768x512|8,512,768,3,crop_refill,0.10,0.100189,A,8,0,20260811,43.31316891782818,0.9867175294206468,1.0,1.0,1.0,1.0,0.0,1.0,1.0,1.0,1.0,0.0,0.9105954142011834,1.0,0.9532059037019114,0.9105954142011834,0.01093211237352326,0.9497041420118343,26.616391869683863,0.7603726975156132,20.39257090954783,0.7278589826707238,29.912462353125385,33.23610268841927,0.9689420348479936,676,34,39396,2176,0,0,0,6144,2947.152200002165,2026-08-11T14:37:18.482398+00:00
e57892b9ca0374f7,tamper,kodak,kodim18,kodim18|768x512|8,512,768,3,crop_refill,0.10,0.100189,B,8,0,20260811,44.03788525674788,0.9882988921055113,1.0,1.0,1.0,1.0,0.0,1.0,1.0,1.0,1.0,0.0,0.9105954142011834,1.0,0.9532059037019114,0.9105954142011834,0.01093211237352326,0.9497041420118343,26.389137335763102,0.7767043789548096,20.32720399783548,0.7432880482451143,29.85986747711791,33.14993843948847,0.9707775502984847,676,34,39396,2176,0,0,0,6144,3123.211000001902,2026-08-11T14:37:21.608170+00:00
60f02264778a9ec6,tamper,kodak,kodim18,kodim18|768x512|8,512,768,3,crop_refill,0.25,0.249939,A,8,0,20260811,43.31316891782818,0.9867175294206468,1.0,1.0,1.0,1.0,0.0,1.0,1.0,1.0,1.0,0.0,0.9658018867924528,1.0,0.9826034793041393,0.9658018867924528,0.011799169989421434,0.789937106918239,25.324466869762247,0.6257092070346943,15.92427151515508,0.5135525161853265,21.739211301796946,24.62196550770557,0.8699188150822911,1590,334,98280,21376,0,0,0,6144,3144.6424999994633,2026-08-11T14:37:24.755292+00:00
e6b853b72541475c,tamper,kodak,kodim18,kodim18|768x512|8,512,768,3,crop_refill,0.25,0.249939,B,8,0,20260811,44.03788525674788,0.9882988921055113,1.0,1.0,1.0,1.0,0.0,1.0,1.0,1.0,1.0,0.0,0.9658018867924528,1.0,0.9826034793041393,0.9658018867924528,0.011799169989421434,0.789937106918239,25.29539711815208,0.6454935218660809,15.912391032053144,0.5292835895339606,21.727576373954452,24.615358739324023,0.8740849800572897,1590,334,98280,21376,0,0,0,6144,3105.1737000016146,2026-08-11T14:37:27.863028+00:00
15fb7941da76faa2,tamper,kodak,kodim18,kodim18|768x512|8,512,768,3,crop_refill,0.50,0.500259,A,8,0,20260811,43.31316891782818,0.9867175294206468,1.0,1.0,1.0,1.0,0.0,1.0,1.0,1.0,1.0,0.0,0.9506940148468914,1.0,0.9747238753090763,0.9506940148468914,0.051916989812015917,0.5168574079802042,26.803925703695842,0.41995122655279776,13.566578091477128,0.24195981811029965,16.24700536243649,19.041613974949126,0.5888792995517851,3233,1562,196710,99968,0,0,0,6144,3124.818899999809,2026-08-11T14:37:30.990660+00:00
59952da2b0223f16,tamper,kodak,kodim18,kodim18|768x512|8,512,768,3,crop_refill,0.50,0.500259,B,8,0,20260811,44.03788525674788,0.9882988921055113,1.0,1.0,1.0,1.0,0.0,1.0,1.0,1.0,1.0,0.0,0.9506940148468914,1.0,0.9747238753090763,0.9506940148468914,0.051916989812015917,0.5168574079802042,27.0573379753139,0.434815156339939,13.562006759824332,0.25010715123012983,16.243369274229764,19.04891628621104,0.5935586874644545,3233,1562,196710,99968,0,0,0,6144,3755.4835000009916,2026-08-11T14:37:34.747936+00:00
5b21725992df079e,tamper,kodak,kodim18,kodim18|768x512|8,512,768,3,noise,0.10,0.099742,A,8,0,20260811,43.31316891782818,0.9867175294206468,1.0,1.0,1.0,1.0,0.0,1.0,1.0,1.0,1.0,0.0,0.9119233630952381,1.0,0.9539329668725982,0.9119233630952381,0.01070068588345631,0.9553571428571429,27.719854794836994,0.7466362995244537,22.78399223151865,0.7180365937670655,32.371803247521136,30.46528243259738,0.9686997160812418,672,30,39220,1920,0,0,0,6144,3725.68339999998,2026-08-11T14:37:38.477034+00:00
bbd7b859ab7a3ca6,tamper,kodak,kodim18,kodim18|768x512|8,512,768,3,noise,0.10,0.099742,B,8,0,20260811,44.03788525674788,0.9882988921055113,1.0,1.0,1.0,1.0,0.0,1.0,1.0,1.0,1.0,0.0,0.9119233630952381,1.0,0.9539329668725982,0.9119233630952381,0.01070068588345631,0.9553571428571429,27.526257354872612,0.7703654881378039,22.709428792209337,0.7407195230192684,32.311176993308635,30.441059417093697,0.9712866818794295,672,30,39220,1920,0,0,0,6144,3354.692900000373,2026-08-11T14:37:41.833654+00:00
1cbf91d01f16aa50,tamper,kodak,kodim18,kodim18|768x512|8,512,768,3,noise,0.25,0.249448,A,8,0,20260811,43.31316891782818,0.9867175294206468,1.0,1.0,1.0,1.0,0.0,1.0,1.0,1.0,1.0,0.0,0.9507502326302729,1.0,0.9747534222752229,0.9507502326302729,0.01721620037339604,0.792803970223325,27.69814268933831,0.6529747398029138,18.08347682660206,0.5443178703243117,23.6683870895005,20.146130952327,0.8766136285746339,1612,334,98087,21376,0,0,0,6144,3053.689399999712,2026-08-11T14:37:44.891764+00:00
6756261e6579003c,tamper,kodak,kodim18,kodim18|768x512|8,512,768,3,noise,0.25,0.249448,B,8,0,20260811,44.03788525674788,0.9882988921055113,1.0,1.0,1.0,1.0,0.0,1.0,1.0,1.0,1.0,0.0,0.9507502326302729,1.0,0.9747534222752229,0.9507502326302729,0.01721620037339604,0.792803970223325,27.506874396477787,0.668838463469762,18.05137615955513,0.5570760608724199,23.638646690902615,20.144127039053224,0.8800724832069546,1612,334,98087,21376,0,0,0,6144,2918.856699998287,2026-08-11T14:37:47.812827+00:00
a619b793e0d31e9f,tamper,kodak,kodim18,kodim18|768x512|8,512,768,3,noise,0.50,0.498998,A,8,0,20260811,43.31316891782818,0.9867175294206468,1.0,1.0,1.0,1.0,0.0,1.0,1.0,1.0,1.0,0.0,0.9541997354497355,1.0,0.97656316101193,0.9541997354497355,0.04780662125257611,0.5048241518829755,25.79464074470579,0.4372600760953201,12.720535255694587,0.25022713590093426,15.545133281512292,13.865789547512417,0.5987013751806681,3213,1591,196214,101824,0,0,0,6144,2891.031999999541,2026-08-11T14:37:50.706567+00:00
5e3bf01fd57dfbdc,tamper,kodak,kodim18,kodim18|768x512|8,512,768,3,noise,0.50,0.498998,B,8,0,20260811,44.03788525674788,0.9882988921055113,1.0,1.0,1.0,1.0,0.0,1.0,1.0,1.0,1.0,0.0,0.9541997354497355,1.0,0.97656316101193,0.9541997354497355,0.04780662125257611,0.5048241518829755,25.855859372062042,0.448634661213329,12.711929371338456,0.25612493414716064,15.536574428813443,13.87164233173503,0.6017924561289195,3213,1591,196214,101824,0,0,0,6144,2905.317799999466,2026-08-11T14:37:53.613752+00:00
ca42f8be043853a9,tamper,kodak,kodim19,kodim19|768x512|8,512,768,3,splice,0.10,0.099731,A,8,0,20260811,43.25123623020219,0.981777090937686,1.0,1.0,1.0,1.0,0.0,1.0,1.0,1.0,1.0,0.0,0.928409090909091,1.0,0.9628756629345905,0.928409090909091,0.008542372881355932,0.9621212121212122,29.08364872930195,0.7129121423005378,23.196121895462607,0.6888335592077948,32.69839087253527,33.372613098241224,0.966025351444498,660,25,39216,1600,0,0,0,6144,3164.533899998787,2026-08-11T14:37:56.780036+00:00
d28d144e232f6d83,tamper,kodak,kodim19,kodim19|768x512|8,512,768,3,splice,0.10,0.099731,B,8,0,20260811,44.368520915717724,0.984495878404164,1.0,1.0,1.0,1.0,0.0,1.0,1.0,1.0,1.0,0.0,0.928409090909091,1.0,0.9628756629345905,0.928409090909091,0.008542372881355932,0.9621212121212122,28.624338316011166,0.7323665771417437,23.05211592134512,0.7075670401449963,32.56099449236912,33.25234342815954,0.967919617491313,660,25,39216,1600,0,0,0,6144,3285.905200002162,2026-08-11T14:38:00.069988+00:00
12cd2b8b9ab5a6e0,tamper,kodak,kodim19,kodim19|768x512|8,512,768,3,splice,0.25,0.249939,A,8,0,20260811,43.25123623020219,0.981777090937686,1.0,1.0,1.0,1.0,0.0,1.0,1.0,1.0,1.0,0.0,0.9658018867924528,1.0,0.9826034793041393,0.9658018867924528,0.011799169989421434,0.8301886792452831,32.807538586153285,0.6417999005417448,14.751617770968679,0.5379356842567621,20.531779342006324,25.61576842463644,0.8773279018915364,1590,270,98280,17280,0,0,0,6144,3016.661600002408,2026-08-11T14:38:03.089356+00:00
74f795556e6c0eb9,tamper,kodak,kodim19,kodim19|768x512|8,512,768,3,splice,0.25,0.249939,B,8,0,20260811,44.368520915717724,0.984495878404164,1.0,1.0,1.0,1.0,0.0,1.0,1.0,1.0,1.0,0.0,0.9658018867924528,1.0,0.9826034793041393,0.9658018867924528,0.011799169989421434,0.8301886792452831,32.815345402706704,0.6601208920111848,14.722459651063541,0.5531035970014643,20.502764253762248,25.616860477910844,0.8812245882092208,1590,270,98280,17280,0,0,0,6144,3095.946000001277,2026-08-11T14:38:06.188477+00:00
d42e3651dcdd4c7e,tamper,kodak,kodim19,kodim19|768x512|8,512,768,3,splice,0.50,0.496094,A,8,0,20260811,43.25123623020219,0.981777090937686,1.0,1.0,1.0,1.0,0.0,1.0,1.0,1.0,1.0,0.0,0.9921875,1.0,0.996078431372549,0.9921875,0.007751937984496124,0.5462239583333333,25.10144711552991,0.4098591523173589,8.967650347183389,0.23983159898690268,11.99945243855371,17.027186072208373,0.613363851267149,3072,1394,195072,89216,0,0,0,6144,3259.5932000003813,2026-08-11T14:38:09.450201+00:00
c8662f94cf5eddf0,tamper,kodak,kodim19,kodim19|768x512|8,512,768,3,splice,0.50,0.496094,B,8,0,20260811,44.368520915717724,0.984495878404164,1.0,1.0,1.0,1.0,0.0,1.0,1.0,1.0,1.0,0.0,0.9921875,1.0,0.996078431372549,0.9921875,0.007751937984496124,0.5462239583333333,24.27824175249908,0.4101532991135657,8.93092680769762,0.23939482891348393,11.962638686279591,16.990900094781196,0.6131582196455206,3072,1394,195072,89216,0,0,0,6144,3150.122000002739,2026-08-11T14:38:12.601705+00:00
088d158f34b55f1d,tamper,kodak,kodim19,kodim19|768x512|8,512,768,3,inpaint_removal,0.10,0.099815,A,8,0,20260811,43.25123623020219,0.981777090937686,1.0,1.0,1.0,1.0,0.0,1.0,1.0,1.0,1.0,0.0,0.9208192567567568,1.0,0.9587776189952731,0.9208192567567568,0.009534787141174178,0.948948948948949,22.755906449036058,0.709927730080447,17.652721388186453,0.678361457970636,26.97569386847031,31.90533580345914,0.9637759751624171,666,34,39249,2176,3,0,0,6144,3404.447600001731,2026-08-11T14:38:16.009252+00:00
83483f23719e28d8,tamper,kodak,kodim19,kodim19|768x512|8,512,768,3,inpaint_removal,0.10,0.099815,B,8,0,20260811,44.368520915717724,0.984495878404164,1.0,1.0,1.0,1.0,0.0,1.0,1.0,1.0,1.0,0.0,0.9208192567567568,1.0,0.9587776189952731,0.9208192567567568,0.009534787141174178,0.948948948948949,22.16028867108332,0.7200803428063757,17.44835854848709,0.6878376060204442,26.79083353509526,31.415698267091535,0.9648807498611857,666,34,39249,2176,7,0,0,6144,3334.2161000000488,2026-08-11T14:38:19.346667+00:00
4347334b5f471c69,tamper,kodak,kodim19,kodim19|768x512|8,512,768,3,inpaint_removal,0.25,0.249585,A,8,0,20260811,43.25123623020219,0.981777090937686,1.0,1.0,1.0,1.0,0.0,1.0,1.0,1.0,1.0,0.0,0.9560181577306733,1.0,0.9775146043018572,0.9560181577306733,0.01530119461153944,0.8067331670822943,25.015053785134466,0.6270974625194756,12.884594425128064,0.5194964653737588,18.68488959507882,25.440496757221002,0.8699021430203663,1604,310,98141,19840,12,0,0,6144,3528.5450000010314,2026-08-11T14:38:22.877371+00:00
ae305eaaaf1c9a78,tamper,kodak,kodim19,kodim19|768x512|8,512,768,3,inpaint_removal,0.25,0.249585,B,8,0,20260811,44.368520915717724,0.984495878404164,1.0,1.0,1.0,1.0,0.0,1.0,1.0,1.0,1.0,0.0,0.9560181577306733,1.0,0.9775146043018572,0.9560181577306733,0.01530119461153944,0.8067331670822943,23.494718886360037,0.616045116528734,12.770493160054928,0.5098536966194206,18.574896209117927,25.051220979871754,0.8675879878337923,1604,310,98141,19840,14,0,0,6144,3692.2115999987,2026-08-11T14:38:26.571059+00:00
263dcd378d98b7da,tamper,kodak,kodim19,kodim19|768x512|8,512,768,3,inpaint_removal,0.50,0.500455,A,8,0,20260811,43.25123623020219,0.981777090937686,1.0,1.0,1.0,1.0,0.0,1.0,1.0,1.0,1.0,0.0,0.9672214139666562,1.0,0.9833376223943954,0.9672214139666562,0.03395119865193021,0.5278389430638566,25.22287497857463,0.38788813259711835,9.244167070009158,0.22225814781327058,12.105503332414154,20.615043309388565,0.5860454127837297,3179,1501,196787,96064,30,0,0,6144,3926.5653000002203,2026-08-11T14:38:30.500965+00:00
19ba7a961dd87ea1,tamper,kodak,kodim19,kodim19|768x512|8,512,768,3,inpaint_removal,0.50,0.500455,B,8,0,20260811,44.368520915717724,0.984495878404164,1.0,1.0,1.0,1.0,0.0,1.0,1.0,1.0,1.0,0.0,0.9672214139666562,1.0,0.9833376223943954,0.9672214139666562,0.03395119865193021,0.5278389430638566,24.5531244036591,0.392782113181783,9.208478881719541,0.22445674198828505,12.07028989960987,20.550358109302156,0.5872428222694102,3179,1501,196787,96064,35,0,0,6144,3889.8496000001614,2026-08-11T14:38:34.392231+00:00
32eb04bc9933c7ee,tamper,kodak,kodim19,kodim19|768x512|8,512,768,3,crop_refill,0.10,0.100044,A,8,0,20260811,43.25123623020219,0.981777090937686,1.0,1.0,1.0,1.0,0.0,1.0,1.0,1.0,1.0,0.0,0.9485677083333334,1.0,0.9736050785165385,0.9485677083333334,0.006027518035927737,0.9490740740740741,30.61560692646657,0.8003147529166231,19.06497765849251,0.761215875570825,28.520689903019548,34.87356897070103,0.9733868836897828,648,33,39339,2112,0,0,0,6144,3109.311799998977,2026-08-11T14:38:37.504286+00:00
0107230047ec10e0,tamper,kodak,kodim19,kodim19|768x512|8,512,768,3,crop_refill,0.10,0.100044,B,8,0,20260811,44.368520915717724,0.984495878404164,1.0,1.0,1.0,1.0,0.0,1.0,1.0,1.0,1.0,0.0,0.9485677083333334,1.0,0.9736050785165385,0.9485677083333334,0.006027518035927737,0.9490740740740741,30.644167530270746,0.8269616076910057,19.04760206952709,0.7865882608032553,28.502790145632556,34.884282633124045,0.9761267853591492,648,33,39339,2112,0,0,0,6144,3079.629899999418,2026-08-11T14:38:40.586776+00:00
101f02820a3b20b8,tamper,kodak,kodim19,kodim19|768x512|8,512,768,3,crop_refill,0.25,0.249863,A,8,0,20260811,43.25123623020219,0.981777090937686,1.0,1.0,1.0,1.0,0.0,1.0,1.0,1.0,1.0,0.0,0.9406594669117647,1.0,0.969422490601782,0.9406594669117647,0.021012591281707044,0.7849264705882353,24.880929194590674,0.554429901495239,11.531850153781846,0.4443083146119746,17.368634564505133,23.043062824726558,0.848214002264959,1632,351,98250,22464,0,0,0,6144,4451.643199998216,2026-08-11T14:38:45.040909+00:00
cf32a1db2e4b2947,tamper,kodak,kodim19,kodim19|768x512|8,512,768,3,crop_refill,0.25,0.249863,B,8,0,20260811,44.368520915717724,0.984495878404164,1.0,1.0,1.0,1.0,0.0,1.0,1.0,1.0,1.0,0.0,0.9406594669117647,1.0,0.969422490601782,0.9406594669117647,0.021012591281707044,0.7849264705882353,24.456237393145628,0.5689847839360088,11.493205567898277,0.45548647298242945,17.329655145295543,22.98298741266151,0.8512596804417129,1632,351,98250,22464,0,0,0,6144,4293.5090999999375,2026-08-11T14:38:49.338511+00:00
c744cd21b766deaf,tamper,kodak,kodim19,kodim19|768x512|8,512,768,3,crop_refill,0.50,0.492188,A,8,0,20260811,43.25123623020219,0.981777090937686,1.0,1.0,1.0,1.0,0.0,1.0,1.0,1.0,1.0,0.0,0.984375,1.0,0.9921259842519685,0.984375,0.015384615384615385,0.548828125,25.06434674168224,0.40902243248955983,9.039147984948354,0.24083176377557755,12.08293072330649,17.19860451570128,0.6147912991336121,3072,1386,193536,88704,1,0,0,6144,4217.269799999485,2026-08-11T14:38:53.558139+00:00
029f9f58ab178e1b,tamper,kodak,kodim19,kodim19|768x512|8,512,768,3,crop_refill,0.50,0.492188,B,8,0,20260811,44.368520915717724,0.984495878404164,1.0,1.0,1.0,1.0,0.0,1.0,1.0,1.0,1.0,0.0,0.984375,1.0,0.9921259842519685,0.984375,0.015384615384615385,0.548828125,24.220020007404447,0.4090288714875666,9.001590719976928,0.24017891801802888,12.045282637165933,17.163390814915047,0.6144939689296008,3072,1386,193536,88704,1,0,0,6144,4819.656600000599,2026-08-11T14:38:58.379032+00:00
72a56af5739f91f9,tamper,kodak,kodim19,kodim19|768x512|8,512,768,3,noise,0.10,0.100052,A,8,0,20260811,43.25123623020219,0.981777090937686,1.0,1.0,1.0,1.0,0.0,1.0,1.0,1.0,1.0,0.0,0.9147600446428571,1.0,0.9554826958105646,0.9147600446428571,0.010359619525593855,0.9523809523809523,25.454278567814494,0.7428673519055307,20.1164044296705,0.7143119851510904,29.461125767245942,30.165696762595623,0.96724725462419,672,32,39342,2048,0,0,0,6144,3126.3894000003347,2026-08-11T14:39:01.507927+00:00
7a15bf52dd27f801,tamper,kodak,kodim19,kodim19|768x512|8,512,768,3,noise,0.10,0.100052,B,8,0,20260811,44.368520915717724,0.984495878404164,1.0,1.0,1.0,1.0,0.0,1.0,1.0,1.0,1.0,0.0,0.9147600446428571,1.0,0.9554826958105646,0.9147600446428571,0.010359619525593855,0.9523809523809523,23.86984066541114,0.7425064660579697,19.588355342455994,0.7138679530605444,28.97113664448252,29.631571500021426,0.9672686133666124,672,32,39342,2048,0,0,0,6144,3042.0309000001,2026-08-11T14:39:04.551897+00:00
c7aebde3be598b0e,tamper,kodak,kodim19,kodim19|768x512|8,512,768,3,noise,0.25,0.250130,A,8,0,20260811,43.25123623020219,0.981777090937686,1.0,1.0,1.0,1.0,0.0,1.0,1.0,1.0,1.0,0.0,0.9665389150943396,1.0,0.9829847837493441,0.9665389150943396,0.011547814054758005,0.8169811320754717,26.023074923092196,0.5981070070111449,15.417702801680989,0.5042022098261901,21.27991832580069,21.3407508415004,0.8678488837354524,1590,291,98355,18624,0,0,0,6144,3314.2198999994434,2026-08-11T14:39:07.871549+00:00
8ecdc17d89408e3e,tamper,kodak,kodim19,kodim19|768x512|8,512,768,3,noise,0.25,0.250130,B,8,0,20260811,44.368520915717724,0.984495878404164,1.0,1.0,1.0,1.0,0.0,1.0,1.0,1.0,1.0,0.0,0.9665389150943396,1.0,0.9829847837493441,0.9665389150943396,0.011547814054758005,0.8169811320754717,25.20575030350839,0.6079133687917837,15.321013001866358,0.5120241839777584,21.183682023622733,21.29231755414469,0.8699827723624667,1590,291,98355,18624,0,0,0,6144,3904.0817999994033,2026-08-11T14:39:11.777657+00:00
c2377bdc6a82f621,tamper,kodak,kodim19,kodim19|768x512|8,512,768,3,noise,0.50,0.500496,A,8,0,20260811,43.25123623020219,0.981777090937686,1.0,1.0,1.0,1.0,0.0,1.0,1.0,1.0,1.0,0.0,0.9893973214285714,1.0,0.9946704067321178,0.9893973214285714,0.010737578469856884,0.5250965250965252,26.40483831308416,0.3681335984626653,9.11596523448631,0.20646219101761076,12.077889323270835,15.234512934591633,0.582704212433918,3108,1476,196803,94464,0,0,0,6144,4531.381699998747,2026-08-11T14:39:16.312177+00:00
aaa1ac02e09579f3,tamper,kodak,kodim19,kodim19|768x512|8,512,768,3,noise,0.50,0.500496,B,8,0,20260811,44.368520915717724,0.984495878404164,1.0,1.0,1.0,1.0,0.0,1.0,1.0,1.0,1.0,0.0,0.9893973214285714,1.0,0.9946704067321178,0.9893973214285714,0.010737578469856884,0.5250965250965252,26.130280216181745,0.3775297015691745,9.087149744933772,0.21121148711921248,12.049204036555533,15.233468814437543,0.5851641923024697,3108,1476,196803,94464,0,0,0,6144,2997.1872000023723,2026-08-11T14:39:19.311106+00:00
1cb3fad77beed126,tamper,kodak,kodim20,kodim20|512x768|8,768,512,3,splice,0.10,0.100204,A,8,0,20260811,41.972876945506115,0.9805777397387679,1.0,1.0,1.0,1.0,0.0,1.0,1.0,1.0,1.0,0.0,0.9471634615384615,1.0,0.972864867534135,0.9471634615384615,0.006212303639765527,0.9507692307692308,28.020057183952375,0.8000835751577207,15.400794650268196,0.7654501259686425,25.166238759448625,31.26549156035239,0.9742619862153976,650,32,39402,2048,38,0,0,6144,4226.957699997001,2026-08-11T14:39:23.540655+00:00
176ed0c49a5137ac,tamper,kodak,kodim20,kodim20|512x768|8,768,512,3,splice,0.10,0.100204,B,8,0,20260811,43.81533184675603,0.982088408783666,1.0,1.0,1.0,1.0,0.0,1.0,1.0,1.0,1.0,0.0,0.9471634615384615,1.0,0.972864867534135,0.9471634615384615,0.006212303639765527,0.9507692307692308,27.41869319717157,0.8139513111124744,15.322649962981549,0.7784125315328122,25.08639315640582,31.08562351412621,0.9755374535717102,650,32,39402,2048,4,0,0,6144,4149.120900001435,2026-08-11T14:39:27.692252+00:00
55cb2e4f7de4697b,tamper,kodak,kodim20,kodim20|512x768|8,768,512,3,splice,0.25,0.249481,A,8,0,20260811,41.972876945506115,0.9805777397387679,1.0,1.0,1.0,1.0,0.0,1.0,1.0,1.0,1.0,0.0,0.9610109717868338,1.0,0.9801178938954941,0.9610109717868338,0.01348622236679814,0.7993730407523512,32.40115012988776,0.6006578352465344,9.620725622063924,0.48735677314122455,15.38911111255194,21.71432649081948,0.8629197472130826,1595,320,98100,20480,1,0,0,6144,3391.382199999498,2026-08-11T14:39:31.086970+00:00
c7de5844ead4dff1,tamper,kodak,kodim20,kodim20|512x768|8,768,512,3,splice,0.25,0.249481,B,8,0,20260811,43.81533184675603,0.982088408783666,1.0,1.0,1.0,1.0,0.0,1.0,1.0,1.0,1.0,0.0,0.9610109717868338,1.0,0.9801178938954941,0.9610109717868338,0.01348622236679814,0.7993730407523512,31.46690556588385,0.6134031636102752,9.573474726351279,0.49732929353940997,15.342220544408466,21.66381338491523,0.8655238572237272,1595,320,98100,20480,0,0,0,6144,3316.0380000008445,2026-08-11T14:39:34.406328+00:00
29c081cc7eabcda9,tamper,kodak,kodim20,kodim20|512x768|8,768,512,3,splice,0.50,0.429688,A,8,0,20260811,41.972876945506115,0.9805777397387679,1.0,1.0,1.0,1.0,0.0,1.0,1.0,1.0,1.0,0.0,0.9821428571428571,1.0,0.9909909909909909,0.9821428571428571,0.0136986301369863,0.6171875,31.579360780121583,0.43248642589375696,6.317336262821486,0.278678825076361,9.89153016773796,16.04286266323664,0.6786988248445405,2688,1029,168960,65856,221,0,0,6144,3333.522200002335,2026-08-11T14:39:37.742348+00:00
77504587a18a253f,tamper,kodak,kodim20,kodim20|512x768|8,768,512,3,splice,0.50,0.429688,B,8,0,20260811,43.81533184675603,0.982088408783666,1.0,1.0,1.0,1.0,0.0,1.0,1.0,1.0,1.0,0.0,0.9821428571428571,1.0,0.9909909909909909,0.9821428571428571,0.0136986301369863,0.6171875,29.272603615654273,0.44065313286287267,6.271700743194345,0.2832166857961497,9.846185524087547,15.98675002717777,0.6806385925046814,2688,1029,168960,65856,6,0,0,6144,3177.566400001524,2026-08-11T14:39:40.921159+00:00
04c302c882c2dca8,tamper,kodak,kodim20,kodim20|512x768|8,768,512,3,inpaint_removal,0.10,0.098864,A,8,0,20260811,41.972876945506115,0.9805777397387679,1.0,1.0,1.0,1.0,0.0,1.0,1.0,1.0,1.0,0.0,0.9175557024169184,1.0,0.9570055266299865,0.9175557024169184,0.009857735909759243,0.9607250755287009,28.787311236065243,0.8222639016615821,17.559325404996827,0.7960190942784219,26.767824435265183,36.380386317885126,0.9763892327442307,662,26,38875,1664,31,0,0,6144,3729.949399999896,2026-08-11T14:39:44.653988+00:00
fb3e83682e4b34c9,tamper,kodak,kodim20,kodim20|512x768|8,768,512,3,inpaint_removal,0.10,0.098864,B,8,0,20260811,43.81533184675603,0.982088408783666,1.0,1.0,1.0,1.0,0.0,1.0,1.0,1.0,1.0,0.0,0.9175557024169184,1.0,0.9570055266299865,0.9175557024169184,0.009857735909759243,0.9607250755287009,27.87602631498261,0.8366457256616989,17.439542800753248,0.8096872227284168,26.658522678437087,35.87175303175077,0.9778515362066836,662,26,38875,1664,55,0,0,6144,4752.495700002328,2026-08-11T14:39:49.409465+00:00
ed59896fd4d8a9b6,tamper,kodak,kodim20,kodim20|512x768|8,768,512,3,inpaint_removal,0.25,0.252111,A,8,0,20260811,41.972876945506115,0.9805777397387679,1.0,1.0,1.0,1.0,0.0,1.0,1.0,1.0,1.0,0.0,0.956153549382716,1.0,0.9775853737907639,0.956153549382716,0.015458273542753382,0.8240740740740741,29.486016906150883,0.6298384616342814,11.998945486410374,0.5301719690885103,17.705369809898464,25.896952206052614,0.8731767583173425,1620,285,99134,18240,44,0,0,6144,4582.462399997894,2026-08-11T14:39:53.994725+00:00
93b4edf5bd0853c9,tamper,kodak,kodim20,kodim20|512x768|8,768,512,3,inpaint_removal,0.25,0.252111,B,8,0,20260811,43.81533184675603,0.982088408783666,1.0,1.0,1.0,1.0,0.0,1.0,1.0,1.0,1.0,0.0,0.956153549382716,1.0,0.9775853737907639,0.956153549382716,0.015458273542753382,0.8240740740740741,28.691686602713595,0.6445572653408042,11.929600402387457,0.5418471563824541,17.636721129019154,25.842228908028346,0.8761799789173633,1620,285,99134,18240,74,0,0,6144,4065.6085000009625,2026-08-11T14:39:58.063068+00:00
e5b9fdee6b61a2ab,tamper,kodak,kodim20,kodim20|512x768|8,768,512,3,inpaint_removal,0.50,0.491435,A,8,0,20260811,41.972876945506115,0.9805777397387679,1.0,1.0,1.0,1.0,0.0,1.0,1.0,1.0,1.0,0.0,0.9803165584415584,1.0,0.9900604570140382,0.9803165584415584,0.019402328279393526,0.5418831168831169,28.334037004288138,0.3780810093320097,6.123916025908546,0.2187315704327945,9.108677386537472,19.60268318733104,0.6038167534055449,3080,1411,193240,90304,161,0,0,6144,5721.095199998672,2026-08-11T14:40:03.788856+00:00
7456aa0b59a5004f,tamper,kodak,kodim20,kodim20|512x768|8,768,512,3,inpaint_removal,0.50,0.491435,B,8,0,20260811,43.81533184675603,0.982088408783666,1.0,1.0,1.0,1.0,0.0,1.0,1.0,1.0,1.0,0.0,0.9803165584415584,1.0,0.9900604570140382,0.9803165584415584,0.019402328279393526,0.5418831168831169,27.629021063614662,0.38682005195118857,6.076280407186837,0.2229159464191978,9.061075223338626,19.591940569596588,0.605843060571583,3080,1411,193240,90304,620,0,0,6144,4610.53019999963,2026-08-11T14:40:08.400447+00:00
fe056cbe599f38f2,tamper,kodak,kodim20,kodim20|512x768|8,768,512,3,crop_refill,0.10,0.100169,A,8,0,20260811,41.972876945506115,0.9805777397387679,1.0,1.0,1.0,1.0,0.0,1.0,1.0,1.0,1.0,0.0,0.9324810606060606,1.0,0.9650610084774832,0.9324810606060606,0.008060413534259583,0.9590909090909091,28.279674573763394,0.8018760929480496,18.56617989403802,0.7747301826270899,28.222842674908435,31.240593626049716,0.9747229543329113,660,27,39388,1728,0,0,0,6144,5063.015200001246,2026-08-11T14:40:13.466609+00:00
cda8804e01a79fe6,tamper,kodak,kodim20,kodim20|512x768|8,768,512,3,crop_refill,0.10,0.100169,B,8,0,20260811,43.81533184675603,0.982088408783666,1.0,1.0,1.0,1.0,0.0,1.0,1.0,1.0,1.0,0.0,0.9324810606060606,1.0,0.9650610084774832,0.9324810606060606,0.008060413534259583,0.9590909090909091,27.32756236837981,0.8171907847981178,18.40553123275076,0.7894072380879239,28.06760873056321,31.02684867985271,0.9763376352783321,660,27,39388,1728,0,0,0,6144,3946.61669999914,2026-08-11T14:40:17.416203+00:00
6d600123d8a9c581,tamper,kodak,kodim20,kodim20|512x768|8,768,512,3,crop_refill,0.25,0.249888,A,8,0,20260811,41.972876945506115,0.9805777397387679,1.0,1.0,1.0,1.0,0.0,1.0,1.0,1.0,1.0,0.0,0.9649984286612193,1.0,0.9821874812578716,0.9649984286612193,0.012083158165963738,0.8007542426147077,28.84075581871203,0.628181639624714,9.068662897348053,0.5151885523869081,14.952237943553534,19.761439848661894,0.8693093032204562,1591,317,98260,20288,14,0,0,6144,3278.3181999984663,2026-08-11T14:40:20.698337+00:00
544d2c70f1b550a8,tamper,kodak,kodim20,kodim20|512x768|8,768,512,3,crop_refill,0.25,0.249888,B,8,0,20260811,43.81533184675603,0.982088408783666,1.0,1.0,1.0,1.0,0.0,1.0,1.0,1.0,1.0,0.0,0.9649984286612193,1.0,0.9821874812578716,0.9649984286612193,0.012083158165963738,0.8007542426147077,28.4040443554637,0.6385745778138765,9.022294986122004,0.5229363036558913,14.905372152462345,19.754116618754686,0.8712234385601043,1591,317,98260,20288,10,0,0,6144,3539.750700001605,2026-08-11T14:40:24.240878+00:00
d5b0434361d54813,tamper,kodak,kodim20,kodim20|512x768|8,768,512,3,crop_refill,0.50,0.500107,A,8,0,20260811,41.972876945506115,0.9805777397387679,1.0,1.0,1.0,1.0,0.0,1.0,1.0,1.0,1.0,0.0,0.9801136363636364,1.0,0.9899569583931134,0.9801136363636364,0.02029852568602912,0.5288676236044657,28.13466216903237,0.38793242001623335,5.828056908716153,0.22122965358782973,8.762579197743817,13.103979248601847,0.587222198585131,3135,1477,196650,94528,18,0,0,6144,3577.17810000031,2026-08-11T14:40:27.823820+00:00
f3e6de6d506026a6,tamper,kodak,kodim20,kodim20|512x768|8,768,512,3,crop_refill,0.50,0.500107,B,8,0,20260811,43.81533184675603,0.982088408783666,1.0,1.0,1.0,1.0,0.0,1.0,1.0,1.0,1.0,0.0,0.9801136363636364,1.0,0.9899569583931134,0.9801136363636364,0.02029852568602912,0.5288676236044657,27.65592313639683,0.39573904610613864,5.783167054275031,0.22473733730433498,8.71758338444026,13.110545992739553,0.5889488765398329,3135,1477,196650,94528,117,0,0,6144,3466.1296000012953,2026-08-11T14:40:31.291471+00:00
e7ea1d199ca664c5,tamper,kodak,kodim20,kodim20|512x768|8,768,512,3,noise,0.10,0.100098,A,8,0,20260811,41.972876945506115,0.9805777397387679,1.0,1.0,1.0,1.0,0.0,1.0,1.0,1.0,1.0,0.0,0.9490740740740741,1.0,0.9738717339667459,0.9490740740740741,0.005968529571351058,0.9722222222222222,31.404730439019207,0.8672695578207806,16.391026315680893,0.8442989563241855,26.015629603739434,30.69509490530748,0.9834170743237491,648,18,39360,1152,0,0,0,6144,3605.8907999977237,2026-08-11T14:40:34.900031+00:00
717cecd18fa57621,tamper,kodak,kodim20,kodim20|512x768|8,768,512,3,noise,0.10,0.100098,B,8,0,20260811,43.81533184675603,0.982088408783666,1.0,1.0,1.0,1.0,0.0,1.0,1.0,1.0,1.0,0.0,0.9490740740740741,1.0,0.9738717339667459,0.9490740740740741,0.005968529571351058,0.9722222222222222,29.990064202955185,0.8866512244638716,16.30511099385863,0.8630683758012556,25.935655976016065,30.51815641716963,0.9852774963279948,648,18,39360,1152,0,0,0,6144,3223.092500000348,2026-08-11T14:40:38.126123+00:00
b60b5108f593d68c,tamper,kodak,kodim20,kodim20|512x768|8,768,512,3,noise,0.25,0.249863,A,8,0,20260811,41.972876945506115,0.9805777397387679,1.0,1.0,1.0,1.0,0.0,1.0,1.0,1.0,1.0,0.0,0.95947265625,1.0,0.9793172190381261,0.95947265625,0.014069418170229789,0.798125,37.585999106864904,0.6218625337594443,7.3544171418681605,0.49929524674953357,13.169526158112603,18.23246779669179,0.8640886451776041,1600,323,98250,20672,0,0,0,6144,3451.164300000528,2026-08-11T14:40:41.580565+00:00
e8e754e680b04283,tamper,kodak,kodim20,kodim20|512x768|8,768,512,3,noise,0.25,0.249863,B,8,0,20260811,43.81533184675603,0.982088408783666,1.0,1.0,1.0,1.0,0.0,1.0,1.0,1.0,1.0,0.0,0.95947265625,1.0,0.9793172190381261,0.95947265625,0.014069418170229789,0.798125,36.01706108109622,0.6303623206945128,7.31865976970224,0.5060281162391386,13.133548834901745,18.176732426339072,0.8657461596991585,1600,323,98250,20672,0,0,0,6144,3581.930000000284,2026-08-11T14:40:45.164532+00:00
b7b48437e4bfeee8,tamper,kodak,kodim20,kodim20|512x768|8,768,512,3,noise,0.50,0.499268,A,8,0,20260811,41.972876945506115,0.9805777397387679,1.0,1.0,1.0,1.0,0.0,1.0,1.0,1.0,1.0,0.0,0.9670554854981085,1.0,0.9832518631300584,0.9670554854981085,0.03396717048594182,0.519546027742749,28.477413938914907,0.373769272756834,5.448868589420148,0.20867034822625527,8.304073189019952,12.506188084285277,0.5751876722049865,3172,1524,196320,97536,0,0,0,6144,3662.4975000013364,2026-08-11T14:40:48.830412+00:00
4994eca2d1a2fdd8,tamper,kodak,kodim20,kodim20|512x768|8,768,512,3,noise,0.50,0.499268,B,8,0,20260811,43.81533184675603,0.982088408783666,1.0,1.0,1.0,1.0,0.0,1.0,1.0,1.0,1.0,0.0,0.9670554854981085,1.0,0.9832518631300584,0.9670554854981085,0.03396717048594182,0.519546027742749,27.921507198109797,0.3802145041855788,5.404365137471294,0.2114088482880025,8.259954083111671,12.47163066611481,0.5765266921129651,3172,1524,196320,97536,0,0,0,6144,3225.514000001567,2026-08-11T14:40:52.057372+00:00
4a0d3e51775c2228,tamper,kodak,kodim21,kodim21|512x768|8,768,512,3,splice,0.10,0.099976,A,8,0,20260811,43.21825540428765,0.9803089314521317,1.0,1.0,1.0,1.0,0.0,1.0,1.0,1.0,1.0,0.0,0.9236842105263158,1.0,0.960328317373461,0.9236842105263158,0.009177630091776301,0.9548872180451128,23.357987440777933,0.7268541857975315,18.53339993618484,0.6982755227929226,28.073934403008213,31.49970034857311,0.9663991118825271,665,30,39312,1920,2,0,0,6144,4574.301500000729,2026-08-11T14:40:56.634495+00:00
b9a6fdc9d84a285c,tamper,kodak,kodim21,kodim21|512x768|8,768,512,3,splice,0.10,0.099976,B,8,0,20260811,44.41332616106089,0.9831503892295924,1.0,1.0,1.0,1.0,0.0,1.0,1.0,1.0,1.0,0.0,0.9236842105263158,1.0,0.960328317373461,0.9236842105263158,0.009177630091776301,0.9548872180451128,22.981958896479128,0.7282615909500548,18.38590419785047,0.6994589624696452,27.926235873680056,31.22982537010114,0.9664959604578106,665,30,39312,1920,0,0,0,6144,4622.943200000009,2026-08-11T14:41:01.260719+00:00
0bd17e316f9ff926,tamper,kodak,kodim21,kodim21|512x768|8,768,512,3,splice,0.25,0.249939,A,8,0,20260811,43.21825540428765,0.9803089314521317,1.0,1.0,1.0,1.0,0.0,1.0,1.0,1.0,1.0,0.0,0.959765625,1.0,0.9794698026709189,0.959765625,0.013969132286326525,0.80625,26.54135002523296,0.5997526395298968,12.68011822054392,0.4937225344565148,18.514673458387417,24.088951508682488,0.8639103345312246,1600,310,98280,19840,2,0,0,6144,3541.7401999984577,2026-08-11T14:41:04.804858+00:00
f3f9bb056317231e,tamper,kodak,kodim21,kodim21|512x768|8,768,512,3,splice,0.25,0.249939,B,8,0,20260811,44.41332616106089,0.9831503892295924,1.0,1.0,1.0,1.0,0.0,1.0,1.0,1.0,1.0,0.0,0.959765625,1.0,0.9794698026709189,0.959765625,0.013969132286326525,0.80625,26.11124416062768,0.6076783823188348,12.641713130187973,0.4997815113670098,18.4743482516834,24.0284175260647,0.8654055237431767,1600,310,98280,19840,1,0,0,6144,3234.550199998921,2026-08-11T14:41:08.043884+00:00
7f25d7053e87dc3b,tamper,kodak,kodim21,kodim21|512x768|8,768,512,3,splice,0.50,0.500221,A,8,0,20260811,43.21825540428765,0.9803089314521317,1.0,1.0,1.0,1.0,0.0,1.0,1.0,1.0,1.0,0.0,0.964645127118644,1.0,0.9820044483386129,0.964645127118644,0.03668310256919108,0.5163214061519146,27.78314194227754,0.3649972991672101,9.134004922272824,0.2028708553810159,11.988582175132915,18.47755655723627,0.5714914496114357,3186,1541,196695,98624,3,0,0,6144,3350.348500000109,2026-08-11T14:41:11.396964+00:00
c041b3d7e896a460,tamper,kodak,kodim21,kodim21|512x768|8,768,512,3,splice,0.50,0.500221,B,8,0,20260811,44.41332616106089,0.9831503892295924,1.0,1.0,1.0,1.0,0.0,1.0,1.0,1.0,1.0,0.0,0.964645127118644,1.0,0.9820044483386129,0.964645127118644,0.03668310256919108,0.5163214061519146,27.30397824333879,0.3682883329201149,9.103972832648221,0.20428465078571495,11.958595852071682,18.460982649630402,0.5721552424305671,3186,1541,196695,98624,1,0,0,6144,3240.2686000023095,2026-08-11T14:41:14.639589+00:00
e836af84f4c9aab0,tamper,kodak,kodim21,kodim21|512x768|8,768,512,3,inpaint_removal,0.10,0.101278,A,8,0,20260811,43.21825540428765,0.9803089314521317,1.0,1.0,1.0,1.0,0.0,1.0,1.0,1.0,1.0,0.0,0.9287313432835821,1.0,0.9630489456374541,0.9287313432835821,0.008647620772400054,0.9567164179104477,36.32072887243133,0.8172774893396323,19.10881955268379,0.7830918903471575,28.631304521963727,44.974324690001836,0.9754063667384906,670,29,39824,1856,54,0,0,6144,3181.9137999991653,2026-08-11T14:41:17.824128+00:00
5f4c5eb39bb481e7,tamper,kodak,kodim21,kodim21|512x768|8,768,512,3,inpaint_removal,0.10,0.101278,B,8,0,20260811,44.41332616106089,0.9831503892295924,1.0,1.0,1.0,1.0,0.0,1.0,1.0,1.0,1.0,0.0,0.9287313432835821,1.0,0.9630489456374541,0.9287313432835821,0.008647620772400054,0.9567164179104477,36.22928647946551,0.8371159842623915,19.08319707193614,0.8020897094574225,28.60442064223005,44.91148813988523,0.9774627685288078,670,29,39824,1856,39,0,0,6144,4882.576900003187,2026-08-11T14:41:22.710409+00:00
cb16ec564badf457,tamper,kodak,kodim21,kodim21|512x768|8,768,512,3,inpaint_removal,0.25,0.249260,A,8,0,20260811,43.21825540428765,0.9803089314521317,1.0,1.0,1.0,1.0,0.0,1.0,1.0,1.0,1.0,0.0,0.9595570958646616,1.0,0.9793612014568563,0.9595570958646616,0.013993760226013964,0.7919799498746867,24.783886065201564,0.5980266371691367,13.133247229933428,0.4892784299866346,18.94954104695825,25.593024955377825,0.8637225049175319,1596,332,98013,21248,10,0,0,6144,3560.082100000727,2026-08-11T14:41:26.273221+00:00
258365a1a7fe8e19,tamper,kodak,kodim21,kodim21|512x768|8,768,512,3,inpaint_removal,0.25,0.249260,B,8,0,20260811,44.41332616106089,0.9831503892295924,1.0,1.0,1.0,1.0,0.0,1.0,1.0,1.0,1.0,0.0,0.9595570958646616,1.0,0.9793612014568563,0.9595570958646616,0.013993760226013964,0.7919799498746867,24.265608537286507,0.5963237476107905,13.073246113689967,0.4874725939556623,18.89017377357263,25.462808682996055,0.8632995073285913,1596,332,98013,21248,7,0,0,6144,3685.604300000705,2026-08-11T14:41:29.961203+00:00
dc9f48d6590e1bc3,tamper,kodak,kodim21,kodim21|512x768|8,768,512,3,inpaint_removal,0.50,0.500933,A,8,0,20260811,43.21825540428765,0.9803089314521317,1.0,1.0,1.0,1.0,0.0,1.0,1.0,1.0,1.0,0.0,0.9739665743670886,1.0,0.9868116177999324,0.9739665743670886,0.02682925586396319,0.5363924050632911,25.81697110509139,0.4063167601957287,9.828517873006685,0.2361441636432171,12.694970580346554,20.09646120117911,0.5971675588366199,3160,1465,196975,93760,64,0,0,6144,3874.2433000006713,2026-08-11T14:41:33.837948+00:00
f4ca7fff27a8184a,tamper,kodak,kodim21,kodim21|512x768|8,768,512,3,inpaint_removal,0.50,0.500933,B,8,0,20260811,44.41332616106089,0.9831503892295924,1.0,1.0,1.0,1.0,0.0,1.0,1.0,1.0,1.0,0.0,0.9739665743670886,1.0,0.9868116177999324,0.9739665743670886,0.02682925586396319,0.5363924050632911,25.167636662911935,0.40643237681949734,9.789886254793869,0.23550322208771046,12.656679713219317,20.037732038885757,0.5968516884577021,3160,1465,196975,93760,49,0,0,6144,3990.847600001871,2026-08-11T14:41:37.830534+00:00
638014b0876ff437,tamper,kodak,kodim21,kodim21|512x768|8,768,512,3,crop_refill,0.10,0.099792,A,8,0,20260811,43.21825540428765,0.9803089314521317,1.0,1.0,1.0,1.0,0.0,1.0,1.0,1.0,1.0,0.0,0.9123883928571429,1.0,0.9541873358622703,0.9123883928571429,0.010644789477252696,0.9598214285714286,34.07489096332392,0.8150518126675795,19.700777936747443,0.7847148590319306,29.03476308967262,39.46723443370288,0.9748407020652493,672,27,39240,1728,0,0,0,6144,3535.4966999984754,2026-08-11T14:41:41.368810+00:00
dd8579a30f971539,tamper,kodak,kodim21,kodim21|512x768|8,768,512,3,crop_refill,0.10,0.099792,B,8,0,20260811,44.41332616106089,0.9831503892295924,1.0,1.0,1.0,1.0,0.0,1.0,1.0,1.0,1.0,0.0,0.9123883928571429,1.0,0.9541873358622703,0.9123883928571429,0.010644789477252696,0.9598214285714286,33.60819376273198,0.829411386072633,19.64996496088539,0.798471883205821,28.987198985194198,39.316562430508185,0.9764184987314756,672,27,39240,1728,1,0,0,6144,3217.086000000563,2026-08-11T14:41:44.588339+00:00
f640eb5ccaaefd73,tamper,kodak,kodim21,kodim21|512x768|8,768,512,3,crop_refill,0.25,0.249339,A,8,0,20260811,43.21825540428765,0.9803089314521317,1.0,1.0,1.0,1.0,0.0,1.0,1.0,1.0,1.0,0.0,0.9770009566326531,1.0,0.9883667009415513,0.9770009566326531,0.007819169839957719,0.7933673469387755,26.279339811723798,0.5951749756931565,12.56064358459895,0.48034714716648147,18.520980192783004,23.88786923561067,0.8629337285383795,1568,324,98044,20736,0,0,0,6144,3178.0964999998105,2026-08-11T14:41:47.769990+00:00
32095c885a8df62e,tamper,kodak,kodim21,kodim21|512x768|8,768,512,3,crop_refill,0.25,0.249339,B,8,0,20260811,44.41332616106089,0.9831503892295924,1.0,1.0,1.0,1.0,0.0,1.0,1.0,1.0,1.0,0.0,0.9770009566326531,1.0,0.9883667009415513,0.9770009566326531,0.007819169839957719,0.7933673469387755,25.789733831769617,0.6017837531072923,12.518637907679295,0.48522990513087516,18.47949053542422,23.830890847490576,0.8642580496069089,1568,324,98044,20736,0,0,0,6144,3358.9825999988534,2026-08-11T14:41:51.132305+00:00
1c0bf49487d388f8,tamper,kodak,kodim21,kodim21|512x768|8,768,512,3,crop_refill,0.50,0.500692,A,8,0,20260811,43.21825540428765,0.9803089314521317,1.0,1.0,1.0,1.0,0.0,1.0,1.0,1.0,1.0,0.0,0.9479969183359014,1.0,0.9733043306308088,0.9479969183359014,0.05500774183033168,0.5143297380585516,26.27168467648501,0.3797676328251552,9.259418886913766,0.21052244340793225,12.043688924340712,17.780089485839326,0.5730932588941996,3245,1576,196880,100864,0,0,0,6144,3652.067700000771,2026-08-11T14:41:54.786236+00:00
0a4276e1ba437804,tamper,kodak,kodim21,kodim21|512x768|8,768,512,3,crop_refill,0.50,0.500692,B,8,0,20260811,44.41332616106089,0.9831503892295924,1.0,1.0,1.0,1.0,0.0,1.0,1.0,1.0,1.0,0.0,0.9479969183359014,1.0,0.9733043306308088,0.9479969183359014,0.05500774183033168,0.5143297380585516,25.769197720259204,0.38221040506160375,9.226827008417931,0.21120264435429664,12.011042469437358,17.77189114859874,0.5734041683609953,3245,1576,196880,100864,0,0,0,6144,3345.3980999984196,2026-08-11T14:41:58.133274+00:00
0a299210a92505ac,tamper,kodak,kodim21,kodim21|512x768|8,768,512,3,noise,0.10,0.099637,A,8,0,20260811,43.21825540428765,0.9803089314521317,1.0,1.0,1.0,1.0,0.0,1.0,1.0,1.0,1.0,0.0,0.9069212962962963,1.0,0.9511890166183129,0.9069212962962963,0.011357569971500154,0.9555555555555556,27.87140162046205,0.7716247260499927,19.28360555060365,0.7416867794024057,28.848158333837418,31.98273009214344,0.9706246162350526,675,30,39179,1920,0,0,0,6144,3513.921099998697,2026-08-11T14:42:01.650336+00:00
8133f95c4c5c23fe,tamper,kodak,kodim21,kodim21|512x768|8,768,512,3,noise,0.10,0.099637,B,8,0,20260811,44.41332616106089,0.9831503892295924,1.0,1.0,1.0,1.0,0.0,1.0,1.0,1.0,1.0,0.0,0.9069212962962963,1.0,0.9511890166183129,0.9069212962962963,0.011357569971500154,0.9555555555555556,27.760467134453826,0.7841586552979231,19.245410180107086,0.7536383460135491,28.80687485358663,31.95678863466619,0.9719901757848359,675,30,39179,1920,0,0,0,6144,3184.8504999979923,2026-08-11T14:42:04.838085+00:00
f0b3c5cb4e24c4db,tamper,kodak,kodim21,kodim21|512x768|8,768,512,3,noise,0.25,0.249944,A,8,0,20260811,43.21825540428765,0.9803089314521317,1.0,1.0,1.0,1.0,0.0,1.0,1.0,1.0,1.0,0.0,0.95978515625,1.0,0.9794799732910774,0.95978515625,0.013962445835339432,0.810625,31.762361700870223,0.6038321242975868,12.915991870196637,0.49409306621493826,18.769156460614106,23.33820112943133,0.8657160135519381,1600,303,98282,19392,0,0,0,6144,3355.7675999982166,2026-08-11T14:42:08.197816+00:00
c72c3d3ff093b8f7,tamper,kodak,kodim21,kodim21|512x768|8,768,512,3,noise,0.25,0.249944,B,8,0,20260811,44.41332616106089,0.9831503892295924,1.0,1.0,1.0,1.0,0.0,1.0,1.0,1.0,1.0,0.0,0.95978515625,1.0,0.9794799732910774,0.95978515625,0.013962445835339432,0.810625,31.45804190392399,0.6153128867035275,12.887018115222773,0.5033171338539474,18.73989750458599,23.32894912353451,0.8681499333185876,1600,303,98282,19392,0,0,0,6144,3391.7327000017394,2026-08-11T14:42:11.593688+00:00
15a96771b40d8a12,tamper,kodak,kodim21,kodim21|512x768|8,768,512,3,noise,0.50,0.427083,A,8,0,20260811,43.21825540428765,0.9803089314521317,1.0,1.0,1.0,1.0,0.0,1.0,1.0,1.0,1.0,0.0,1.0,1.0,1.0,1.0,0.0,0.625,27.43674692165429,0.451697268893835,10.233367506040237,0.2952464704841329,13.928241269238566,17.110479619096854,0.6928595172318482,2624,984,167936,62976,0,0,0,6144,3285.502099999576,2026-08-11T14:42:14.882380+00:00
a9cd73fd44a5ea95,tamper,kodak,kodim21,kodim21|512x768|8,768,512,3,noise,0.50,0.427083,B,8,0,20260811,44.41332616106089,0.9831503892295924,1.0,1.0,1.0,1.0,0.0,1.0,1.0,1.0,1.0,0.0,1.0,1.0,1.0,1.0,0.0,0.625,26.824700972007854,0.45488204320824094,10.198605616963244,0.29675636861228644,13.893479380161573,17.098738187016668,0.6935090869236574,2624,984,167936,62976,0,0,0,6144,3287.3965999970096,2026-08-11T14:42:18.170912+00:00
5b895096d770ca87,tamper,kodak,kodim22,kodim22|512x768|8,768,512,3,splice,0.10,0.099681,A,8,0,20260811,43.24412858996146,0.9832607083466677,1.0,1.0,1.0,1.0,0.0,1.0,1.0,1.0,1.0,0.0,0.9407642089093702,1.0,0.9694781103141231,0.9407642089093702,0.00697135755042088,0.9554531490015361,26.316589848092867,0.7128989735782889,20.289287171694724,0.6841078271089661,29.99587613155846,33.478339957002575,0.9654761240652525,651,29,39196,1856,1,0,0,6144,6120.236600003409,2026-08-11T14:42:24.294241+00:00
eca72584db3fe8c2,tamper,kodak,kodim22,kodim22|512x768|8,768,512,3,splice,0.10,0.099681,B,8,0,20260811,44.39868832150954,0.9860724837698941,1.0,1.0,1.0,1.0,0.0,1.0,1.0,1.0,1.0,0.0,0.9407642089093702,1.0,0.9694781103141231,0.9407642089093702,0.00697135755042088,0.9554531490015361,26.477839374410227,0.7374952552407041,20.30965298437575,0.7076662745937663,30.006295637750526,33.54381383041405,0.9679296381973522,651,29,39196,1856,0,0,0,6144,4305.533200000355,2026-08-11T14:42:28.602634+00:00
5c79e5923ca4acf3,tamper,kodak,kodim22,kodim22|512x768|8,768,512,3,splice,0.25,0.249939,A,8,0,20260811,43.24412858996146,0.9832607083466677,1.0,1.0,1.0,1.0,0.0,1.0,1.0,1.0,1.0,0.0,0.9409466911764706,1.0,0.9695749970403693,0.9409466911764706,0.020913011636422816,0.7996323529411764,28.422874307812318,0.5832486890666959,14.749174199181445,0.47512752696423016,20.40860659637061,25.48494730274866,0.8558459779469917,1632,327,98280,20928,1,0,0,6144,3172.9367000007187,2026-08-11T14:42:31.778346+00:00
865d7ff97f894de4,tamper,kodak,kodim22,kodim22|512x768|8,768,512,3,splice,0.25,0.249939,B,8,0,20260811,44.39868832150954,0.9860724837698941,1.0,1.0,1.0,1.0,0.0,1.0,1.0,1.0,1.0,0.0,0.9409466911764706,1.0,0.9695749970403693,0.9409466911764706,0.020913011636422816,0.7996323529411764,28.48785776938325,0.5982207961491792,14.721505064963132,0.4872170154569532,20.381851604997244,25.490650385619233,0.8591782354471843,1632,327,98280,20928,0,0,0,6144,3390.4046999996353,2026-08-11T14:42:35.175113+00:00
d9052efbd156be23,tamper,kodak,kodim22,kodim22|512x768|8,768,512,3,splice,0.50,0.499054,A,8,0,20260811,43.24412858996146,0.9832607083466677,1.0,1.0,1.0,1.0,0.0,1.0,1.0,1.0,1.0,0.0,0.9827524038461538,1.0,0.9913011850998696,0.9827524038461538,0.017484008528784647,0.5403846153846155,28.67617314646848,0.38724341679505725,11.680321093186867,0.22224341476029272,14.624118595599393,17.916429751938956,0.5896807562413652,3120,1434,196236,91776,1,0,0,6144,3349.20670000065,2026-08-11T14:42:38.526782+00:00
fb6caca423296454,tamper,kodak,kodim22,kodim22|512x768|8,768,512,3,splice,0.50,0.499054,B,8,0,20260811,44.39868832150954,0.9860724837698941,1.0,1.0,1.0,1.0,0.0,1.0,1.0,1.0,1.0,0.0,0.9827524038461538,1.0,0.9913011850998696,0.9827524038461538,0.017484008528784647,0.5403846153846155,28.522163873797567,0.39666675822555153,11.646762942226236,0.2273230357579028,14.590445165835357,17.906679759182488,0.5922917384896661,3120,1434,196236,91776,0,0,0,6144,4957.534100001794,2026-08-11T14:42:43.485435+00:00
17ed6f1c959b1c23,tamper,kodak,kodim22,kodim22|512x768|8,768,512,3,inpaint_removal,0.10,0.098895,A,8,0,20260811,43.24412858996146,0.9832607083466677,1.0,1.0,1.0,1.0,0.0,1.0,1.0,1.0,1.0,0.0,0.9206202651515152,1.0,0.9586697400372256,0.9206202651515152,0.009462956743591409,0.9545454545454546,26.452254825790362,0.7309249777535521,18.250011027625806,0.7001440298272535,27.680435800034083,34.36572916607081,0.9668280906302801,660,30,38887,1920,11,0,0,6144,3837.4700999993365,2026-08-11T14:42:47.326447+00:00
6de8d79f05ea7255,tamper,kodak,kodim22,kodim22|512x768|8,768,512,3,inpaint_removal,0.10,0.098895,B,8,0,20260811,44.39868832150954,0.9860724837698941,1.0,1.0,1.0,1.0,0.0,1.0,1.0,1.0,1.0,0.0,0.9206202651515152,1.0,0.9586697400372256,0.9206202651515152,0.009462956743591409,0.9545454545454546,25.654573187719976,0.7449901714635792,18.101945247083965,0.7135954183696722,27.533522463787357,33.81062126942072,0.9682920327127688,660,30,38887,1920,4,0,0,6144,3643.1784000014886,2026-08-11T14:42:50.972520+00:00
ed26b70c3a742c7a,tamper,kodak,kodim22,kodim22|512x768|8,768,512,3,inpaint_removal,0.25,0.249476,A,8,0,20260811,43.24412858996146,0.9832607083466677,1.0,1.0,1.0,1.0,0.0,1.0,1.0,1.0,1.0,0.0,0.9496785935563816,1.0,0.9741898964219391,0.9496785935563816,0.017613293665584614,0.7949194547707559,27.047185648663117,0.5811642994883307,14.141383677084976,0.47429115511479414,19.898936599503937,27.117549171260563,0.8566935383902919,1614,331,98098,21184,9,0,0,6144,3719.628200000443,2026-08-11T14:42:54.695050+00:00
e0f1e8c24b82870d,tamper,kodak,kodim22,kodim22|512x768|8,768,512,3,inpaint_removal,0.25,0.249476,B,8,0,20260811,44.39868832150954,0.9860724837698941,1.0,1.0,1.0,1.0,0.0,1.0,1.0,1.0,1.0,0.0,0.9496785935563816,1.0,0.9741898964219391,0.9496785935563816,0.017613293665584614,0.7949194547707559,26.670894331795843,0.5999084519226533,14.09913764787381,0.488947180975247,19.858989340093526,27.037520994150498,0.8608722537060053,1614,331,98098,21184,8,0,0,6144,3675.3680000001623,2026-08-11T14:42:58.372900+00:00
e6eb127863ffafbc,tamper,kodak,kodim22,kodim22|512x768|8,768,512,3,inpaint_removal,0.50,0.497485,A,8,0,20260811,43.24412858996146,0.9832607083466677,1.0,1.0,1.0,1.0,0.0,1.0,1.0,1.0,1.0,0.0,0.9706404811051127,1.0,0.985101534665307,0.9706404811051127,0.02994478661113276,0.5331851381390917,28.313432059217583,0.3671851823586628,9.676736140557866,0.20865031960788818,12.591361864815067,22.153942041549776,0.584704572580957,3149,1470,195619,94080,19,0,0,6144,4421.062699999311,2026-08-11T14:43:02.796405+00:00
80f0eff664c09ccf,tamper,kodak,kodim22,kodim22|512x768|8,768,512,3,inpaint_removal,0.50,0.497485,B,8,0,20260811,44.39868832150954,0.9860724837698941,1.0,1.0,1.0,1.0,0.0,1.0,1.0,1.0,1.0,0.0,0.9706404811051127,1.0,0.985101534665307,0.9706404811051127,0.02994478661113276,0.5331851381390917,27.86370687608422,0.37523937967863413,9.648319687365104,0.21275792183623032,12.562867544498587,22.13420846612548,0.5868766463496473,3149,1470,195619,94080,30,0,0,6144,4380.151400000614,2026-08-11T14:43:07.177683+00:00
510402e64339bfb2,tamper,kodak,kodim22,kodim22|512x768|8,768,512,3,crop_refill,0.10,0.099998,A,8,0,20260811,43.24412858996146,0.9832607083466677,1.0,1.0,1.0,1.0,0.0,1.0,1.0,1.0,1.0,0.0,0.9308948863636364,1.0,0.9642108360613528,0.9308948863636364,0.008248209214597551,0.9454545454545454,27.46574752380941,0.7278062872082809,20.136665008470022,0.6927603462557255,29.543350653104284,34.015245646379796,0.9653068040992779,660,36,39321,2304,0,0,0,6144,3365.343000001303,2026-08-11T14:43:10.546036+00:00
16f508e952793cb4,tamper,kodak,kodim22,kodim22|512x768|8,768,512,3,crop_refill,0.10,0.099998,B,8,0,20260811,44.39868832150954,0.9860724837698941,1.0,1.0,1.0,1.0,0.0,1.0,1.0,1.0,1.0,0.0,0.9308948863636364,1.0,0.9642108360613528,0.9308948863636364,0.008248209214597551,0.9454545454545454,27.627455972465043,0.7485415600274746,20.139244807973466,0.7124660150537949,29.549765828445736,34.09444747254877,0.9675871840598331,660,36,39321,2304,0,0,0,6144,3100.685900000826,2026-08-11T14:43:13.649483+00:00
1486edba3a28701d,tamper,kodak,kodim22,kodim22|512x768|8,768,512,3,crop_refill,0.25,0.249975,A,8,0,20260811,43.24412858996146,0.9832607083466677,1.0,1.0,1.0,1.0,0.0,1.0,1.0,1.0,1.0,0.0,0.9347801278149727,1.0,0.9662908093548165,0.9347801278149727,0.02325360603820671,0.7717589774802192,26.700170058121703,0.552735300824939,14.314389084189523,0.43910546073835716,19.783533990381127,23.62075161227225,0.8451414401132346,1643,375,98294,24000,0,0,0,6144,3107.5058999995235,2026-08-11T14:43:16.759972+00:00
cf16fd1aed729c1a,tamper,kodak,kodim22,kodim22|512x768|8,768,512,3,crop_refill,0.25,0.249975,B,8,0,20260811,44.39868832150954,0.9860724837698941,1.0,1.0,1.0,1.0,0.0,1.0,1.0,1.0,1.0,0.0,0.9347801278149727,1.0,0.9662908093548165,0.9347801278149727,0.02325360603820671,0.7717589774802192,26.293062063951417,0.5712222782975778,14.266132144451642,0.45313970195074604,19.738863238725582,23.58584836634615,0.8488982733689436,1643,375,98294,24000,0,0,0,6144,3224.6206999989226,2026-08-11T14:43:19.988228+00:00
f5fee7cf98b5070a,tamper,kodak,kodim22,kodim22|512x768|8,768,512,3,crop_refill,0.50,0.449219,A,8,0,20260811,43.24412858996146,0.9832607083466677,1.0,1.0,1.0,1.0,0.0,1.0,1.0,1.0,1.0,0.0,0.9801136363636364,1.0,0.9899569583931134,0.9801136363636364,0.016548463356973995,0.5827414772727273,29.421763279245337,0.4070329095679569,9.935467639135588,0.2478164818836619,13.292714653872984,19.060326653485674,0.648235254686682,2816,1175,176640,75200,0,0,0,6144,3244.900499998039,2026-08-11T14:43:23.236644+00:00
03d10150f67ad478,tamper,kodak,kodim22,kodim22|512x768|8,768,512,3,crop_refill,0.50,0.449219,B,8,0,20260811,44.39868832150954,0.9860724837698941,1.0,1.0,1.0,1.0,0.0,1.0,1.0,1.0,1.0,0.0,0.9801136363636364,1.0,0.9899569583931134,0.9801136363636364,0.016548463356973995,0.5827414772727273,29.235641719815668,0.4148900944885891,9.909853339892809,0.25232165871467926,13.266619155360209,19.058173284965314,0.6502364022471788,2816,1175,176640,75200,0,0,0,6144,3645.548600001348,2026-08-11T14:43:26.883876+00:00
e42ff282430d4bb5,tamper,kodak,kodim22,kodim22|512x768|8,768,512,3,noise,0.10,0.099976,A,8,0,20260811,43.24412858996146,0.9832607083466677,1.0,1.0,1.0,1.0,0.0,1.0,1.0,1.0,1.0,0.0,0.91,1.0,0.9528795811518325,0.91,0.0109860301098603,0.965925925925926,28.176883815682867,0.7757441006912147,19.256399452105033,0.7515817514394988,28.86081558238656,32.13718018025604,0.9718994848701255,675,23,39312,1472,0,0,0,6144,3242.167899999913,2026-08-11T14:43:30.128585+00:00
09d9f3e80d8a879b,tamper,kodak,kodim22,kodim22|512x768|8,768,512,3,noise,0.10,0.099976,B,8,0,20260811,44.39868832150954,0.9860724837698941,1.0,1.0,1.0,1.0,0.0,1.0,1.0,1.0,1.0,0.0,0.91,1.0,0.9528795811518325,0.91,0.0109860301098603,0.965925925925926,27.92621539770859,0.8023808655730353,19.20955515855801,0.7772574521267629,28.82154388185687,32.08048552312508,0.9747711718844361,675,23,39312,1472,0,0,0,6144,3204.3400000002293,2026-08-11T14:43:33.336783+00:00
21a52be5d43da1ec,tamper,kodak,kodim22,kodim22|512x768|8,768,512,3,noise,0.25,0.249967,A,8,0,20260811,43.24412858996146,0.9832607083466677,1.0,1.0,1.0,1.0,0.0,1.0,1.0,1.0,1.0,0.0,0.9307859848484848,1.0,0.9641524147706373,0.9307859848484848,0.02478257184029838,0.7824242424242425,26.849948637570225,0.5547030443205312,13.434339034178844,0.4459939159722665,19.05787452211027,21.352030438448114,0.8460531242513712,1650,359,98291,22976,0,0,0,6144,3772.9669000000285,2026-08-11T14:43:37.116388+00:00
05d16ccf90dc99c0,tamper,kodak,kodim22,kodim22|512x768|8,768,512,3,noise,0.25,0.249967,B,8,0,20260811,44.39868832150954,0.9860724837698941,1.0,1.0,1.0,1.0,0.0,1.0,1.0,1.0,1.0,0.0,0.9307859848484848,1.0,0.9641524147706373,0.9307859848484848,0.02478257184029838,0.7824242424242425,26.658641327613854,0.5709320654804942,13.400879651298636,0.45871096208531137,19.02496730942971,21.349066655025958,0.849397281221406,1650,359,98291,22976,0,0,0,6144,3248.4122999994725,2026-08-11T14:43:40.367300+00:00
eed809d0a8238e88,tamper,kodak,kodim22,kodim22|512x768|8,768,512,3,noise,0.50,0.499229,A,8,0,20260811,43.24412858996146,0.9832607083466677,1.0,1.0,1.0,1.0,0.0,1.0,1.0,1.0,1.0,0.0,0.9682025331439394,1.0,0.9838444132041287,0.9682025331439394,0.032740679799503326,0.5309343434343434,28.218713080828497,0.3661092770503121,10.3670722312648,0.20756636861672056,13.277915801922438,15.307530327834233,0.5749823758521379,3168,1486,196305,95104,0,0,0,6144,3336.5892000001622,2026-08-11T14:43:43.706870+00:00
6f47832182bdf51d,tamper,kodak,kodim22,kodim22|512x768|8,768,512,3,noise,0.50,0.499229,B,8,0,20260811,44.39868832150954,0.9860724837698941,1.0,1.0,1.0,1.0,0.0,1.0,1.0,1.0,1.0,0.0,0.9682025331439394,1.0,0.9838444132041287,0.9682025331439394,0.032740679799503326,0.5309343434343434,27.98320489831908,0.3751647243427876,10.33792215367737,0.21237808337028005,13.248507644840547,15.31413208141606,0.5774755043428385,3168,1486,196305,95104,0,0,0,6144,3411.7246000023442,2026-08-11T14:43:47.120554+00:00
69685edae5e86355,tamper,kodak,kodim23,kodim23|512x768|8,768,512,3,splice,0.10,0.099902,A,8,0,20260811,43.183805728151725,0.9748930763645748,1.0,1.0,1.0,1.0,0.0,1.0,1.0,1.0,1.0,0.0,0.8999954178885631,1.0,0.9473658824806165,0.8999954178885631,0.012332842656661007,0.969208211143695,33.22818692444863,0.83574251370123,20.338809912594463,0.8153600833015626,29.58817289888684,35.05265729192764,0.9782629796219373,682,21,39283,1344,0,0,0,6144,4914.452799999708,2026-08-11T14:43:52.039341+00:00
6bd48a4ff3b14013,tamper,kodak,kodim23,kodim23|512x768|8,768,512,3,splice,0.10,0.099902,B,8,0,20260811,44.22722276963753,0.976292159715678,1.0,1.0,1.0,1.0,0.0,1.0,1.0,1.0,1.0,0.0,0.8999954178885631,1.0,0.9473658824806165,0.8999954178885631,0.012332842656661007,0.969208211143695,32.66632817445026,0.8487709136710878,20.276626764867537,0.8279329797455321,29.52744009732541,34.932299545153064,0.9796362122906591,682,21,39283,1344,0,0,0,6144,4243.329499997344,2026-08-11T14:43:56.286626+00:00
67f804ed62bb8ddc,tamper,kodak,kodim23,kodim23|512x768|8,768,512,3,splice,0.25,0.250763,A,8,0,20260811,43.183805728151725,0.9748930763645748,1.0,1.0,1.0,1.0,0.0,1.0,1.0,1.0,1.0,0.0,0.9653430451127819,1.0,0.982365951341981,0.9653430451127819,0.01201580383691092,0.7857142857142857,29.640094643465385,0.6213857567413418,12.166253493968217,0.4993592805180517,18.02574947008607,21.911165310952704,0.8637666477528244,1596,342,98604,21888,4,0,0,6144,3311.6211999986263,2026-08-11T14:43:59.600711+00:00
06e598a770710a24,tamper,kodak,kodim23,kodim23|512x768|8,768,512,3,splice,0.25,0.250763,B,8,0,20260811,44.22722276963753,0.976292159715678,1.0,1.0,1.0,1.0,0.0,1.0,1.0,1.0,1.0,0.0,0.9653430451127819,1.0,0.982365951341981,0.9653430451127819,0.01201580383691092,0.7857142857142857,29.01059481418465,0.6274990067477357,12.123740849725348,0.5037871083776913,17.98356577424918,21.882549086326296,0.8649354469833525,1596,342,98604,21888,2,0,0,6144,3605.827399998816,2026-08-11T14:44:03.209418+00:00
9a8e0156e20e49b3,tamper,kodak,kodim23,kodim23|512x768|8,768,512,3,splice,0.50,0.467448,A,8,0,20260811,43.183805728151725,0.9748930763645748,1.0,1.0,1.0,1.0,0.0,1.0,1.0,1.0,1.0,0.0,0.9972222222222222,1.0,0.9986091794158554,0.9972222222222222,0.0024449877750611247,0.578125,32.41149423132678,0.41230863107055965,10.677775467380798,0.2507638959283058,13.970856245350795,19.28565530693581,0.6411729939495746,2880,1215,183808,77760,6,0,0,6144,3434.625699999742,2026-08-11T14:44:06.647810+00:00
b825f96bb36c97a5,tamper,kodak,kodim23,kodim23|512x768|8,768,512,3,splice,0.50,0.467448,B,8,0,20260811,44.22722276963753,0.976292159715678,1.0,1.0,1.0,1.0,0.0,1.0,1.0,1.0,1.0,0.0,0.9972222222222222,1.0,0.9986091794158554,0.9972222222222222,0.0024449877750611247,0.578125,31.132703569902137,0.4169511161426606,10.630514931310675,0.2532006732880426,13.923581987847673,19.26718941287499,0.6423239773241666,2880,1215,183808,77760,1,0,0,6144,3458.3269999966433,2026-08-11T14:44:10.107539+00:00
81929f9407ee3a7f,tamper,kodak,kodim23,kodim23|512x768|8,768,512,3,inpaint_removal,0.10,0.099538,A,8,0,20260811,43.183805728151725,0.9748930763645748,1.0,1.0,1.0,1.0,0.0,1.0,1.0,1.0,1.0,0.0,0.9224170437405732,1.0,0.9596430147599667,0.9224170437405732,0.009297438967905195,0.9622926093514329,34.308440878915775,0.8529852875413212,19.71548900338726,0.8279212265268264,28.525187611260204,37.2583443833019,0.9790207362420569,663,25,39140,1600,22,0,0,6144,3628.4266999973624,2026-08-11T14:44:13.738786+00:00
2281c36246e619e4,tamper,kodak,kodim23,kodim23|512x768|8,768,512,3,inpaint_removal,0.10,0.099538,B,8,0,20260811,44.22722276963753,0.976292159715678,1.0,1.0,1.0,1.0,0.0,1.0,1.0,1.0,1.0,0.0,0.9224170437405732,1.0,0.9596430147599667,0.9224170437405732,0.009297438967905195,0.9622926093514329,33.3736980606091,0.867020393326923,19.651668459950805,0.8414610625610975,28.461484170537275,37.043218781279386,0.980350544452336,663,25,39140,1600,23,0,0,6144,3492.454800001724,2026-08-11T14:44:17.233761+00:00
f941c88911097b3b,tamper,kodak,kodim23,kodim23|512x768|8,768,512,3,inpaint_removal,0.25,0.249064,A,8,0,20260811,43.183805728151725,0.9748930763645748,1.0,1.0,1.0,1.0,0.0,1.0,1.0,1.0,1.0,0.0,0.9498758535071384,1.0,0.9742936729009153,0.9498758535071384,0.01750203196965592,0.8013656114214773,30.594790619575207,0.6416971874197148,12.55221284291184,0.5275120238752239,18.208665786274693,24.69727670265854,0.869081340762884,1611,320,97936,20480,23,0,0,6144,3642.456999998103,2026-08-11T14:44:20.879707+00:00
fc476c0e87cc68f3,tamper,kodak,kodim23,kodim23|512x768|8,768,512,3,inpaint_removal,0.25,0.249064,B,8,0,20260811,44.22722276963753,0.976292159715678,1.0,1.0,1.0,1.0,0.0,1.0,1.0,1.0,1.0,0.0,0.9498758535071384,1.0,0.9742936729009153,0.9498758535071384,0.01750203196965592,0.8013656114214773,29.883320896774936,0.6498932942325243,12.509247230930015,0.5337914438190735,18.166253138320187,24.659691515067692,0.8707540843932429,1611,320,97936,20480,35,0,0,6144,3817.508000000089,2026-08-11T14:44:24.699728+00:00
63ad1eb47f5ff153,tamper,kodak,kodim23,kodim23|512x768|8,768,512,3,inpaint_removal,0.50,0.497241,A,8,0,20260811,43.183805728151725,0.9748930763645748,1.0,1.0,1.0,1.0,0.0,1.0,1.0,1.0,1.0,0.0,0.9732548184135075,1.0,0.9864461592406015,0.9732548184135075,0.027178504044149263,0.5301051290219816,30.13921311446278,0.39101660472828725,9.18186601395796,0.22158290705201725,12.135239159126808,17.845011236071176,0.5931923072544713,3139,1475,195523,94400,29,0,0,6144,4492.658399998618,2026-08-11T14:44:29.198246+00:00
3681b7d5722d607d,tamper,kodak,kodim23,kodim23|512x768|8,768,512,3,inpaint_removal,0.50,0.497241,B,8,0,20260811,44.22722276963753,0.976292159715678,1.0,1.0,1.0,1.0,0.0,1.0,1.0,1.0,1.0,0.0,0.9732548184135075,1.0,0.9864461592406015,0.9732548184135075,0.027178504044149263,0.5301051290219816,29.56917392073592,0.3949197016629705,9.142935055174581,0.22316901395985625,12.096096870458751,17.839738638979036,0.5939265090888189,3139,1475,195523,94400,11,0,0,6144,4238.118600002053,2026-08-11T14:44:33.438080+00:00
cf306cea4c93dc16,tamper,kodak,kodim23,kodim23|512x768|8,768,512,3,crop_refill,0.10,0.099815,A,8,0,20260811,43.183805728151725,0.9748930763645748,1.0,1.0,1.0,1.0,0.0,1.0,1.0,1.0,1.0,0.0,0.9018612132352941,1.0,0.9483985550145586,0.9018612132352941,0.012066096557023677,0.9588235294117647,33.62749657281026,0.8315653940718716,21.906680034770503,0.8014824936326517,31.10248677343741,36.27864069200249,0.9770122504384036,680,28,39249,1792,0,0,0,6144,4204.633699999249,2026-08-11T14:44:37.645739+00:00
6eb10c7e759c6da1,tamper,kodak,kodim23,kodim23|512x768|8,768,512,3,crop_refill,0.10,0.099815,B,8,0,20260811,44.22722276963753,0.976292159715678,1.0,1.0,1.0,1.0,0.0,1.0,1.0,1.0,1.0,0.0,0.9018612132352941,1.0,0.9483985550145586,0.9018612132352941,0.012066096557023677,0.9588235294117647,33.08199179071941,0.8473533811954748,21.82340710263982,0.8166232775657699,31.008916181907125,36.124950308656125,0.9784840643405515,680,28,39249,1792,0,0,0,6144,3514.757199998712,2026-08-11T14:44:41.163450+00:00
c033056a05b1f309,tamper,kodak,kodim23,kodim23|512x768|8,768,512,3,crop_refill,0.25,0.250407,A,8,0,20260811,43.183805728151725,0.9748930763645748,1.0,1.0,1.0,1.0,0.0,1.0,1.0,1.0,1.0,0.0,0.9555900621118012,1.0,0.9772907733841512,0.9555900621118012,0.015524915861469982,0.7937888198757764,31.12105253687485,0.6309933774648552,14.60750762883032,0.5109102561864085,20.44311511172816,25.1382860286485,0.8674153278754777,1610,332,98464,21248,0,0,0,6144,3247.686499998963,2026-08-11T14:44:44.414243+00:00
2c17b7a95a27a042,tamper,kodak,kodim23,kodim23|512x768|8,768,512,3,crop_refill,0.25,0.250407,B,8,0,20260811,44.22722276963753,0.976292159715678,1.0,1.0,1.0,1.0,0.0,1.0,1.0,1.0,1.0,0.0,0.9555900621118012,1.0,0.9772907733841512,0.9555900621118012,0.015524915861469982,0.7937888198757764,30.49666179306556,0.6386657589545146,14.550937370940058,0.5167321261528978,20.38717377226746,25.10545960432285,0.8690433793253566,1610,332,98464,21248,0,0,0,6144,3283.855499998026,2026-08-11T14:44:47.700751+00:00
adf8558c00b08fff,tamper,kodak,kodim23,kodim23|512x768|8,768,512,3,crop_refill,0.50,0.483073,A,8,0,20260811,43.183805728151725,0.9748930763645748,1.0,1.0,1.0,1.0,0.0,1.0,1.0,1.0,1.0,0.0,0.9661458333333334,1.0,0.9827814569536424,0.9661458333333334,0.0327455919395466,0.5445963541666667,32.383549373356566,0.38569802695043987,9.836915431217383,0.22331420127584015,12.75329712027567,16.47899897265117,0.6041811001339661,3072,1399,189952,89536,0,0,0,6144,3474.6737999994366,2026-08-11T14:44:51.179338+00:00
03bcaf934a6331e6,tamper,kodak,kodim23,kodim23|512x768|8,768,512,3,crop_refill,0.50,0.483073,B,8,0,20260811,44.22722276963753,0.976292159715678,1.0,1.0,1.0,1.0,0.0,1.0,1.0,1.0,1.0,0.0,0.9661458333333334,1.0,0.9827814569536424,0.9661458333333334,0.0327455919395466,0.5445963541666667,30.998571772880233,0.3894937658723904,9.793415817163872,0.22510475879216657,12.710508438563883,16.472721891533908,0.6050384202963394,3072,1399,189952,89536,0,0,0,6144,3369.4894000000204,2026-08-11T14:44:54.551000+00:00
6acb0791f989a2db,tamper,kodak,kodim23,kodim23|512x768|8,768,512,3,noise,0.10,0.100281,A,8,0,20260811,43.183805728151725,0.9748930763645748,1.0,1.0,1.0,1.0,0.0,1.0,1.0,1.0,1.0,0.0,0.9168526785714286,1.0,0.9566229985443959,0.9168526785714286,0.010107862424530222,0.9583333333333334,32.299089570634784,0.8380960351354763,19.8739546673079,0.8062943821263162,29.516523667111336,31.396415344160154,0.9777441072376946,672,28,39432,1792,0,0,0,6144,3167.8194999985863,2026-08-11T14:44:57.722927+00:00
2b10db9f09708f84,tamper,kodak,kodim23,kodim23|512x768|8,768,512,3,noise,0.10,0.100281,B,8,0,20260811,44.22722276963753,0.976292159715678,1.0,1.0,1.0,1.0,0.0,1.0,1.0,1.0,1.0,0.0,0.9168526785714286,1.0,0.9566229985443959,0.9168526785714286,0.010107862424530222,0.9583333333333334,31.11812527657923,0.8494970105415801,19.764301506125797,0.8171344537809708,29.40152570329677,31.28590774472032,0.9788885186902544,672,28,39432,1792,0,0,0,6144,3269.338299996889,2026-08-11T14:45:00.994349+00:00
81d421224c13b3d3,tamper,kodak,kodim23,kodim23|512x768|8,768,512,3,noise,0.25,0.249573,A,8,0,20260811,43.183805728151725,0.9748930763645748,1.0,1.0,1.0,1.0,0.0,1.0,1.0,1.0,1.0,0.0,0.9643867924528302,1.0,0.9818705726978029,0.9643867924528302,0.01228141520943473,0.8062893081761007,33.64299867379151,0.6449586204096417,13.485499426030943,0.5317958450713044,19.35311667451899,21.307953664263014,0.8739517444709448,1590,308,98136,19712,0,0,0,6144,3282.820799999172,2026-08-11T14:45:04.280211+00:00
35982eee7b9f8109,tamper,kodak,kodim23,kodim23|512x768|8,768,512,3,noise,0.25,0.249573,B,8,0,20260811,44.22722276963753,0.976292159715678,1.0,1.0,1.0,1.0,0.0,1.0,1.0,1.0,1.0,0.0,0.9643867924528302,1.0,0.9818705726978029,0.9643867924528302,0.01228141520943473,0.8062893081761007,32.85377816104847,0.65332541309086,13.442914009879363,0.538027044739633,19.30975520339085,21.308304530558054,0.8755235199476377,1590,308,98136,19712,0,0,0,6144,3274.250200000097,2026-08-11T14:45:07.557126+00:00
306ce63312adc872,tamper,kodak,kodim23,kodim23|512x768|8,768,512,3,noise,0.50,0.499837,A,8,0,20260811,43.183805728151725,0.9748930763645748,1.0,1.0,1.0,1.0,0.0,1.0,1.0,1.0,1.0,0.0,0.9522480620155038,1.0,0.9755400254129606,0.9522480620155038,0.05011389521640091,0.5094573643410854,30.158914233369458,0.37908495033279405,9.322856592244129,0.21245171629415824,12.137858709538381,14.418615246415758,0.5707281471643489,3225,1582,196544,101248,0,0,0,6144,3265.345300002082,2026-08-11T14:45:10.824552+00:00
7f584cfe1fe9714d,tamper,kodak,kodim23,kodim23|512x768|8,768,512,3,noise,0.50,0.499837,B,8,0,20260811,44.22722276963753,0.976292159715678,1.0,1.0,1.0,1.0,0.0,1.0,1.0,1.0,1.0,0.0,0.9522480620155038,1.0,0.9755400254129606,0.9522480620155038,0.05011389521640091,0.5094573643410854,29.529057361732747,0.3819879415885017,9.28325034049179,0.21304430611387942,12.098137196471528,14.423341391101747,0.5709805106570992,3225,1582,196544,101248,0,0,0,6144,3131.649099999777,2026-08-11T14:45:13.959165+00:00
8a3778cc364ef966,tamper,kodak,kodim24,kodim24|512x768|8,768,512,3,splice,0.10,0.100062,A,8,0,20260811,43.112608498968015,0.986267880674295,1.0,1.0,1.0,1.0,0.0,1.0,1.0,1.0,1.0,0.0,0.910787037037037,1.0,0.9533108812056308,0.910787037037037,0.010891005171390624,0.9555555555555556,32.53474353759299,0.8127847185077306,22.981244790677234,0.7802683190128151,32.46230767507031,36.13523747823234,0.9748346340695321,675,30,39346,1920,12,0,0,6144,3245.5235999987053,2026-08-11T14:45:17.207672+00:00
b3be85e9b96579df,tamper,kodak,kodim24,kodim24|512x768|8,768,512,3,splice,0.10,0.100062,B,8,0,20260811,44.13277361071732,0.9884290880732579,1.0,1.0,1.0,1.0,0.0,1.0,1.0,1.0,1.0,0.0,0.910787037037037,1.0,0.9533108812056308,0.910787037037037,0.010891005171390624,0.9555555555555556,32.234258466320675,0.8200248307063205,22.9050743803317,0.7872074632399111,32.39134798494237,36.07128002187446,0.9757049815842856,675,30,39346,1920,4,0,0,6144,3170.4155999977957,2026-08-11T14:45:20.380911+00:00
c671c3e054f1a3c5,tamper,kodak,kodim24,kodim24|512x768|8,768,512,3,splice,0.25,0.249939,A,8,0,20260811,43.112608498968015,0.986267880674295,1.0,1.0,1.0,1.0,0.0,1.0,1.0,1.0,1.0,0.0,0.9479166666666666,1.0,0.9732620320855615,0.9479166666666666,0.018309056880136707,0.817283950617284,26.68484919283328,0.6158266237325133,14.504181547435223,0.5110447100999354,20.290229765467593,25.169851114927624,0.8672921879967125,1620,296,98280,18944,4,0,0,6144,3211.9141000002855,2026-08-11T14:45:23.596401+00:00
5034143a68f1dcc1,tamper,kodak,kodim24,kodim24|512x768|8,768,512,3,splice,0.25,0.249939,B,8,0,20260811,44.13277361071732,0.9884290880732579,1.0,1.0,1.0,1.0,0.0,1.0,1.0,1.0,1.0,0.0,0.9479166666666666,1.0,0.9732620320855615,0.9479166666666666,0.018309056880136707,0.817283950617284,26.66511098790402,0.6299964711177799,14.479417265742171,0.5225432923299864,20.265067698067472,25.169163023838088,0.8703737200344325,1620,296,98280,18944,0,0,0,6144,3191.9716999982484,2026-08-11T14:45:26.791020+00:00
830ed55f79125644,tamper,kodak,kodim24,kodim24|512x768|8,768,512,3,splice,0.50,0.471354,A,8,0,20260811,43.112608498968015,0.986267880674295,1.0,1.0,1.0,1.0,0.0,1.0,1.0,1.0,1.0,0.0,0.9836956521739131,1.0,0.9917808219178083,0.9836956521739131,0.014778325123152709,0.5662364130434783,25.35763183614923,0.41188967598022663,10.054576220232406,0.24932188357563662,13.224507204384535,18.60758712801736,0.6345569883949085,2944,1277,185344,81728,12,0,0,6144,3410.0801999993564,2026-08-11T14:45:30.203408+00:00
77f923984194e7b8,tamper,kodak,kodim24,kodim24|512x768|8,768,512,3,splice,0.50,0.471354,B,8,0,20260811,44.13277361071732,0.9884290880732579,1.0,1.0,1.0,1.0,0.0,1.0,1.0,1.0,1.0,0.0,0.9836956521739131,1.0,0.9917808219178083,0.9836956521739131,0.014778325123152709,0.5662364130434783,25.3954151491811,0.4206785817330856,10.03338397371696,0.25409158595364,13.2035960581984,18.611122736922272,0.6369085617766073,2944,1277,185344,81728,4,0,0,6144,3461.892599996645,2026-08-11T14:45:33.668796+00:00
04c1c7043aa57dd7,tamper,kodak,kodim24,kodim24|512x768|8,768,512,3,inpaint_removal,0.10,0.101151,A,8,0,20260811,43.112608498968015,0.986267880674295,1.0,1.0,1.0,1.0,0.0,1.0,1.0,1.0,1.0,0.0,0.9303424401197605,1.0,0.9639144027336839,0.9303424401197605,0.008425710583348895,0.9491017964071856,30.389224570935326,0.7792492715224301,21.27167380713663,0.7450800475468826,30.488903693047448,36.981980088799816,0.9710944622413823,668,34,39774,2176,8,0,0,6144,3462.316600001941,2026-08-11T14:45:37.133270+00:00
bfccd9b0e745e767,tamper,kodak,kodim24,kodim24|512x768|8,768,512,3,inpaint_removal,0.10,0.101151,B,8,0,20260811,44.13277361071732,0.9884290880732579,1.0,1.0,1.0,1.0,0.0,1.0,1.0,1.0,1.0,0.0,0.9303424401197605,1.0,0.9639144027336839,0.9303424401197605,0.008425710583348895,0.9491017964071856,29.75138524666438,0.7784345962312501,21.167777065816658,0.7441985368238279,30.39052687010177,36.65044346543794,0.9709343924409429,668,34,39774,2176,5,0,0,6144,3672.3698000023433,2026-08-11T14:45:40.808492+00:00
4c32b4aa16f4238b,tamper,kodak,kodim24,kodim24|512x768|8,768,512,3,inpaint_removal,0.25,0.250638,A,8,0,20260811,43.112608498968015,0.986267880674295,1.0,1.0,1.0,1.0,0.0,1.0,1.0,1.0,1.0,0.0,0.9499826495990129,1.0,0.9743498484915891,0.9499826495990129,0.01761006716192506,0.7958050586057989,24.78849913310072,0.589661006066762,13.538580570822113,0.47802223697479995,19.36335415694881,26.457179356124726,0.8571631224804293,1621,331,98555,21184,19,0,0,6144,3503.6355999982334,2026-08-11T14:45:44.315302+00:00
d5bb654b213e1434,tamper,kodak,kodim24,kodim24|512x768|8,768,512,3,inpaint_removal,0.25,0.250638,B,8,0,20260811,44.13277361071732,0.9884290880732579,1.0,1.0,1.0,1.0,0.0,1.0,1.0,1.0,1.0,0.0,0.9499826495990129,1.0,0.9743498484915891,0.9499826495990129,0.01761006716192506,0.7958050586057989,24.94387188270948,0.6028028269333975,13.525863751377203,0.488371238346973,19.350241084583445,26.506669605068275,0.860048898954305,1621,331,98555,21184,8,0,0,6144,3622.618000001239,2026-08-11T14:45:47.940712+00:00
c588285d432f36ab,tamper,kodak,kodim24,kodim24|512x768|8,768,512,3,inpaint_removal,0.50,0.500727,A,8,0,20260811,43.112608498968015,0.986267880674295,1.0,1.0,1.0,1.0,0.0,1.0,1.0,1.0,1.0,0.0,0.9704948738170347,1.0,0.9850265399950973,0.9704948738170347,0.03049072442212284,0.5274447949526814,26.799833334385532,0.3881949431620023,10.884833304578423,0.21866487966433196,13.733437418821206,19.52354735163355,0.5862681159013764,3170,1498,196894,95872,19,0,0,6144,4110.270700002729,2026-08-11T14:45:52.053423+00:00
9d689411d95868ad,tamper,kodak,kodim24,kodim24|512x768|8,768,512,3,inpaint_removal,0.50,0.500727,B,8,0,20260811,44.13277361071732,0.9884290880732579,1.0,1.0,1.0,1.0,0.0,1.0,1.0,1.0,1.0,0.0,0.9704948738170347,1.0,0.9850265399950973,0.9704948738170347,0.03049072442212284,0.5274447949526814,26.658191496110916,0.3910967405867927,10.856740569402586,0.21996937085550305,13.706292203976327,19.51215748996314,0.5871121976042785,3170,1498,196894,95872,13,0,0,6144,3940.9454999986337,2026-08-11T14:45:55.998569+00:00
b8798ca7b87cd060,tamper,kodak,kodim24,kodim24|512x768|8,768,512,3,crop_refill,0.10,0.099925,A,8,0,20260811,43.112608498968015,0.986267880674295,1.0,1.0,1.0,1.0,0.0,1.0,1.0,1.0,1.0,0.0,0.9474344135802469,1.0,0.9730077757416672,0.9474344135802469,0.006159514472033544,0.9614197530864198,30.265302568892288,0.8120164062345715,22.38578951669075,0.7823598981661093,32.027917918144404,36.338955356551224,0.9763869359804719,648,25,39292,1600,0,0,0,6144,3062.8231999980926,2026-08-11T14:45:59.063644+00:00
0dbfe67852b59583,tamper,kodak,kodim24,kodim24|512x768|8,768,512,3,crop_refill,0.10,0.099925,B,8,0,20260811,44.13277361071732,0.9884290880732579,1.0,1.0,1.0,1.0,0.0,1.0,1.0,1.0,1.0,0.0,0.9474344135802469,1.0,0.9730077757416672,0.9474344135802469,0.006159514472033544,0.9614197530864198,30.143696887238157,0.8246029427558246,22.342453809744384,0.7944208761020203,31.973349148551492,36.26643973630734,0.9777142530230135,648,25,39292,1600,0,0,0,6144,3201.006499999494,2026-08-11T14:46:02.268057+00:00
df284455c503798c,tamper,kodak,kodim24,kodim24|512x768|8,768,512,3,crop_refill,0.25,0.249809,A,8,0,20260811,43.112608498968015,0.986267880674295,1.0,1.0,1.0,1.0,0.0,1.0,1.0,1.0,1.0,0.0,0.9521266284119106,1.0,0.9754762980580644,0.9521266284119106,0.01674311071335347,0.8070719602977667,27.90114630500657,0.6237983261855528,14.721887902221278,0.515219920188617,20.435665279762304,25.70516558191558,0.8680841437752661,1612,311,98229,19904,0,0,0,6144,3381.692599999951,2026-08-11T14:46:05.652881+00:00
9167a095f3a869d6,tamper,kodak,kodim24,kodim24|512x768|8,768,512,3,crop_refill,0.25,0.249809,B,8,0,20260811,44.13277361071732,0.9884290880732579,1.0,1.0,1.0,1.0,0.0,1.0,1.0,1.0,1.0,0.0,0.9521266284119106,1.0,0.9754762980580644,0.9521266284119106,0.01674311071335347,0.8070719602977667,27.668988025518793,0.6288480015197015,14.686403123560105,0.5191050135068149,20.400474979023187,25.678223203597494,0.8691585925245929,1612,311,98229,19904,0,0,0,6144,3625.291799999104,2026-08-11T14:46:09.281831+00:00
998615fcc9670344,tamper,kodak,kodim24,kodim24|512x768|8,768,512,3,crop_refill,0.50,0.500488,A,8,0,20260811,43.112608498968015,0.986267880674295,1.0,1.0,1.0,1.0,0.0,1.0,1.0,1.0,1.0,0.0,0.9570494864612512,1.0,0.9780534351145038,0.9570494864612512,0.044965786901270774,0.5175848117024587,25.47232545397457,0.36099065685426457,10.616287901227166,0.20094579086492545,13.324036941441408,16.910451016362686,0.5727561288844298,3213,1550,196800,99200,0,0,0,6144,3522.2759999996924,2026-08-11T14:46:12.806215+00:00
2c61cc685522af59,tamper,kodak,kodim24,kodim24|512x768|8,768,512,3,crop_refill,0.50,0.500488,B,8,0,20260811,44.13277361071732,0.9884290880732579,1.0,1.0,1.0,1.0,0.0,1.0,1.0,1.0,1.0,0.0,0.9570494864612512,1.0,0.9780534351145038,0.9570494864612512,0.044965786901270774,0.5175848117024587,25.621446613321698,0.3696961564155393,10.593848763056968,0.20547507858246328,13.3021645526768,16.919126829837783,0.5751201818818399,3213,1550,196800,99200,0,0,0,6144,3725.7011999972747,2026-08-11T14:46:16.534232+00:00
500aee2a857d04a4,tamper,kodak,kodim24,kodim24|512x768|8,768,512,3,noise,0.10,0.099887,A,8,0,20260811,43.112608498968015,0.986267880674295,1.0,1.0,1.0,1.0,0.0,1.0,1.0,1.0,1.0,0.0,0.9529551630434783,1.0,0.9759109487781547,0.9529551630434783,0.005478345138569075,0.953416149068323,23.570645063293846,0.7546533857280723,18.081066851307867,0.7211858367654931,28.001214258351204,29.72329018458705,0.9699456513825683,644,30,39277,1920,0,0,0,6144,3458.278199999768,2026-08-11T14:46:19.996533+00:00
a05298d1d680a240,tamper,kodak,kodim24,kodim24|512x768|8,768,512,3,noise,0.10,0.099887,B,8,0,20260811,44.13277361071732,0.9884290880732579,1.0,1.0,1.0,1.0,0.0,1.0,1.0,1.0,1.0,0.0,0.9529551630434783,1.0,0.9759109487781547,0.9529551630434783,0.005478345138569075,0.953416149068323,23.86860137256791,0.7813238779475797,18.14577047602126,0.7464855908476783,28.0666340039456,29.843639729947622,0.972640431791936,644,30,39277,1920,0,0,0,6144,3409.4654000000446,2026-08-11T14:46:23.408825+00:00
4836c0ad91fc42d9,tamper,kodak,kodim24,kodim24|512x768|8,768,512,3,noise,0.25,0.250534,A,8,0,20260811,43.112608498968015,0.986267880674295,1.0,1.0,1.0,1.0,0.0,1.0,1.0,1.0,1.0,0.0,0.9501736111111111,1.0,0.9744502804237515,0.9501736111111111,0.01752957224586192,0.7858024691358024,29.85652776709334,0.6164876540731026,15.421083413265421,0.4967227711170548,21.227323769430335,21.49423316938232,0.8630574095698188,1620,347,98514,22208,0,0,0,6144,3283.9582999986305,2026-08-11T14:46:26.697089+00:00
22ad82646863c28b,tamper,kodak,kodim24,kodim24|512x768|8,768,512,3,noise,0.25,0.250534,B,8,0,20260811,44.13277361071732,0.9884290880732579,1.0,1.0,1.0,1.0,0.0,1.0,1.0,1.0,1.0,0.0,0.9501736111111111,1.0,0.9744502804237515,0.9501736111111111,0.01752957224586192,0.7858024691358024,29.40022263824638,0.62020931089699,15.380700158925746,0.4995236498224119,21.188151178118773,21.494677515839776,0.8638279371646088,1620,347,98514,22208,0,0,0,6144,3439.968199996656,2026-08-11T14:46:30.139830+00:00
589a3205323ae08f,tamper,kodak,kodim24,kodim24|512x768|8,768,512,3,noise,0.50,0.500071,A,8,0,20260811,43.112608498968015,0.986267880674295,1.0,1.0,1.0,1.0,0.0,1.0,1.0,1.0,1.0,0.0,0.9631465517241379,1.0,0.9812273575584586,0.9631465517241379,0.03827449384474514,0.520062695924765,25.47737546061368,0.3643438757516513,10.727789476733712,0.2043469808952858,13.49841842908197,15.132542637517254,0.5735453091565567,3190,1531,196636,97984,0,0,0,6144,3439.424099997268,2026-08-11T14:46:33.581850+00:00
b6e58d4a2044074f,tamper,kodak,kodim24,kodim24|512x768|8,768,512,3,noise,0.50,0.500071,B,8,0,20260811,44.13277361071732,0.9884290880732579,1.0,1.0,1.0,1.0,0.0,1.0,1.0,1.0,1.0,0.0,0.9631465517241379,1.0,0.9812273575584586,0.9631465517241379,0.03827449384474514,0.520062695924765,25.659436938522138,0.3736014433801639,10.705542651653897,0.20915142932976816,13.476268266992687,15.146771688804916,0.5761884197636825,3190,1531,196636,97984,0,0,0,6144,3427.6767000010295,2026-08-11T14:46:37.012454+00:00
3de36d4a829de763,null,usc_sipi,airplane,airplane|512x512|8,512,512,3,,,,A,8,0,20260811,43.25267280489183,0.9772525319779776,1.0,1.0,1.0,1.0,0.0,1.0,1.0,1.0,1.0,0.0,1.0,1.0,1.0,1.0,0.0,1.0,nan,nan,nan,nan,inf,inf,1.0,0,0,0,0,0,0,0,4096,1581.5064999987953,2026-08-11T14:46:38.601170+00:00
b582b96709e87167,null,usc_sipi,airplane,airplane|512x512|8,512,512,3,,,,A,8,1,20260811,43.254665042840934,0.9773262822133053,1.0,1.0,1.0,1.0,0.0,1.0,1.0,1.0,1.0,0.0,1.0,1.0,1.0,1.0,0.0,1.0,nan,nan,nan,nan,inf,inf,1.0,0,0,0,0,0,0,0,4096,2581.405500000983,2026-08-11T14:46:41.183146+00:00
a6bf74ad65bb12e7,null,usc_sipi,airplane,airplane|512x512|8,512,512,3,,,,A,8,2,20260811,43.24618685088897,0.9772679543741797,1.0,1.0,1.0,1.0,0.0,1.0,1.0,1.0,1.0,0.0,1.0,1.0,1.0,1.0,0.0,1.0,nan,nan,nan,nan,inf,inf,1.0,0,0,0,0,0,0,0,4096,2473.0411999989883,2026-08-11T14:46:43.656625+00:00
0c5ab0b1bb816abd,null,usc_sipi,airplane,airplane|512x512|8,512,512,3,,,,A,8,3,20260811,43.25168690435579,0.9772586829009374,1.0,1.0,1.0,1.0,0.0,1.0,1.0,1.0,1.0,0.0,1.0,1.0,1.0,1.0,0.0,1.0,nan,nan,nan,nan,inf,inf,1.0,0,0,0,0,0,0,0,4096,2283.6897000015597,2026-08-11T14:46:45.941094+00:00
4e73f4bbbd27cec9,null,usc_sipi,airplane,airplane|512x512|8,512,512,3,,,,A,8,4,20260811,43.24894408206624,0.9772297179020338,1.0,1.0,1.0,1.0,0.0,1.0,1.0,1.0,1.0,0.0,1.0,1.0,1.0,1.0,0.0,1.0,nan,nan,nan,nan,inf,inf,1.0,0,0,0,0,0,0,0,4096,2491.9513999993796,2026-08-11T14:46:48.433338+00:00
8f3c73d159c9df5c,null,usc_sipi,airplane,airplane|512x512|8,512,512,3,,,,B,8,0,20260811,43.95947463873177,0.9780275906657794,1.0,1.0,1.0,1.0,0.0,1.0,1.0,1.0,1.0,0.0,1.0,1.0,1.0,1.0,0.0,1.0,nan,nan,nan,nan,inf,inf,1.0,0,0,0,0,0,0,0,4096,1458.5884000007354,2026-08-11T14:46:49.892485+00:00
83f56509edc0a473,null,usc_sipi,airplane,airplane|512x512|8,512,512,3,,,,B,8,1,20260811,43.95349982445416,0.9780701571821239,1.0,1.0,1.0,1.0,0.0,1.0,1.0,1.0,1.0,0.0,1.0,1.0,1.0,1.0,0.0,1.0,nan,nan,nan,nan,inf,inf,1.0,0,0,0,0,0,0,0,4096,2564.979900002072,2026-08-11T14:46:52.457724+00:00
410150df15c74fac,null,usc_sipi,airplane,airplane|512x512|8,512,512,3,,,,B,8,2,20260811,43.95395994566677,0.9780258228124894,1.0,1.0,1.0,1.0,0.0,1.0,1.0,1.0,1.0,0.0,1.0,1.0,1.0,1.0,0.0,1.0,nan,nan,nan,nan,inf,inf,1.0,0,0,0,0,0,0,0,4096,2451.9450000007055,2026-08-11T14:46:54.909997+00:00
fc105b31ae1276df,null,usc_sipi,airplane,airplane|512x512|8,512,512,3,,,,B,8,3,20260811,43.95286037913582,0.977951584470688,1.0,1.0,1.0,1.0,0.0,1.0,1.0,1.0,1.0,0.0,1.0,1.0,1.0,1.0,0.0,1.0,nan,nan,nan,nan,inf,inf,1.0,0,0,0,0,0,0,0,4096,2334.659799998917,2026-08-11T14:46:57.245486+00:00
5840ce12dda03b6b,null,usc_sipi,airplane,airplane|512x512|8,512,512,3,,,,B,8,4,20260811,43.95400216106347,0.9780332430166583,1.0,1.0,1.0,1.0,0.0,1.0,1.0,1.0,1.0,0.0,1.0,1.0,1.0,1.0,0.0,1.0,nan,nan,nan,nan,inf,inf,1.0,0,0,0,0,0,0,0,4096,2236.0823000017263,2026-08-11T14:46:59.482720+00:00
bc42649ad50793a1,null,usc_sipi,baboon,baboon|512x512|8,512,512,3,,,,A,8,0,20260811,43.38465922237159,0.9937708140164686,1.0,1.0,1.0,1.0,0.0,1.0,1.0,1.0,1.0,0.0,1.0,1.0,1.0,1.0,0.0,1.0,nan,nan,nan,nan,inf,inf,1.0,0,0,0,0,0,0,0,4096,1437.1395000016491,2026-08-11T14:47:00.920839+00:00
73eb2e1e61beb8ac,null,usc_sipi,baboon,baboon|512x512|8,512,512,3,,,,A,8,1,20260811,43.37371252900308,0.993756988884059,1.0,1.0,1.0,1.0,0.0,1.0,1.0,1.0,1.0,0.0,1.0,1.0,1.0,1.0,0.0,1.0,nan,nan,nan,nan,inf,inf,1.0,0,0,0,0,0,0,0,4096,2229.5110000013665,2026-08-11T14:47:03.150665+00:00
b3f1f2bb7e9176c8,null,usc_sipi,baboon,baboon|512x512|8,512,512,3,,,,A,8,2,20260811,43.386149884120215,0.9937653501656937,1.0,1.0,1.0,1.0,0.0,1.0,1.0,1.0,1.0,0.0,1.0,1.0,1.0,1.0,0.0,1.0,nan,nan,nan,nan,inf,inf,1.0,0,0,0,0,0,0,0,4096,2182.5963000010233,2026-08-11T14:47:05.334169+00:00
e80c2353e29db406,null,usc_sipi,baboon,baboon|512x512|8,512,512,3,,,,A,8,3,20260811,43.39362757463906,0.9937918549999635,1.0,1.0,1.0,1.0,0.0,1.0,1.0,1.0,1.0,0.0,1.0,1.0,1.0,1.0,0.0,1.0,nan,nan,nan,nan,inf,inf,1.0,0,0,0,0,0,0,0,4096,2275.1839000011387,2026-08-11T14:47:07.609513+00:00
3f54839bff49a5be,null,usc_sipi,baboon,baboon|512x512|8,512,512,3,,,,A,8,4,20260811,43.388061642682175,0.9937804445448307,1.0,1.0,1.0,1.0,0.0,1.0,1.0,1.0,1.0,0.0,1.0,1.0,1.0,1.0,0.0,1.0,nan,nan,nan,nan,inf,inf,1.0,0,0,0,0,0,0,0,4096,2412.481499999558,2026-08-11T14:47:10.022566+00:00
5fb306a45af3a4a9,null,usc_sipi,baboon,baboon|512x512|8,512,512,3,,,,B,8,0,20260811,44.36810526636006,0.994919935588679,1.0,1.0,1.0,1.0,0.0,1.0,1.0,1.0,1.0,0.0,1.0,1.0,1.0,1.0,0.0,1.0,nan,nan,nan,nan,inf,inf,1.0,0,0,0,0,0,0,0,4096,1444.8403999995207,2026-08-11T14:47:11.468174+00:00
7a3aa820743463a2,null,usc_sipi,baboon,baboon|512x512|8,512,512,3,,,,B,8,1,20260811,44.36555186956191,0.9949078231875323,1.0,1.0,1.0,1.0,0.0,1.0,1.0,1.0,1.0,0.0,1.0,1.0,1.0,1.0,0.0,1.0,nan,nan,nan,nan,inf,inf,1.0,0,0,0,0,0,0,0,4096,2282.9038000018045,2026-08-11T14:47:13.751235+00:00
513b3dc3c745e5f4,null,usc_sipi,baboon,baboon|512x512|8,512,512,3,,,,B,8,2,20260811,44.35395514621896,0.994913809079854,1.0,1.0,1.0,1.0,0.0,1.0,1.0,1.0,1.0,0.0,1.0,1.0,1.0,1.0,0.0,1.0,nan,nan,nan,nan,inf,inf,1.0,0,0,0,0,0,0,0,4096,2398.419400000421,2026-08-11T14:47:16.150508+00:00
31e5602f45f05720,null,usc_sipi,baboon,baboon|512x512|8,512,512,3,,,,B,8,3,20260811,44.369036469072476,0.9949117166910332,1.0,1.0,1.0,1.0,0.0,1.0,1.0,1.0,1.0,0.0,1.0,1.0,1.0,1.0,0.0,1.0,nan,nan,nan,nan,inf,inf,1.0,0,0,0,0,0,0,0,4096,2234.102800000983,2026-08-11T14:47:18.384607+00:00
2dd1999934eed1b1,null,usc_sipi,baboon,baboon|512x512|8,512,512,3,,,,B,8,4,20260811,44.36216049503671,0.9949078441671951,1.0,1.0,1.0,1.0,0.0,1.0,1.0,1.0,1.0,0.0,1.0,1.0,1.0,1.0,0.0,1.0,nan,nan,nan,nan,inf,inf,1.0,0,0,0,0,0,0,0,4096,2305.44579999696,2026-08-11T14:47:20.690997+00:00
198f0d1502dcf717,null,usc_sipi,house,house|512x512|8,512,512,3,,,,A,8,0,20260811,43.29305116505886,0.9839689239291279,1.0,1.0,1.0,1.0,0.0,1.0,1.0,1.0,1.0,0.0,1.0,1.0,1.0,1.0,0.0,1.0,nan,nan,nan,nan,inf,inf,1.0,0,0,0,0,0,0,0,4096,1499.8444999982894,2026-08-11T14:47:22.191184+00:00
a648100df9d3994d,null,usc_sipi,house,house|512x512|8,512,512,3,,,,A,8,1,20260811,43.286830495812076,0.9839245943757186,1.0,1.0,1.0,1.0,0.0,1.0,1.0,1.0,1.0,0.0,1.0,1.0,1.0,1.0,0.0,1.0,nan,nan,nan,nan,inf,inf,1.0,0,0,0,0,0,0,0,4096,2500.2308000002813,2026-08-11T14:47:24.692167+00:00
7ee7f3248a1c7b75,null,usc_sipi,house,house|512x512|8,512,512,3,,,,A,8,2,20260811,43.292521862155404,0.9839625417586095,1.0,1.0,1.0,1.0,0.0,1.0,1.0,1.0,1.0,0.0,1.0,1.0,1.0,1.0,0.0,1.0,nan,nan,nan,nan,inf,inf,1.0,0,0,0,0,0,0,0,4096,2512.157799999841,2026-08-11T14:47:27.204759+00:00
3f89364c047409e9,null,usc_sipi,house,house|512x512|8,512,512,3,,,,A,8,3,20260811,43.304003348017524,0.9840047393468763,1.0,1.0,1.0,1.0,0.0,1.0,1.0,1.0,1.0,0.0,1.0,1.0,1.0,1.0,0.0,1.0,nan,nan,nan,nan,inf,inf,1.0,0,0,0,0,0,0,0,4096,2538.539799999853,2026-08-11T14:47:29.744048+00:00
64a1e5d45c8972c6,null,usc_sipi,house,house|512x512|8,512,512,3,,,,A,8,4,20260811,43.29133116643307,0.9839499502323551,1.0,1.0,1.0,1.0,0.0,1.0,1.0,1.0,1.0,0.0,1.0,1.0,1.0,1.0,0.0,1.0,nan,nan,nan,nan,inf,inf,1.0,0,0,0,0,0,0,0,4096,2459.1394000017317,2026-08-11T14:47:32.203645+00:00
5019a85b1c7786f0,null,usc_sipi,house,house|512x512|8,512,512,3,,,,B,8,0,20260811,44.20397054933116,0.9858956814063728,1.0,1.0,1.0,1.0,0.0,1.0,1.0,1.0,1.0,0.0,1.0,1.0,1.0,1.0,0.0,1.0,nan,nan,nan,nan,inf,inf,1.0,0,0,0,0,0,0,0,4096,1403.9380999965942,2026-08-11T14:47:33.608448+00:00
e510a92267678a27,null,usc_sipi,house,house|512x512|8,512,512,3,,,,B,8,1,20260811,44.21002046019996,0.9858992849125962,1.0,1.0,1.0,1.0,0.0,1.0,1.0,1.0,1.0,0.0,1.0,1.0,1.0,1.0,0.0,1.0,nan,nan,nan,nan,inf,inf,1.0,0,0,0,0,0,0,0,4096,2371.7273000002024,2026-08-11T14:47:35.980518+00:00
b0c25ccee5bf262a,null,usc_sipi,house,house|512x512|8,512,512,3,,,,B,8,2,20260811,44.208041677330854,0.9858606542866709,1.0,1.0,1.0,1.0,0.0,1.0,1.0,1.0,1.0,0.0,1.0,1.0,1.0,1.0,0.0,1.0,nan,nan,nan,nan,inf,inf,1.0,0,0,0,0,0,0,0,4096,2653.148000001238,2026-08-11T14:47:38.634079+00:00
ad059dd865e229a2,null,usc_sipi,house,house|512x512|8,512,512,3,,,,B,8,3,20260811,44.21093628820231,0.9858924776677597,1.0,1.0,1.0,1.0,0.0,1.0,1.0,1.0,1.0,0.0,1.0,1.0,1.0,1.0,0.0,1.0,nan,nan,nan,nan,inf,inf,1.0,0,0,0,0,0,0,0,4096,2629.4065000001865,2026-08-11T14:47:41.264034+00:00
d34f0e87e3ec9c27,null,usc_sipi,house,house|512x512|8,512,512,3,,,,B,8,4,20260811,44.211357320394455,0.9859044291857497,1.0,1.0,1.0,1.0,0.0,1.0,1.0,1.0,1.0,0.0,1.0,1.0,1.0,1.0,0.0,1.0,nan,nan,nan,nan,inf,inf,1.0,0,0,0,0,0,0,0,4096,2328.824000000168,2026-08-11T14:47:43.593111+00:00
e5bf131f63c47174,null,usc_sipi,lena,lena|512x512|8,512,512,3,,,,A,8,0,20260811,43.224882363242784,0.9814350808198528,1.0,1.0,1.0,1.0,0.0,1.0,1.0,1.0,1.0,0.0,1.0,1.0,1.0,1.0,0.0,1.0,nan,nan,nan,nan,inf,inf,1.0,0,0,0,0,0,0,0,4096,1373.8072999985889,2026-08-11T14:47:44.967118+00:00
13f42314168fda3c,null,usc_sipi,lena,lena|512x512|8,512,512,3,,,,A,8,1,20260811,43.23083080249543,0.9815000876885839,1.0,1.0,1.0,1.0,0.0,1.0,1.0,1.0,1.0,0.0,1.0,1.0,1.0,1.0,0.0,1.0,nan,nan,nan,nan,inf,inf,1.0,0,0,0,0,0,0,0,4096,2453.7502999992284,2026-08-11T14:47:47.421628+00:00
5684341fca58efd0,null,usc_sipi,lena,lena|512x512|8,512,512,3,,,,A,8,2,20260811,43.22412220746497,0.9814311701645565,1.0,1.0,1.0,1.0,0.0,1.0,1.0,1.0,1.0,0.0,1.0,1.0,1.0,1.0,0.0,1.0,nan,nan,nan,nan,inf,inf,1.0,0,0,0,0,0,0,0,4096,2215.483800002403,2026-08-11T14:47:49.637717+00:00
b73176add5f7cad9,null,usc_sipi,lena,lena|512x512|8,512,512,3,,,,A,8,3,20260811,43.220257464152695,0.9814357984324064,1.0,1.0,1.0,1.0,0.0,1.0,1.0,1.0,1.0,0.0,1.0,1.0,1.0,1.0,0.0,1.0,nan,nan,nan,nan,inf,inf,1.0,0,0,0,0,0,0,0,4096,2338.1163999983983,2026-08-11T14:47:51.975807+00:00
eca4106833480628,null,usc_sipi,lena,lena|512x512|8,512,512,3,,,,A,8,4,20260811,43.225639082353496,0.9814187185278144,1.0,1.0,1.0,1.0,0.0,1.0,1.0,1.0,1.0,0.0,1.0,1.0,1.0,1.0,0.0,1.0,nan,nan,nan,nan,inf,inf,1.0,0,0,0,0,0,0,0,4096,2518.023299999186,2026-08-11T14:47:54.494765+00:00
cedb4f306d831195,null,usc_sipi,lena,lena|512x512|8,512,512,3,,,,B,8,0,20260811,44.30987964368085,0.9838727289606478,1.0,1.0,1.0,1.0,0.0,1.0,1.0,1.0,1.0,0.0,1.0,1.0,1.0,1.0,0.0,1.0,nan,nan,nan,nan,inf,inf,1.0,0,0,0,0,0,0,0,4096,1536.4522999989276,2026-08-11T14:47:56.032285+00:00
9b52f25c8f980867,null,usc_sipi,lena,lena|512x512|8,512,512,3,,,,B,8,1,20260811,44.30328190992408,0.9838676876159802,1.0,1.0,1.0,1.0,0.0,1.0,1.0,1.0,1.0,0.0,1.0,1.0,1.0,1.0,0.0,1.0,nan,nan,nan,nan,inf,inf,1.0,0,0,0,0,0,0,0,4096,2245.7333999991533,2026-08-11T14:47:58.278417+00:00
82a4fd9ee8707f97,null,usc_sipi,lena,lena|512x512|8,512,512,3,,,,B,8,2,20260811,44.30145454042234,0.9838183475604966,1.0,1.0,1.0,1.0,0.0,1.0,1.0,1.0,1.0,0.0,1.0,1.0,1.0,1.0,0.0,1.0,nan,nan,nan,nan,inf,inf,1.0,0,0,0,0,0,0,0,4096,2529.129300000932,2026-08-11T14:48:00.807838+00:00
aac34e2300d4ebec,null,usc_sipi,lena,lena|512x512|8,512,512,3,,,,B,8,3,20260811,44.3057440135938,0.9838402924978964,1.0,1.0,1.0,1.0,0.0,1.0,1.0,1.0,1.0,0.0,1.0,1.0,1.0,1.0,0.0,1.0,nan,nan,nan,nan,inf,inf,1.0,0,0,0,0,0,0,0,4096,2210.7687999996415,2026-08-11T14:48:03.019117+00:00
d11789d89bd7279e,null,usc_sipi,lena,lena|512x512|8,512,512,3,,,,B,8,4,20260811,44.31015915831107,0.9838404537009889,1.0,1.0,1.0,1.0,0.0,1.0,1.0,1.0,1.0,0.0,1.0,1.0,1.0,1.0,0.0,1.0,nan,nan,nan,nan,inf,inf,1.0,0,0,0,0,0,0,0,4096,2299.5960999978706,2026-08-11T14:48:05.319411+00:00
5f6d7f289cf142b5,null,usc_sipi,pepper,pepper|512x512|8,512,512,3,,,,A,8,0,20260811,43.28192763066813,0.9810698582574516,1.0,1.0,1.0,1.0,0.0,1.0,1.0,1.0,1.0,0.0,1.0,1.0,1.0,1.0,0.0,1.0,nan,nan,nan,nan,inf,inf,1.0,0,0,0,0,0,0,0,4096,1592.0868000030168,2026-08-11T14:48:06.912476+00:00
087ad658eccd0428,null,usc_sipi,pepper,pepper|512x512|8,512,512,3,,,,A,8,1,20260811,43.27054395710956,0.9810791892582554,1.0,1.0,1.0,1.0,0.0,1.0,1.0,1.0,1.0,0.0,1.0,1.0,1.0,1.0,0.0,1.0,nan,nan,nan,nan,inf,inf,1.0,0,0,0,0,0,0,0,4096,2618.9801000000443,2026-08-11T14:48:09.531809+00:00
cab238d23d65034b,null,usc_sipi,pepper,pepper|512x512|8,512,512,3,,,,A,8,2,20260811,43.27542495326821,0.9810938050231117,1.0,1.0,1.0,1.0,0.0,1.0,1.0,1.0,1.0,0.0,1.0,1.0,1.0,1.0,0.0,1.0,nan,nan,nan,nan,inf,inf,1.0,0,0,0,0,0,0,0,4096,2569.291100000555,2026-08-11T14:48:12.101642+00:00
05a32346a85e603c,null,usc_sipi,pepper,pepper|512x512|8,512,512,3,,,,A,8,3,20260811,43.27138443270837,0.9809501390676426,1.0,1.0,1.0,1.0,0.0,1.0,1.0,1.0,1.0,0.0,1.0,1.0,1.0,1.0,0.0,1.0,nan,nan,nan,nan,inf,inf,1.0,0,0,0,0,0,0,0,4096,2301.7030999981216,2026-08-11T14:48:14.403427+00:00
9918f7fdab3dcd82,null,usc_sipi,pepper,pepper|512x512|8,512,512,3,,,,A,8,4,20260811,43.26644851578328,0.9809365700232187,1.0,1.0,1.0,1.0,0.0,1.0,1.0,1.0,1.0,0.0,1.0,1.0,1.0,1.0,0.0,1.0,nan,nan,nan,nan,inf,inf,1.0,0,0,0,0,0,0,0,4096,2196.10079999984,2026-08-11T14:48:16.600395+00:00
cc8532dcea544f7b,null,usc_sipi,pepper,pepper|512x512|8,512,512,3,,,,B,8,0,20260811,44.08801249821959,0.9816589944184096,1.0,1.0,1.0,1.0,0.0,1.0,1.0,1.0,1.0,0.0,1.0,1.0,1.0,1.0,0.0,1.0,nan,nan,nan,nan,inf,inf,1.0,0,0,0,0,0,0,0,4096,1406.5658999970765,2026-08-11T14:48:18.007518+00:00
854561b47ded1436,null,usc_sipi,pepper,pepper|512x512|8,512,512,3,,,,B,8,1,20260811,44.0821148532433,0.9817554003335043,1.0,1.0,1.0,1.0,0.0,1.0,1.0,1.0,1.0,0.0,1.0,1.0,1.0,1.0,0.0,1.0,nan,nan,nan,nan,inf,inf,1.0,0,0,0,0,0,0,0,4096,2162.2787000014796,2026-08-11T14:48:20.169834+00:00
3c5c217d1e4e8193,null,usc_sipi,pepper,pepper|512x512|8,512,512,3,,,,B,8,2,20260811,44.08298235533206,0.9815683359444533,1.0,1.0,1.0,1.0,0.0,1.0,1.0,1.0,1.0,0.0,1.0,1.0,1.0,1.0,0.0,1.0,nan,nan,nan,nan,inf,inf,1.0,0,0,0,0,0,0,0,4096,2227.476000000024,2026-08-11T14:48:22.397815+00:00
bb2b14e240e65e17,null,usc_sipi,pepper,pepper|512x512|8,512,512,3,,,,B,8,3,20260811,44.08944079769267,0.9817786300517501,1.0,1.0,1.0,1.0,0.0,1.0,1.0,1.0,1.0,0.0,1.0,1.0,1.0,1.0,0.0,1.0,nan,nan,nan,nan,inf,inf,1.0,0,0,0,0,0,0,0,4096,2427.8117999965616,2026-08-11T14:48:24.826039+00:00
4e3c490adb694c74,null,usc_sipi,pepper,pepper|512x512|8,512,512,3,,,,B,8,4,20260811,44.088815858872806,0.981800827090168,1.0,1.0,1.0,1.0,0.0,1.0,1.0,1.0,1.0,0.0,1.0,1.0,1.0,1.0,0.0,1.0,nan,nan,nan,nan,inf,inf,1.0,0,0,0,0,0,0,0,4096,2661.1469999988913,2026-08-11T14:48:27.488221+00:00
33eb441d056e7ce7,null,usc_sipi,sailboat,sailboat|512x512|8,512,512,3,,,,A,8,0,20260811,43.31279376508352,0.9859995633806354,1.0,1.0,1.0,1.0,0.0,1.0,1.0,1.0,1.0,0.0,1.0,1.0,1.0,1.0,0.0,1.0,nan,nan,nan,nan,inf,inf,1.0,0,0,0,0,0,0,0,4096,1771.6945000029227,2026-08-11T14:48:29.260209+00:00
6be984c29641edcf,null,usc_sipi,sailboat,sailboat|512x512|8,512,512,3,,,,A,8,1,20260811,43.30088041385052,0.9859996778341283,1.0,1.0,1.0,1.0,0.0,1.0,1.0,1.0,1.0,0.0,1.0,1.0,1.0,1.0,0.0,1.0,nan,nan,nan,nan,inf,inf,1.0,0,0,0,0,0,0,0,4096,2629.8528000006627,2026-08-11T14:48:31.890751+00:00
2454966e072a22e0,null,usc_sipi,sailboat,sailboat|512x512|8,512,512,3,,,,A,8,2,20260811,43.30366351331649,0.9859892007373326,1.0,1.0,1.0,1.0,0.0,1.0,1.0,1.0,1.0,0.0,1.0,1.0,1.0,1.0,0.0,1.0,nan,nan,nan,nan,inf,inf,1.0,0,0,0,0,0,0,0,4096,2411.2607999995816,2026-08-11T14:48:34.302516+00:00
7d7db249f792ed40,null,usc_sipi,sailboat,sailboat|512x512|8,512,512,3,,,,A,8,3,20260811,43.30860918507672,0.9860286922927362,1.0,1.0,1.0,1.0,0.0,1.0,1.0,1.0,1.0,0.0,1.0,1.0,1.0,1.0,0.0,1.0,nan,nan,nan,nan,inf,inf,1.0,0,0,0,0,0,0,0,4096,2293.6628999996174,2026-08-11T14:48:36.596790+00:00
2db8a5857eab1b07,null,usc_sipi,sailboat,sailboat|512x512|8,512,512,3,,,,A,8,4,20260811,43.30084046065704,0.9859760227814345,1.0,1.0,1.0,1.0,0.0,1.0,1.0,1.0,1.0,0.0,1.0,1.0,1.0,1.0,0.0,1.0,nan,nan,nan,nan,inf,inf,1.0,0,0,0,0,0,0,0,4096,3194.480400001339,2026-08-11T14:48:39.791918+00:00
fc6bc57700d68dae,null,usc_sipi,sailboat,sailboat|512x512|8,512,512,3,,,,B,8,0,20260811,44.165619176034284,0.9876954604702975,1.0,1.0,1.0,1.0,0.0,1.0,1.0,1.0,1.0,0.0,1.0,1.0,1.0,1.0,0.0,1.0,nan,nan,nan,nan,inf,inf,1.0,0,0,0,0,0,0,0,4096,1454.0740000011283,2026-08-11T14:48:41.246743+00:00
302c50809d55d088,null,usc_sipi,sailboat,sailboat|512x512|8,512,512,3,,,,B,8,1,20260811,44.164967668494654,0.9876915909497582,1.0,1.0,1.0,1.0,0.0,1.0,1.0,1.0,1.0,0.0,1.0,1.0,1.0,1.0,0.0,1.0,nan,nan,nan,nan,inf,inf,1.0,0,0,0,0,0,0,0,4096,2371.3836000024457,2026-08-11T14:48:43.618224+00:00
ae8cf2dff73615d9,null,usc_sipi,sailboat,sailboat|512x512|8,512,512,3,,,,B,8,2,20260811,44.16808204829945,0.9876997019291959,1.0,1.0,1.0,1.0,0.0,1.0,1.0,1.0,1.0,0.0,1.0,1.0,1.0,1.0,0.0,1.0,nan,nan,nan,nan,inf,inf,1.0,0,0,0,0,0,0,0,4096,2414.3085999967298,2026-08-11T14:48:46.033146+00:00
9927d622b25f6ac7,null,usc_sipi,sailboat,sailboat|512x512|8,512,512,3,,,,B,8,3,20260811,44.16585409728407,0.9876968620982777,1.0,1.0,1.0,1.0,0.0,1.0,1.0,1.0,1.0,0.0,1.0,1.0,1.0,1.0,0.0,1.0,nan,nan,nan,nan,inf,inf,1.0,0,0,0,0,0,0,0,4096,2289.5074999978533,2026-08-11T14:48:48.323419+00:00
a9bccd70571fd236,null,usc_sipi,sailboat,sailboat|512x512|8,512,512,3,,,,B,8,4,20260811,44.1592213518284,0.9876683406470456,1.0,1.0,1.0,1.0,0.0,1.0,1.0,1.0,1.0,0.0,1.0,1.0,1.0,1.0,0.0,1.0,nan,nan,nan,nan,inf,inf,1.0,0,0,0,0,0,0,0,4096,2137.0609999976296,2026-08-11T14:48:50.460942+00:00
4c43492587042df2,null,usc_sipi,splash,splash|512x512|8,512,512,3,,,,A,8,0,20260811,43.22135572156749,0.9718304660197988,1.0,1.0,1.0,1.0,0.0,1.0,1.0,1.0,1.0,0.0,1.0,1.0,1.0,1.0,0.0,1.0,nan,nan,nan,nan,inf,inf,1.0,0,0,0,0,0,0,0,4096,1422.5925000027928,2026-08-11T14:48:51.884001+00:00
b5189823a53ef05d,null,usc_sipi,splash,splash|512x512|8,512,512,3,,,,A,8,1,20260811,43.22522144276684,0.971914301668733,1.0,1.0,1.0,1.0,0.0,1.0,1.0,1.0,1.0,0.0,1.0,1.0,1.0,1.0,0.0,1.0,nan,nan,nan,nan,inf,inf,1.0,0,0,0,0,0,0,0,4096,2412.4617999987095,2026-08-11T14:48:54.297066+00:00
727b355f6283c274,null,usc_sipi,splash,splash|512x512|8,512,512,3,,,,A,8,2,20260811,43.221535819498904,0.9718647244882207,1.0,1.0,1.0,1.0,0.0,1.0,1.0,1.0,1.0,0.0,1.0,1.0,1.0,1.0,0.0,1.0,nan,nan,nan,nan,inf,inf,1.0,0,0,0,0,0,0,0,4096,2412.1740000009595,2026-08-11T14:48:56.709680+00:00
d0e19af2a7624ceb,null,usc_sipi,splash,splash|512x512|8,512,512,3,,,,A,8,3,20260811,43.225239289790956,0.971951905214171,1.0,1.0,1.0,1.0,0.0,1.0,1.0,1.0,1.0,0.0,1.0,1.0,1.0,1.0,0.0,1.0,nan,nan,nan,nan,inf,inf,1.0,0,0,0,0,0,0,0,4096,2437.828400001308,2026-08-11T14:48:59.148789+00:00
3fd9ff0fe783cf0d,null,usc_sipi,splash,splash|512x512|8,512,512,3,,,,A,8,4,20260811,43.220990199222946,0.9717335576166558,1.0,1.0,1.0,1.0,0.0,1.0,1.0,1.0,1.0,0.0,1.0,1.0,1.0,1.0,0.0,1.0,nan,nan,nan,nan,inf,inf,1.0,0,0,0,0,0,0,0,4096,2483.914899999945,2026-08-11T14:49:01.633281+00:00
d8bf0c3bd6d7ec5f,null,usc_sipi,splash,splash|512x512|8,512,512,3,,,,B,8,0,20260811,43.91920640487299,0.9706369878509996,1.0,1.0,1.0,1.0,0.0,1.0,1.0,1.0,1.0,0.0,1.0,1.0,1.0,1.0,0.0,1.0,nan,nan,nan,nan,inf,inf,1.0,0,0,0,0,0,0,0,4096,1451.653800002532,2026-08-11T14:49:03.085213+00:00
bad2e809030540c3,null,usc_sipi,splash,splash|512x512|8,512,512,3,,,,B,8,1,20260811,43.91340170721947,0.9707215094744215,1.0,1.0,1.0,1.0,0.0,1.0,1.0,1.0,1.0,0.0,1.0,1.0,1.0,1.0,0.0,1.0,nan,nan,nan,nan,inf,inf,1.0,0,0,0,0,0,0,0,4096,2361.599700001534,2026-08-11T14:49:05.446934+00:00
200abf02137d1d7d,null,usc_sipi,splash,splash|512x512|8,512,512,3,,,,B,8,2,20260811,43.911371685570856,0.970663424566169,1.0,1.0,1.0,1.0,0.0,1.0,1.0,1.0,1.0,0.0,1.0,1.0,1.0,1.0,0.0,1.0,nan,nan,nan,nan,inf,inf,1.0,0,0,0,0,0,0,0,4096,2332.3822999991535,2026-08-11T14:49:07.779778+00:00
a77dfb487cbf2c62,null,usc_sipi,splash,splash|512x512|8,512,512,3,,,,B,8,3,20260811,43.91624031059308,0.9706531959713361,1.0,1.0,1.0,1.0,0.0,1.0,1.0,1.0,1.0,0.0,1.0,1.0,1.0,1.0,0.0,1.0,nan,nan,nan,nan,inf,inf,1.0,0,0,0,0,0,0,0,4096,2260.2679999981774,2026-08-11T14:49:10.040916+00:00
a78302ceed0e98f3,null,usc_sipi,splash,splash|512x512|8,512,512,3,,,,B,8,4,20260811,43.916627441539816,0.9706940303858191,1.0,1.0,1.0,1.0,0.0,1.0,1.0,1.0,1.0,0.0,1.0,1.0,1.0,1.0,0.0,1.0,nan,nan,nan,nan,inf,inf,1.0,0,0,0,0,0,0,0,4096,2372.1407000011823,2026-08-11T14:49:12.413941+00:00
8227c15ee95bd579,null,usc_sipi,tiffany,tiffany|512x512|8,512,512,3,,,,A,8,0,20260811,42.532190974532426,0.9804556319641202,1.0,1.0,1.0,1.0,0.0,1.0,1.0,1.0,1.0,0.0,1.0,1.0,1.0,1.0,0.0,1.0,nan,nan,nan,nan,inf,inf,1.0,0,0,0,0,0,0,0,4096,1596.862999998848,2026-08-11T14:49:14.010874+00:00
670b23102ea5718c,null,usc_sipi,tiffany,tiffany|512x512|8,512,512,3,,,,A,8,1,20260811,42.528164003664,0.9804615028979523,1.0,1.0,1.0,1.0,0.0,1.0,1.0,1.0,1.0,0.0,1.0,1.0,1.0,1.0,0.0,1.0,nan,nan,nan,nan,inf,inf,1.0,0,0,0,0,0,0,0,4096,2319.1618000018934,2026-08-11T14:49:16.330608+00:00
08abca59de8b8643,null,usc_sipi,tiffany,tiffany|512x512|8,512,512,3,,,,A,8,2,20260811,42.53749804165256,0.980458135523234,1.0,1.0,1.0,1.0,0.0,1.0,1.0,1.0,1.0,0.0,1.0,1.0,1.0,1.0,0.0,1.0,nan,nan,nan,nan,inf,inf,1.0,0,0,0,0,0,0,0,4096,2573.49289999911,2026-08-11T14:49:18.904639+00:00
0e6334cbc43a49e3,null,usc_sipi,tiffany,tiffany|512x512|8,512,512,3,,,,A,8,3,20260811,42.535117737055934,0.9804166692233588,1.0,1.0,1.0,1.0,0.0,1.0,1.0,1.0,1.0,0.0,1.0,1.0,1.0,1.0,0.0,1.0,nan,nan,nan,nan,inf,inf,1.0,0,0,0,0,0,0,0,4096,2227.417099999002,2026-08-11T14:49:21.132777+00:00
9160e947cd2ad0a6,null,usc_sipi,tiffany,tiffany|512x512|8,512,512,3,,,,A,8,4,20260811,42.53645621230473,0.9804339201271736,1.0,1.0,1.0,1.0,0.0,1.0,1.0,1.0,1.0,0.0,1.0,1.0,1.0,1.0,0.0,1.0,nan,nan,nan,nan,inf,inf,1.0,0,0,0,0,0,0,0,4096,2514.4736000002013,2026-08-11T14:49:23.648076+00:00
6214e1741afcb5db,null,usc_sipi,tiffany,tiffany|512x512|8,512,512,3,,,,B,8,0,20260811,44.34644909631791,0.9832640731480323,1.0,1.0,1.0,1.0,0.0,1.0,1.0,1.0,1.0,0.0,1.0,1.0,1.0,1.0,0.0,1.0,nan,nan,nan,nan,inf,inf,1.0,0,0,0,0,0,0,0,4096,1571.6087000000698,2026-08-11T14:49:25.220674+00:00
b719600a55f658ab,null,usc_sipi,tiffany,tiffany|512x512|8,512,512,3,,,,B,8,1,20260811,44.33855008605257,0.9832310586564844,1.0,1.0,1.0,1.0,0.0,1.0,1.0,1.0,1.0,0.0,1.0,1.0,1.0,1.0,0.0,1.0,nan,nan,nan,nan,inf,inf,1.0,0,0,0,0,0,0,0,4096,2384.134300002188,2026-08-11T14:49:27.605143+00:00
b0376f3d5e0b59fd,null,usc_sipi,tiffany,tiffany|512x512|8,512,512,3,,,,B,8,2,20260811,44.33887527303669,0.983259089130497,1.0,1.0,1.0,1.0,0.0,1.0,1.0,1.0,1.0,0.0,1.0,1.0,1.0,1.0,0.0,1.0,nan,nan,nan,nan,inf,inf,1.0,0,0,0,0,0,0,0,4096,2461.6079999977956,2026-08-11T14:49:30.067281+00:00
150ef14194894a67,null,usc_sipi,tiffany,tiffany|512x512|8,512,512,3,,,,B,8,3,20260811,44.32998867504317,0.9832102304885315,1.0,1.0,1.0,1.0,0.0,1.0,1.0,1.0,1.0,0.0,1.0,1.0,1.0,1.0,0.0,1.0,nan,nan,nan,nan,inf,inf,1.0,0,0,0,0,0,0,0,4096,2199.1839000002074,2026-08-11T14:49:32.267152+00:00
8572d9f2e4293ad9,null,usc_sipi,tiffany,tiffany|512x512|8,512,512,3,,,,B,8,4,20260811,44.335377907695715,0.9832232868383007,1.0,1.0,1.0,1.0,0.0,1.0,1.0,1.0,1.0,0.0,1.0,1.0,1.0,1.0,0.0,1.0,nan,nan,nan,nan,inf,inf,1.0,0,0,0,0,0,0,0,4096,2164.948800000275,2026-08-11T14:49:34.432536+00:00
d306e4a62b88a24a,null,kodak,kodim01,kodim01|512x768|8,768,512,3,,,,A,8,0,20260811,43.321851400078586,0.991041960406196,1.0,1.0,1.0,1.0,0.0,1.0,1.0,1.0,1.0,0.0,1.0,1.0,1.0,1.0,0.0,1.0,nan,nan,nan,nan,inf,inf,1.0,0,0,0,0,0,0,0,6144,2212.522199999512,2026-08-11T14:49:36.646335+00:00
6346bc6918b3f672,null,kodak,kodim01,kodim01|512x768|8,768,512,3,,,,A,8,1,20260811,43.326892135440325,0.9910662221523966,1.0,1.0,1.0,1.0,0.0,1.0,1.0,1.0,1.0,0.0,1.0,1.0,1.0,1.0,0.0,1.0,nan,nan,nan,nan,inf,inf,1.0,0,0,0,0,0,0,0,6144,3557.013100002223,2026-08-11T14:49:40.203616+00:00
2b8bdb8791238fcc,null,kodak,kodim01,kodim01|512x768|8,768,512,3,,,,A,8,2,20260811,43.32050729963018,0.9909924714528474,1.0,1.0,1.0,1.0,0.0,1.0,1.0,1.0,1.0,0.0,1.0,1.0,1.0,1.0,0.0,1.0,nan,nan,nan,nan,inf,inf,1.0,0,0,0,0,0,0,0,6144,3581.51480000015,2026-08-11T14:49:43.785973+00:00
02ea24117b62eae8,null,kodak,kodim01,kodim01|512x768|8,768,512,3,,,,A,8,3,20260811,43.32318739803249,0.9910119854938267,1.0,1.0,1.0,1.0,0.0,1.0,1.0,1.0,1.0,0.0,1.0,1.0,1.0,1.0,0.0,1.0,nan,nan,nan,nan,inf,inf,1.0,0,0,0,0,0,0,0,6144,3492.821299998468,2026-08-11T14:49:47.279705+00:00
11a41b2d1b962e7e,null,kodak,kodim01,kodim01|512x768|8,768,512,3,,,,A,8,4,20260811,43.315249236088675,0.9910016116612113,1.0,1.0,1.0,1.0,0.0,1.0,1.0,1.0,1.0,0.0,1.0,1.0,1.0,1.0,0.0,1.0,nan,nan,nan,nan,inf,inf,1.0,0,0,0,0,0,0,0,6144,3454.429400000663,2026-08-11T14:49:50.736622+00:00
e32b260da69f8b98,null,kodak,kodim01,kodim01|512x768|8,768,512,3,,,,B,8,0,20260811,44.458633247994975,0.9927848179927817,1.0,1.0,1.0,1.0,0.0,1.0,1.0,1.0,1.0,0.0,1.0,1.0,1.0,1.0,0.0,1.0,nan,nan,nan,nan,inf,inf,1.0,0,0,0,0,0,0,0,6144,2225.9264000022085,2026-08-11T14:49:52.963056+00:00
f8dc730adad4e193,null,kodak,kodim01,kodim01|512x768|8,768,512,3,,,,B,8,1,20260811,44.453946214975275,0.9927830637800303,1.0,1.0,1.0,1.0,0.0,1.0,1.0,1.0,1.0,0.0,1.0,1.0,1.0,1.0,0.0,1.0,nan,nan,nan,nan,inf,inf,1.0,0,0,0,0,0,0,0,6144,3664.6827999975358,2026-08-11T14:49:56.628809+00:00
a5d227263c9667c2,null,kodak,kodim01,kodim01|512x768|8,768,512,3,,,,B,8,2,20260811,44.45060976754721,0.9927807651952945,1.0,1.0,1.0,1.0,0.0,1.0,1.0,1.0,1.0,0.0,1.0,1.0,1.0,1.0,0.0,1.0,nan,nan,nan,nan,inf,inf,1.0,0,0,0,0,0,0,0,6144,3548.622599999362,2026-08-11T14:50:00.178676+00:00
1fe3e5ef9a0b8691,null,kodak,kodim01,kodim01|512x768|8,768,512,3,,,,B,8,3,20260811,44.459706590380804,0.9928067034522008,1.0,1.0,1.0,1.0,0.0,1.0,1.0,1.0,1.0,0.0,1.0,1.0,1.0,1.0,0.0,1.0,nan,nan,nan,nan,inf,inf,1.0,0,0,0,0,0,0,0,6144,3909.2089000005217,2026-08-11T14:50:04.088471+00:00
6aca51896167a9d0,null,kodak,kodim01,kodim01|512x768|8,768,512,3,,,,B,8,4,20260811,44.44825969509894,0.9927887381422172,1.0,1.0,1.0,1.0,0.0,1.0,1.0,1.0,1.0,0.0,1.0,1.0,1.0,1.0,0.0,1.0,nan,nan,nan,nan,inf,inf,1.0,0,0,0,0,0,0,0,6144,3384.1356999982963,2026-08-11T14:50:07.473368+00:00
40fb131dd984c81f,null,kodak,kodim02,kodim02|512x768|8,768,512,3,,,,A,8,0,20260811,43.225144701398875,0.9781597097431857,1.0,1.0,1.0,1.0,0.0,1.0,1.0,1.0,1.0,0.0,1.0,1.0,1.0,1.0,0.0,1.0,nan,nan,nan,nan,inf,inf,1.0,0,0,0,0,0,0,0,6144,2056.569299998955,2026-08-11T14:50:09.530869+00:00
7f416a9044107ef4,null,kodak,kodim02,kodim02|512x768|8,768,512,3,,,,A,8,1,20260811,43.22123209430725,0.9781333267877619,1.0,1.0,1.0,1.0,0.0,1.0,1.0,1.0,1.0,0.0,1.0,1.0,1.0,1.0,0.0,1.0,nan,nan,nan,nan,inf,inf,1.0,0,0,0,0,0,0,0,6144,3366.1175000015646,2026-08-11T14:50:12.898265+00:00
b49e3a32afbc5cea,null,kodak,kodim02,kodim02|512x768|8,768,512,3,,,,A,8,2,20260811,43.224298851518164,0.9781859851079866,1.0,1.0,1.0,1.0,0.0,1.0,1.0,1.0,1.0,0.0,1.0,1.0,1.0,1.0,0.0,1.0,nan,nan,nan,nan,inf,inf,1.0,0,0,0,0,0,0,0,6144,4096.1599000002025,2026-08-11T14:50:16.994916+00:00
eca19f2c3e65fe0e,null,kodak,kodim02,kodim02|512x768|8,768,512,3,,,,A,8,3,20260811,43.22667502567399,0.9781530133897873,1.0,1.0,1.0,1.0,0.0,1.0,1.0,1.0,1.0,0.0,1.0,1.0,1.0,1.0,0.0,1.0,nan,nan,nan,nan,inf,inf,1.0,0,0,0,0,0,0,0,6144,3388.916399999289,2026-08-11T14:50:20.384750+00:00
be5bcac853f284f1,null,kodak,kodim02,kodim02|512x768|8,768,512,3,,,,A,8,4,20260811,43.226716682784705,0.9781783255192161,1.0,1.0,1.0,1.0,0.0,1.0,1.0,1.0,1.0,0.0,1.0,1.0,1.0,1.0,0.0,1.0,nan,nan,nan,nan,inf,inf,1.0,0,0,0,0,0,0,0,6144,3511.895799998456,2026-08-11T14:50:23.897566+00:00
ecda3ea3b88c6704,null,kodak,kodim02,kodim02|512x768|8,768,512,3,,,,B,8,0,20260811,44.13415950459789,0.9801360481260389,1.0,1.0,1.0,1.0,0.0,1.0,1.0,1.0,1.0,0.0,1.0,1.0,1.0,1.0,0.0,1.0,nan,nan,nan,nan,inf,inf,1.0,0,0,0,0,0,0,0,6144,2365.0874000013573,2026-08-11T14:50:26.263180+00:00
81f7cccfd16ce957,null,kodak,kodim02,kodim02|512x768|8,768,512,3,,,,B,8,1,20260811,44.13493990613649,0.9801592292867033,1.0,1.0,1.0,1.0,0.0,1.0,1.0,1.0,1.0,0.0,1.0,1.0,1.0,1.0,0.0,1.0,nan,nan,nan,nan,inf,inf,1.0,0,0,0,0,0,0,0,6144,3503.6555000006047,2026-08-11T14:50:29.767778+00:00
45058d73a45aa047,null,kodak,kodim02,kodim02|512x768|8,768,512,3,,,,B,8,2,20260811,44.141886081059965,0.9801772996484882,1.0,1.0,1.0,1.0,0.0,1.0,1.0,1.0,1.0,0.0,1.0,1.0,1.0,1.0,0.0,1.0,nan,nan,nan,nan,inf,inf,1.0,0,0,0,0,0,0,0,6144,3560.5594999979076,2026-08-11T14:50:33.328825+00:00
7a3e943be49894e6,null,kodak,kodim02,kodim02|512x768|8,768,512,3,,,,B,8,3,20260811,44.13619881919169,0.9801543348511007,1.0,1.0,1.0,1.0,0.0,1.0,1.0,1.0,1.0,0.0,1.0,1.0,1.0,1.0,0.0,1.0,nan,nan,nan,nan,inf,inf,1.0,0,0,0,0,0,0,0,6144,3438.1798000031267,2026-08-11T14:50:36.767571+00:00
3100606402cc8832,null,kodak,kodim02,kodim02|512x768|8,768,512,3,,,,B,8,4,20260811,44.135793814337696,0.9801409240447517,1.0,1.0,1.0,1.0,0.0,1.0,1.0,1.0,1.0,0.0,1.0,1.0,1.0,1.0,0.0,1.0,nan,nan,nan,nan,inf,inf,1.0,0,0,0,0,0,0,0,6144,3665.7507000018086,2026-08-11T14:50:40.433993+00:00
83d5b46596e85997,null,kodak,kodim03,kodim03|512x768|8,768,512,3,,,,A,8,0,20260811,43.14906946383228,0.974111003736217,1.0,1.0,1.0,1.0,0.0,1.0,1.0,1.0,1.0,0.0,1.0,1.0,1.0,1.0,0.0,1.0,nan,nan,nan,nan,inf,inf,1.0,0,0,0,0,0,0,0,6144,2169.9587000002794,2026-08-11T14:50:42.606133+00:00
a60cff85e3d6f046,null,kodak,kodim03,kodim03|512x768|8,768,512,3,,,,A,8,1,20260811,43.14493275578378,0.9740961596322002,1.0,1.0,1.0,1.0,0.0,1.0,1.0,1.0,1.0,0.0,1.0,1.0,1.0,1.0,0.0,1.0,nan,nan,nan,nan,inf,inf,1.0,0,0,0,0,0,0,0,6144,3828.7572000008367,2026-08-11T14:50:46.435658+00:00
a4917951280d66b9,null,kodak,kodim03,kodim03|512x768|8,768,512,3,,,,A,8,2,20260811,43.14528083529322,0.9741013520154058,1.0,1.0,1.0,1.0,0.0,1.0,1.0,1.0,1.0,0.0,1.0,1.0,1.0,1.0,0.0,1.0,nan,nan,nan,nan,inf,inf,1.0,0,0,0,0,0,0,0,6144,3364.1146999980265,2026-08-11T14:50:49.800305+00:00
36620fc02912a042,null,kodak,kodim03,kodim03|512x768|8,768,512,3,,,,A,8,3,20260811,43.15003877107115,0.974095725196977,1.0,1.0,1.0,1.0,0.0,1.0,1.0,1.0,1.0,0.0,1.0,1.0,1.0,1.0,0.0,1.0,nan,nan,nan,nan,inf,inf,1.0,0,0,0,0,0,0,0,6144,3242.0679999995627,2026-08-11T14:50:53.044589+00:00
e83f7d3249c07f78,null,kodak,kodim03,kodim03|512x768|8,768,512,3,,,,A,8,4,20260811,43.15162590872064,0.9740833452604453,1.0,1.0,1.0,1.0,0.0,1.0,1.0,1.0,1.0,0.0,1.0,1.0,1.0,1.0,0.0,1.0,nan,nan,nan,nan,inf,inf,1.0,0,0,0,0,0,0,0,6144,3441.5809999991325,2026-08-11T14:50:56.487308+00:00
bad85bba0fb27f13,null,kodak,kodim03,kodim03|512x768|8,768,512,3,,,,B,8,0,20260811,44.28874979478812,0.9768817864405405,1.0,1.0,1.0,1.0,0.0,1.0,1.0,1.0,1.0,0.0,1.0,1.0,1.0,1.0,0.0,1.0,nan,nan,nan,nan,inf,inf,1.0,0,0,0,0,0,0,0,6144,2058.840499998041,2026-08-11T14:50:58.546349+00:00
08ddb4f6c8a751b9,null,kodak,kodim03,kodim03|512x768|8,768,512,3,,,,B,8,1,20260811,44.28735167489965,0.9769290527505278,1.0,1.0,1.0,1.0,0.0,1.0,1.0,1.0,1.0,0.0,1.0,1.0,1.0,1.0,0.0,1.0,nan,nan,nan,nan,inf,inf,1.0,0,0,0,0,0,0,0,6144,3419.56239999854,2026-08-11T14:51:01.967185+00:00
25960012675cefc7,null,kodak,kodim03,kodim03|512x768|8,768,512,3,,,,B,8,2,20260811,44.28464485703584,0.9768558248518627,1.0,1.0,1.0,1.0,0.0,1.0,1.0,1.0,1.0,0.0,1.0,1.0,1.0,1.0,0.0,1.0,nan,nan,nan,nan,inf,inf,1.0,0,0,0,0,0,0,0,6144,3447.8516000017407,2026-08-11T14:51:05.415425+00:00
87724360597920e7,null,kodak,kodim03,kodim03|512x768|8,768,512,3,,,,B,8,3,20260811,44.28641123659814,0.9768660698209276,1.0,1.0,1.0,1.0,0.0,1.0,1.0,1.0,1.0,0.0,1.0,1.0,1.0,1.0,0.0,1.0,nan,nan,nan,nan,inf,inf,1.0,0,0,0,0,0,0,0,6144,3587.615000000369,2026-08-11T14:51:09.004035+00:00
f4c23f2a2f16f8da,null,kodak,kodim03,kodim03|512x768|8,768,512,3,,,,B,8,4,20260811,44.282643929501724,0.9768840348127853,1.0,1.0,1.0,1.0,0.0,1.0,1.0,1.0,1.0,0.0,1.0,1.0,1.0,1.0,0.0,1.0,nan,nan,nan,nan,inf,inf,1.0,0,0,0,0,0,0,0,6144,3404.1045000012673,2026-08-11T14:51:12.408767+00:00
e10120c5ce700755,null,kodak,kodim04,kodim04|768x512|8,512,768,3,,,,A,8,0,20260811,43.18996661544237,0.9801236794871655,1.0,1.0,1.0,1.0,0.0,1.0,1.0,1.0,1.0,0.0,1.0,1.0,1.0,1.0,0.0,1.0,nan,nan,nan,nan,inf,inf,1.0,0,0,0,0,0,0,0,6144,2195.7130000009784,2026-08-11T14:51:14.605589+00:00
893dc71aa2fa6631,null,kodak,kodim04,kodim04|768x512|8,512,768,3,,,,A,8,1,20260811,43.19461428913277,0.9801385893812801,1.0,1.0,1.0,1.0,0.0,1.0,1.0,1.0,1.0,0.0,1.0,1.0,1.0,1.0,0.0,1.0,nan,nan,nan,nan,inf,inf,1.0,0,0,0,0,0,0,0,6144,3611.394999999902,2026-08-11T14:51:18.217545+00:00
919fd5f693a81301,null,kodak,kodim04,kodim04|768x512|8,512,768,3,,,,A,8,2,20260811,43.19868863533161,0.9801365507559675,1.0,1.0,1.0,1.0,0.0,1.0,1.0,1.0,1.0,0.0,1.0,1.0,1.0,1.0,0.0,1.0,nan,nan,nan,nan,inf,inf,1.0,0,0,0,0,0,0,0,6144,3381.4241999971273,2026-08-11T14:51:21.599532+00:00
a5964c9bab9c733a,null,kodak,kodim04,kodim04|768x512|8,512,768,3,,,,A,8,3,20260811,43.18537931975832,0.9801160128844795,1.0,1.0,1.0,1.0,0.0,1.0,1.0,1.0,1.0,0.0,1.0,1.0,1.0,1.0,0.0,1.0,nan,nan,nan,nan,inf,inf,1.0,0,0,0,0,0,0,0,6144,3427.7299999994284,2026-08-11T14:51:25.028053+00:00
28d0243ee9c844b9,null,kodak,kodim04,kodim04|768x512|8,512,768,3,,,,A,8,4,20260811,43.1933290688334,0.9801340221670024,1.0,1.0,1.0,1.0,0.0,1.0,1.0,1.0,1.0,0.0,1.0,1.0,1.0,1.0,0.0,1.0,nan,nan,nan,nan,inf,inf,1.0,0,0,0,0,0,0,0,6144,3251.7664000006334,2026-08-11T14:51:28.280559+00:00
91d09ba153eac712,null,kodak,kodim04,kodim04|768x512|8,512,768,3,,,,B,8,0,20260811,44.31452986820201,0.9828991670276302,1.0,1.0,1.0,1.0,0.0,1.0,1.0,1.0,1.0,0.0,1.0,1.0,1.0,1.0,0.0,1.0,nan,nan,nan,nan,inf,inf,1.0,0,0,0,0,0,0,0,6144,2093.2795999979135,2026-08-11T14:51:30.374610+00:00
7f6a0be199d77c50,null,kodak,kodim04,kodim04|768x512|8,512,768,3,,,,B,8,1,20260811,44.32759637228671,0.982958224330468,1.0,1.0,1.0,1.0,0.0,1.0,1.0,1.0,1.0,0.0,1.0,1.0,1.0,1.0,0.0,1.0,nan,nan,nan,nan,inf,inf,1.0,0,0,0,0,0,0,0,6144,3675.9772000004887,2026-08-11T14:51:34.051212+00:00
08cb95b11f4b5c72,null,kodak,kodim04,kodim04|768x512|8,512,768,3,,,,B,8,2,20260811,44.327220657359135,0.9829604291634396,1.0,1.0,1.0,1.0,0.0,1.0,1.0,1.0,1.0,0.0,1.0,1.0,1.0,1.0,0.0,1.0,nan,nan,nan,nan,inf,inf,1.0,0,0,0,0,0,0,0,6144,3273.4388999997464,2026-08-11T14:51:37.325845+00:00
713673c418df6a53,null,kodak,kodim04,kodim04|768x512|8,512,768,3,,,,B,8,3,20260811,44.318741217492,0.9829131266387602,1.0,1.0,1.0,1.0,0.0,1.0,1.0,1.0,1.0,0.0,1.0,1.0,1.0,1.0,0.0,1.0,nan,nan,nan,nan,inf,inf,1.0,0,0,0,0,0,0,0,6144,3380.592400000751,2026-08-11T14:51:40.707341+00:00
da312782612835bc,null,kodak,kodim04,kodim04|768x512|8,512,768,3,,,,B,8,4,20260811,44.323477551829924,0.9829511666068195,1.0,1.0,1.0,1.0,0.0,1.0,1.0,1.0,1.0,0.0,1.0,1.0,1.0,1.0,0.0,1.0,nan,nan,nan,nan,inf,inf,1.0,0,0,0,0,0,0,0,6144,3200.1025000026857,2026-08-11T14:51:43.908021+00:00
f41c18cc3deb43ee,null,kodak,kodim05,kodim05|512x768|8,768,512,3,,,,A,8,0,20260811,43.36572518877028,0.9918404350737563,1.0,1.0,1.0,1.0,0.0,1.0,1.0,1.0,1.0,0.0,1.0,1.0,1.0,1.0,0.0,1.0,nan,nan,nan,nan,inf,inf,1.0,0,0,0,0,0,0,0,6144,2030.4260999982944,2026-08-11T14:51:45.938814+00:00
b2f8277bcf98c60f,null,kodak,kodim05,kodim05|512x768|8,768,512,3,,,,A,8,1,20260811,43.37100538492797,0.991861957157982,1.0,1.0,1.0,1.0,0.0,1.0,1.0,1.0,1.0,0.0,1.0,1.0,1.0,1.0,0.0,1.0,nan,nan,nan,nan,inf,inf,1.0,0,0,0,0,0,0,0,6144,3771.9827000000805,2026-08-11T14:51:49.711467+00:00
bc5e3a4d4c13380c,null,kodak,kodim05,kodim05|512x768|8,768,512,3,,,,A,8,2,20260811,43.37890445383482,0.9918859160248458,1.0,1.0,1.0,1.0,0.0,1.0,1.0,1.0,1.0,0.0,1.0,1.0,1.0,1.0,0.0,1.0,nan,nan,nan,nan,inf,inf,1.0,0,0,0,0,0,0,0,6144,3474.5439999969676,2026-08-11T14:51:53.186874+00:00
d66b5978b565cd4a,null,kodak,kodim05,kodim05|512x768|8,768,512,3,,,,A,8,3,20260811,43.37025735628046,0.991864833948627,1.0,1.0,1.0,1.0,0.0,1.0,1.0,1.0,1.0,0.0,1.0,1.0,1.0,1.0,0.0,1.0,nan,nan,nan,nan,inf,inf,1.0,0,0,0,0,0,0,0,6144,3445.5533000000287,2026-08-11T14:51:56.633920+00:00
76197128ce054c88,null,kodak,kodim05,kodim05|512x768|8,768,512,3,,,,A,8,4,20260811,43.37317268861513,0.9918744836380203,1.0,1.0,1.0,1.0,0.0,1.0,1.0,1.0,1.0,0.0,1.0,1.0,1.0,1.0,0.0,1.0,nan,nan,nan,nan,inf,inf,1.0,0,0,0,0,0,0,0,6144,3485.4632999995374,2026-08-11T14:52:00.120411+00:00
14fcaa5c29db25ba,null,kodak,kodim05,kodim05|512x768|8,768,512,3,,,,B,8,0,20260811,44.20082512297044,0.993173052327498,1.0,1.0,1.0,1.0,0.0,1.0,1.0,1.0,1.0,0.0,1.0,1.0,1.0,1.0,0.0,1.0,nan,nan,nan,nan,inf,inf,1.0,0,0,0,0,0,0,0,6144,2204.323599999043,2026-08-11T14:52:02.325374+00:00
79e4ba8abe3257bb,null,kodak,kodim05,kodim05|512x768|8,768,512,3,,,,B,8,1,20260811,44.193254751488446,0.9931642467581554,1.0,1.0,1.0,1.0,0.0,1.0,1.0,1.0,1.0,0.0,1.0,1.0,1.0,1.0,0.0,1.0,nan,nan,nan,nan,inf,inf,1.0,0,0,0,0,0,0,0,6144,3485.4166000004625,2026-08-11T14:52:05.811524+00:00
77413713ea8a5fec,null,kodak,kodim05,kodim05|512x768|8,768,512,3,,,,B,8,2,20260811,44.19465562180915,0.9931882744964905,1.0,1.0,1.0,1.0,0.0,1.0,1.0,1.0,1.0,0.0,1.0,1.0,1.0,1.0,0.0,1.0,nan,nan,nan,nan,inf,inf,1.0,0,0,0,0,0,0,0,6144,3739.106000000902,2026-08-11T14:52:09.551314+00:00
b73cae4c763d5baf,null,kodak,kodim05,kodim05|512x768|8,768,512,3,,,,B,8,3,20260811,44.194899556249645,0.9931738060786337,1.0,1.0,1.0,1.0,0.0,1.0,1.0,1.0,1.0,0.0,1.0,1.0,1.0,1.0,0.0,1.0,nan,nan,nan,nan,inf,inf,1.0,0,0,0,0,0,0,0,6144,3319.5104000005813,2026-08-11T14:52:12.871762+00:00
8be7cb5d767133f3,null,kodak,kodim05,kodim05|512x768|8,768,512,3,,,,B,8,4,20260811,44.202769326580615,0.9931895468331079,1.0,1.0,1.0,1.0,0.0,1.0,1.0,1.0,1.0,0.0,1.0,1.0,1.0,1.0,0.0,1.0,nan,nan,nan,nan,inf,inf,1.0,0,0,0,0,0,0,0,6144,5038.0284999992,2026-08-11T14:52:17.910723+00:00
8e8424c6f872dab5,null,kodak,kodim06,kodim06|512x768|8,768,512,3,,,,A,8,0,20260811,43.109793364688954,0.9852149622527514,1.0,1.0,1.0,1.0,0.0,1.0,1.0,1.0,1.0,0.0,1.0,1.0,1.0,1.0,0.0,1.0,nan,nan,nan,nan,inf,inf,1.0,0,0,0,0,0,0,0,6144,2395.291000000725,2026-08-11T14:52:20.306869+00:00
09ae17bffc226d0a,null,kodak,kodim06,kodim06|512x768|8,768,512,3,,,,A,8,1,20260811,43.11873763691676,0.9852924643554589,1.0,1.0,1.0,1.0,0.0,1.0,1.0,1.0,1.0,0.0,1.0,1.0,1.0,1.0,0.0,1.0,nan,nan,nan,nan,inf,inf,1.0,0,0,0,0,0,0,0,6144,4058.0951000010828,2026-08-11T14:52:24.365532+00:00
d7218f4a415b7489,null,kodak,kodim06,kodim06|512x768|8,768,512,3,,,,A,8,2,20260811,43.110033200035076,0.9851997238598892,1.0,1.0,1.0,1.0,0.0,1.0,1.0,1.0,1.0,0.0,1.0,1.0,1.0,1.0,0.0,1.0,nan,nan,nan,nan,inf,inf,1.0,0,0,0,0,0,0,0,6144,4149.050399999396,2026-08-11T14:52:28.515982+00:00
49123405ca4de9d0,null,kodak,kodim06,kodim06|512x768|8,768,512,3,,,,A,8,3,20260811,43.119563173180126,0.9852651060968629,1.0,1.0,1.0,1.0,0.0,1.0,1.0,1.0,1.0,0.0,1.0,1.0,1.0,1.0,0.0,1.0,nan,nan,nan,nan,inf,inf,1.0,0,0,0,0,0,0,0,6144,4073.719299998629,2026-08-11T14:52:32.590648+00:00
9b9fbbffa447cf9a,null,kodak,kodim06,kodim06|512x768|8,768,512,3,,,,A,8,4,20260811,43.11306298564406,0.9852608959253866,1.0,1.0,1.0,1.0,0.0,1.0,1.0,1.0,1.0,0.0,1.0,1.0,1.0,1.0,0.0,1.0,nan,nan,nan,nan,inf,inf,1.0,0,0,0,0,0,0,0,6144,2789.630400002352,2026-08-11T14:52:35.380552+00:00
b71118046a6fd164,null,kodak,kodim06,kodim06|512x768|8,768,512,3,,,,B,8,0,20260811,44.160069719112386,0.9876272042713422,1.0,1.0,1.0,1.0,0.0,1.0,1.0,1.0,1.0,0.0,1.0,1.0,1.0,1.0,0.0,1.0,nan,nan,nan,nan,inf,inf,1.0,0,0,0,0,0,0,0,6144,1636.599000001297,2026-08-11T14:52:37.017928+00:00
4b10125532b4ec22,null,kodak,kodim06,kodim06|512x768|8,768,512,3,,,,B,8,1,20260811,44.15684238129202,0.987619863642145,1.0,1.0,1.0,1.0,0.0,1.0,1.0,1.0,1.0,0.0,1.0,1.0,1.0,1.0,0.0,1.0,nan,nan,nan,nan,inf,inf,1.0,0,0,0,0,0,0,0,6144,2522.640200000751,2026-08-11T14:52:39.541064+00:00
c42ecae2fffc9240,null,kodak,kodim06,kodim06|512x768|8,768,512,3,,,,B,8,2,20260811,44.15813273365623,0.9876491877451251,1.0,1.0,1.0,1.0,0.0,1.0,1.0,1.0,1.0,0.0,1.0,1.0,1.0,1.0,0.0,1.0,nan,nan,nan,nan,inf,inf,1.0,0,0,0,0,0,0,0,6144,2517.501700000139,2026-08-11T14:52:42.059096+00:00
b2197374cf6b457a,null,kodak,kodim06,kodim06|512x768|8,768,512,3,,,,B,8,3,20260811,44.14600235198486,0.9876191992119808,1.0,1.0,1.0,1.0,0.0,1.0,1.0,1.0,1.0,0.0,1.0,1.0,1.0,1.0,0.0,1.0,nan,nan,nan,nan,inf,inf,1.0,0,0,0,0,0,0,0,6144,2527.6843999999983,2026-08-11T14:52:44.587328+00:00
95b8c6c95e7bc3f3,null,kodak,kodim06,kodim06|512x768|8,768,512,3,,,,B,8,4,20260811,44.168194399813515,0.9876776885525723,1.0,1.0,1.0,1.0,0.0,1.0,1.0,1.0,1.0,0.0,1.0,1.0,1.0,1.0,0.0,1.0,nan,nan,nan,nan,inf,inf,1.0,0,0,0,0,0,0,0,6144,2264.153800002532,2026-08-11T14:52:46.851901+00:00
f3a10846bbafc5a6,null,kodak,kodim07,kodim07|512x768|8,768,512,3,,,,A,8,0,20260811,43.18538993017615,0.9801051209155479,1.0,1.0,1.0,1.0,0.0,1.0,1.0,1.0,1.0,0.0,1.0,1.0,1.0,1.0,0.0,1.0,nan,nan,nan,nan,inf,inf,1.0,0,0,0,0,0,0,0,6144,1132.0197000022745,2026-08-11T14:52:47.984446+00:00
3647e2f7d11b0f1a,null,kodak,kodim07,kodim07|512x768|8,768,512,3,,,,A,8,1,20260811,43.194253963824735,0.9801245633840371,1.0,1.0,1.0,1.0,0.0,1.0,1.0,1.0,1.0,0.0,1.0,1.0,1.0,1.0,0.0,1.0,nan,nan,nan,nan,inf,inf,1.0,0,0,0,0,0,0,0,6144,1776.1124999997264,2026-08-11T14:52:49.761110+00:00
55a7538a55370955,null,kodak,kodim07,kodim07|512x768|8,768,512,3,,,,A,8,2,20260811,43.195155423950304,0.9801374100307568,1.0,1.0,1.0,1.0,0.0,1.0,1.0,1.0,1.0,0.0,1.0,1.0,1.0,1.0,0.0,1.0,nan,nan,nan,nan,inf,inf,1.0,0,0,0,0,0,0,0,6144,1751.3106000005791,2026-08-11T14:52:51.512662+00:00
7c897fbaa03aba76,null,kodak,kodim07,kodim07|512x768|8,768,512,3,,,,A,8,3,20260811,43.19410511684943,0.9801730702868404,1.0,1.0,1.0,1.0,0.0,1.0,1.0,1.0,1.0,0.0,1.0,1.0,1.0,1.0,0.0,1.0,nan,nan,nan,nan,inf,inf,1.0,0,0,0,0,0,0,0,6144,1684.3365000022459,2026-08-11T14:52:53.197272+00:00
809fc1271a2ca2bb,null,kodak,kodim07,kodim07|512x768|8,768,512,3,,,,A,8,4,20260811,43.19167112951988,0.9801794414445676,1.0,1.0,1.0,1.0,0.0,1.0,1.0,1.0,1.0,0.0,1.0,1.0,1.0,1.0,0.0,1.0,nan,nan,nan,nan,inf,inf,1.0,0,0,0,0,0,0,0,6144,1684.0618999995058,2026-08-11T14:52:54.881779+00:00
3fda959a8ddc89d7,null,kodak,kodim07,kodim07|512x768|8,768,512,3,,,,B,8,0,20260811,44.34069923142346,0.9827258553475978,1.0,1.0,1.0,1.0,0.0,1.0,1.0,1.0,1.0,0.0,1.0,1.0,1.0,1.0,0.0,1.0,nan,nan,nan,nan,inf,inf,1.0,0,0,0,0,0,0,0,6144,1096.2452000021585,2026-08-11T14:52:55.978480+00:00
b2829b75e83c3118,null,kodak,kodim07,kodim07|512x768|8,768,512,3,,,,B,8,1,20260811,44.34235622180723,0.9827727058649787,1.0,1.0,1.0,1.0,0.0,1.0,1.0,1.0,1.0,0.0,1.0,1.0,1.0,1.0,0.0,1.0,nan,nan,nan,nan,inf,inf,1.0,0,0,0,0,0,0,0,6144,1726.1315000032482,2026-08-11T14:52:57.704950+00:00
160da83bfa01b19e,null,kodak,kodim07,kodim07|512x768|8,768,512,3,,,,B,8,2,20260811,44.344715870061506,0.9827602894106743,1.0,1.0,1.0,1.0,0.0,1.0,1.0,1.0,1.0,0.0,1.0,1.0,1.0,1.0,0.0,1.0,nan,nan,nan,nan,inf,inf,1.0,0,0,0,0,0,0,0,6144,1682.599299998401,2026-08-11T14:52:59.387865+00:00
33728cf5468d26aa,null,kodak,kodim07,kodim07|512x768|8,768,512,3,,,,B,8,3,20260811,44.34784095188916,0.9827606039289415,1.0,1.0,1.0,1.0,0.0,1.0,1.0,1.0,1.0,0.0,1.0,1.0,1.0,1.0,0.0,1.0,nan,nan,nan,nan,inf,inf,1.0,0,0,0,0,0,0,0,6144,1708.0683999993198,2026-08-11T14:53:01.096437+00:00
ff30049b04bb4adf,null,kodak,kodim07,kodim07|512x768|8,768,512,3,,,,B,8,4,20260811,44.34236699354359,0.9827392474948308,1.0,1.0,1.0,1.0,0.0,1.0,1.0,1.0,1.0,0.0,1.0,1.0,1.0,1.0,0.0,1.0,nan,nan,nan,nan,inf,inf,1.0,0,0,0,0,0,0,0,6144,1690.1864999999816,2026-08-11T14:53:02.786710+00:00
b4532b484b53998c,null,kodak,kodim08,kodim08|512x768|8,768,512,3,,,,A,8,0,20260811,43.27840075098499,0.9922333643166463,1.0,1.0,1.0,1.0,0.0,1.0,1.0,1.0,1.0,0.0,1.0,1.0,1.0,1.0,0.0,1.0,nan,nan,nan,nan,inf,inf,1.0,0,0,0,0,0,0,0,6144,1101.7791999984183,2026-08-11T14:53:03.889077+00:00
8cf87a73379c7e22,null,kodak,kodim08,kodim08|512x768|8,768,512,3,,,,A,8,1,20260811,43.26256334060014,0.9922140136561534,1.0,1.0,1.0,1.0,0.0,1.0,1.0,1.0,1.0,0.0,1.0,1.0,1.0,1.0,0.0,1.0,nan,nan,nan,nan,inf,inf,1.0,0,0,0,0,0,0,0,6144,1642.0359000003373,2026-08-11T14:53:05.531573+00:00
955daef515fdf9ee,null,kodak,kodim08,kodim08|512x768|8,768,512,3,,,,A,8,2,20260811,43.26128545033874,0.9922039064943973,1.0,1.0,1.0,1.0,0.0,1.0,1.0,1.0,1.0,0.0,1.0,1.0,1.0,1.0,0.0,1.0,nan,nan,nan,nan,inf,inf,1.0,0,0,0,0,0,0,0,6144,1704.376499998034,2026-08-11T14:53:07.236022+00:00
a9aa8b936f850b17,null,kodak,kodim08,kodim08|512x768|8,768,512,3,,,,A,8,3,20260811,43.269173573231356,0.9922205979728475,1.0,1.0,1.0,1.0,0.0,1.0,1.0,1.0,1.0,0.0,1.0,1.0,1.0,1.0,0.0,1.0,nan,nan,nan,nan,inf,inf,1.0,0,0,0,0,0,0,0,6144,1696.8785999997635,2026-08-11T14:53:08.933306+00:00
cb54fe4fc9a41f83,null,kodak,kodim08,kodim08|512x768|8,768,512,3,,,,A,8,4,20260811,43.267586151519154,0.9921943889390916,1.0,1.0,1.0,1.0,0.0,1.0,1.0,1.0,1.0,0.0,1.0,1.0,1.0,1.0,0.0,1.0,nan,nan,nan,nan,inf,inf,1.0,0,0,0,0,0,0,0,6144,1676.0891000012634,2026-08-11T14:53:10.610098+00:00
1d551d04b8377c56,null,kodak,kodim08,kodim08|512x768|8,768,512,3,,,,B,8,0,20260811,44.22671179114411,0.9934720830998387,1.0,1.0,1.0,1.0,0.0,1.0,1.0,1.0,1.0,0.0,1.0,1.0,1.0,1.0,0.0,1.0,nan,nan,nan,nan,inf,inf,1.0,0,0,0,0,0,0,0,6144,1076.3989000006404,2026-08-11T14:53:11.687086+00:00
450554d0fa4c4de4,null,kodak,kodim08,kodim08|512x768|8,768,512,3,,,,B,8,1,20260811,44.2219705011592,0.9934780602260807,1.0,1.0,1.0,1.0,0.0,1.0,1.0,1.0,1.0,0.0,1.0,1.0,1.0,1.0,0.0,1.0,nan,nan,nan,nan,inf,inf,1.0,0,0,0,0,0,0,0,6144,1629.974300001777,2026-08-11T14:53:13.317271+00:00
c90b54f3474c5ad1,null,kodak,kodim08,kodim08|512x768|8,768,512,3,,,,B,8,2,20260811,44.227345653198554,0.9934625540045862,1.0,1.0,1.0,1.0,0.0,1.0,1.0,1.0,1.0,0.0,1.0,1.0,1.0,1.0,0.0,1.0,nan,nan,nan,nan,inf,inf,1.0,0,0,0,0,0,0,0,6144,1675.2309000003152,2026-08-11T14:53:14.993070+00:00
bd8bd28ba3d7d2b2,null,kodak,kodim08,kodim08|512x768|8,768,512,3,,,,B,8,3,20260811,44.227777271795375,0.9934943533343755,1.0,1.0,1.0,1.0,0.0,1.0,1.0,1.0,1.0,0.0,1.0,1.0,1.0,1.0,0.0,1.0,nan,nan,nan,nan,inf,inf,1.0,0,0,0,0,0,0,0,6144,1636.4656000005198,2026-08-11T14:53:16.629935+00:00
e6a6141a34548c4d,null,kodak,kodim08,kodim08|512x768|8,768,512,3,,,,B,8,4,20260811,44.224668478161064,0.9934920248266801,1.0,1.0,1.0,1.0,0.0,1.0,1.0,1.0,1.0,0.0,1.0,1.0,1.0,1.0,0.0,1.0,nan,nan,nan,nan,inf,inf,1.0,0,0,0,0,0,0,0,6144,1639.948000000004,2026-08-11T14:53:18.269871+00:00
427c2645f8b696d6,null,kodak,kodim09,kodim09|768x512|8,512,768,3,,,,A,8,0,20260811,43.2088693264765,0.9765255298867999,1.0,1.0,1.0,1.0,0.0,1.0,1.0,1.0,1.0,0.0,1.0,1.0,1.0,1.0,0.0,1.0,nan,nan,nan,nan,inf,inf,1.0,0,0,0,0,0,0,0,6144,1058.9323999993212,2026-08-11T14:53:19.329198+00:00
b08bf1a6c0c39fef,null,kodak,kodim09,kodim09|768x512|8,512,768,3,,,,A,8,1,20260811,43.19966198498828,0.9765264907186877,1.0,1.0,1.0,1.0,0.0,1.0,1.0,1.0,1.0,0.0,1.0,1.0,1.0,1.0,0.0,1.0,nan,nan,nan,nan,inf,inf,1.0,0,0,0,0,0,0,0,6144,1625.8070999974734,2026-08-11T14:53:20.955308+00:00
b5c51eca970560a9,null,kodak,kodim09,kodim09|768x512|8,512,768,3,,,,A,8,2,20260811,43.20754077731144,0.976599997796186,1.0,1.0,1.0,1.0,0.0,1.0,1.0,1.0,1.0,0.0,1.0,1.0,1.0,1.0,0.0,1.0,nan,nan,nan,nan,inf,inf,1.0,0,0,0,0,0,0,0,6144,1627.6921999997285,2026-08-11T14:53:22.583665+00:00
a533de2365c383d6,null,kodak,kodim09,kodim09|768x512|8,512,768,3,,,,A,8,3,20260811,43.198533723735636,0.9764997078211333,1.0,1.0,1.0,1.0,0.0,1.0,1.0,1.0,1.0,0.0,1.0,1.0,1.0,1.0,0.0,1.0,nan,nan,nan,nan,inf,inf,1.0,0,0,0,0,0,0,0,6144,1663.5376000012911,2026-08-11T14:53:24.247695+00:00
d5e66c32658626c0,null,kodak,kodim09,kodim09|768x512|8,512,768,3,,,,A,8,4,20260811,43.20463621416921,0.9765673515659034,1.0,1.0,1.0,1.0,0.0,1.0,1.0,1.0,1.0,0.0,1.0,1.0,1.0,1.0,0.0,1.0,nan,nan,nan,nan,inf,inf,1.0,0,0,0,0,0,0,0,6144,1613.900399999693,2026-08-11T14:53:25.862031+00:00
cd28910c44a3fcbc,null,kodak,kodim09,kodim09|768x512|8,512,768,3,,,,B,8,0,20260811,44.44615990097957,0.9790613883052107,1.0,1.0,1.0,1.0,0.0,1.0,1.0,1.0,1.0,0.0,1.0,1.0,1.0,1.0,0.0,1.0,nan,nan,nan,nan,inf,inf,1.0,0,0,0,0,0,0,0,6144,1082.8849999998056,2026-08-11T14:53:26.945423+00:00
67cac737a5ef4d55,null,kodak,kodim09,kodim09|768x512|8,512,768,3,,,,B,8,1,20260811,44.44811620838089,0.9790622443501045,1.0,1.0,1.0,1.0,0.0,1.0,1.0,1.0,1.0,0.0,1.0,1.0,1.0,1.0,0.0,1.0,nan,nan,nan,nan,inf,inf,1.0,0,0,0,0,0,0,0,6144,1601.6321999995853,2026-08-11T14:53:28.547471+00:00
6e82fe39a220656c,null,kodak,kodim09,kodim09|768x512|8,512,768,3,,,,B,8,2,20260811,44.44823919670612,0.9790752624883599,1.0,1.0,1.0,1.0,0.0,1.0,1.0,1.0,1.0,0.0,1.0,1.0,1.0,1.0,0.0,1.0,nan,nan,nan,nan,inf,inf,1.0,0,0,0,0,0,0,0,6144,1609.730899999704,2026-08-11T14:53:30.157199+00:00
875b57564809f761,null,kodak,kodim09,kodim09|768x512|8,512,768,3,,,,B,8,3,20260811,44.44299006361999,0.9790565740235739,1.0,1.0,1.0,1.0,0.0,1.0,1.0,1.0,1.0,0.0,1.0,1.0,1.0,1.0,0.0,1.0,nan,nan,nan,nan,inf,inf,1.0,0,0,0,0,0,0,0,6144,1595.840900001349,2026-08-11T14:53:31.753812+00:00
2f83767ff8297895,null,kodak,kodim09,kodim09|768x512|8,512,768,3,,,,B,8,4,20260811,44.44647196830463,0.9791271678552566,1.0,1.0,1.0,1.0,0.0,1.0,1.0,1.0,1.0,0.0,1.0,1.0,1.0,1.0,0.0,1.0,nan,nan,nan,nan,inf,inf,1.0,0,0,0,0,0,0,0,6144,1606.5697999983968,2026-08-11T14:53:33.360467+00:00
b4c61a3312a3b9ff,null,kodak,kodim10,kodim10|768x512|8,512,768,3,,,,A,8,0,20260811,43.14501568494742,0.9783863999521146,1.0,1.0,1.0,1.0,0.0,1.0,1.0,1.0,1.0,0.0,1.0,1.0,1.0,1.0,0.0,1.0,nan,nan,nan,nan,inf,inf,1.0,0,0,0,0,0,0,0,6144,1043.7941999989562,2026-08-11T14:53:34.404951+00:00
d7ddc352c3445560,null,kodak,kodim10,kodim10|768x512|8,512,768,3,,,,A,8,1,20260811,43.14754987591465,0.9783745551956877,1.0,1.0,1.0,1.0,0.0,1.0,1.0,1.0,1.0,0.0,1.0,1.0,1.0,1.0,0.0,1.0,nan,nan,nan,nan,inf,inf,1.0,0,0,0,0,0,0,0,6144,1627.6021000012406,2026-08-11T14:53:36.032598+00:00
40b1f6714881e463,null,kodak,kodim10,kodim10|768x512|8,512,768,3,,,,A,8,2,20260811,43.147641036197285,0.9784109527304343,1.0,1.0,1.0,1.0,0.0,1.0,1.0,1.0,1.0,0.0,1.0,1.0,1.0,1.0,0.0,1.0,nan,nan,nan,nan,inf,inf,1.0,0,0,0,0,0,0,0,6144,1630.202599997574,2026-08-11T14:53:37.663294+00:00
5ec229a248e1e20f,null,kodak,kodim10,kodim10|768x512|8,512,768,3,,,,A,8,3,20260811,43.147734535910814,0.9784383806878235,1.0,1.0,1.0,1.0,0.0,1.0,1.0,1.0,1.0,0.0,1.0,1.0,1.0,1.0,0.0,1.0,nan,nan,nan,nan,inf,inf,1.0,0,0,0,0,0,0,0,6144,1701.0061999972095,2026-08-11T14:53:39.364664+00:00
d389eec4eb1eb897,null,kodak,kodim10,kodim10|768x512|8,512,768,3,,,,A,8,4,20260811,43.147964787537454,0.9783921125594243,1.0,1.0,1.0,1.0,0.0,1.0,1.0,1.0,1.0,0.0,1.0,1.0,1.0,1.0,0.0,1.0,nan,nan,nan,nan,inf,inf,1.0,0,0,0,0,0,0,0,6144,1708.220299999084,2026-08-11T14:53:41.073238+00:00
4678de458e792869,null,kodak,kodim10,kodim10|768x512|8,512,768,3,,,,B,8,0,20260811,44.52312455235986,0.9818587515517162,1.0,1.0,1.0,1.0,0.0,1.0,1.0,1.0,1.0,0.0,1.0,1.0,1.0,1.0,0.0,1.0,nan,nan,nan,nan,inf,inf,1.0,0,0,0,0,0,0,0,6144,1068.878299996868,2026-08-11T14:53:42.142926+00:00
dfd61a20a132957e,null,kodak,kodim10,kodim10|768x512|8,512,768,3,,,,B,8,1,20260811,44.52359942748886,0.9818775337384156,1.0,1.0,1.0,1.0,0.0,1.0,1.0,1.0,1.0,0.0,1.0,1.0,1.0,1.0,0.0,1.0,nan,nan,nan,nan,inf,inf,1.0,0,0,0,0,0,0,0,6144,1626.995700000407,2026-08-11T14:53:43.770092+00:00
b50a0520faef7c36,null,kodak,kodim10,kodim10|768x512|8,512,768,3,,,,B,8,2,20260811,44.511258319464766,0.9817910420900242,1.0,1.0,1.0,1.0,0.0,1.0,1.0,1.0,1.0,0.0,1.0,1.0,1.0,1.0,0.0,1.0,nan,nan,nan,nan,inf,inf,1.0,0,0,0,0,0,0,0,6144,1595.765099998971,2026-08-11T14:53:45.366506+00:00
af7a3a8be64e5e1f,null,kodak,kodim10,kodim10|768x512|8,512,768,3,,,,B,8,3,20260811,44.517684841504355,0.9818405338480213,1.0,1.0,1.0,1.0,0.0,1.0,1.0,1.0,1.0,0.0,1.0,1.0,1.0,1.0,0.0,1.0,nan,nan,nan,nan,inf,inf,1.0,0,0,0,0,0,0,0,6144,1604.5286000007764,2026-08-11T14:53:46.971114+00:00
971c0e08b9fb1aaa,null,kodak,kodim10,kodim10|768x512|8,512,768,3,,,,B,8,4,20260811,44.52878953843677,0.9818798844571816,1.0,1.0,1.0,1.0,0.0,1.0,1.0,1.0,1.0,0.0,1.0,1.0,1.0,1.0,0.0,1.0,nan,nan,nan,nan,inf,inf,1.0,0,0,0,0,0,0,0,6144,1617.0095000015863,2026-08-11T14:53:48.588522+00:00
9b47443c076fc7bf,null,kodak,kodim11,kodim11|512x768|8,768,512,3,,,,A,8,0,20260811,43.328407568921456,0.9833024615679405,1.0,1.0,1.0,1.0,0.0,1.0,1.0,1.0,1.0,0.0,1.0,1.0,1.0,1.0,0.0,1.0,nan,nan,nan,nan,inf,inf,1.0,0,0,0,0,0,0,0,6144,1086.1692999969819,2026-08-11T14:53:49.674985+00:00
ed1e12464ef6dcfd,null,kodak,kodim11,kodim11|512x768|8,768,512,3,,,,A,8,1,20260811,43.33630148517471,0.9832936478435189,1.0,1.0,1.0,1.0,0.0,1.0,1.0,1.0,1.0,0.0,1.0,1.0,1.0,1.0,0.0,1.0,nan,nan,nan,nan,inf,inf,1.0,0,0,0,0,0,0,0,6144,1687.8478999969957,2026-08-11T14:53:51.363561+00:00
8d530e219488277d,null,kodak,kodim11,kodim11|512x768|8,768,512,3,,,,A,8,2,20260811,43.32302919831747,0.9832584438120787,1.0,1.0,1.0,1.0,0.0,1.0,1.0,1.0,1.0,0.0,1.0,1.0,1.0,1.0,0.0,1.0,nan,nan,nan,nan,inf,inf,1.0,0,0,0,0,0,0,0,6144,1687.315999999555,2026-08-11T14:53:53.051390+00:00
19551bff19394a2a,null,kodak,kodim11,kodim11|512x768|8,768,512,3,,,,A,8,3,20260811,43.33082190352113,0.9832751346530539,1.0,1.0,1.0,1.0,0.0,1.0,1.0,1.0,1.0,0.0,1.0,1.0,1.0,1.0,0.0,1.0,nan,nan,nan,nan,inf,inf,1.0,0,0,0,0,0,0,0,6144,1680.3617000005033,2026-08-11T14:53:54.731773+00:00
19b1f924f731dde1,null,kodak,kodim11,kodim11|512x768|8,768,512,3,,,,A,8,4,20260811,43.332058230865876,0.9833045715375408,1.0,1.0,1.0,1.0,0.0,1.0,1.0,1.0,1.0,0.0,1.0,1.0,1.0,1.0,0.0,1.0,nan,nan,nan,nan,inf,inf,1.0,0,0,0,0,0,0,0,6144,1702.5868999990053,2026-08-11T14:53:56.434658+00:00
7249fb406dbc793d,null,kodak,kodim11,kodim11|512x768|8,768,512,3,,,,B,8,0,20260811,44.34593236698916,0.9860495810273525,1.0,1.0,1.0,1.0,0.0,1.0,1.0,1.0,1.0,0.0,1.0,1.0,1.0,1.0,0.0,1.0,nan,nan,nan,nan,inf,inf,1.0,0,0,0,0,0,0,0,6144,1068.314600001031,2026-08-11T14:53:57.503742+00:00
db210808a17a449a,null,kodak,kodim11,kodim11|512x768|8,768,512,3,,,,B,8,1,20260811,44.34787638956391,0.9860591036465717,1.0,1.0,1.0,1.0,0.0,1.0,1.0,1.0,1.0,0.0,1.0,1.0,1.0,1.0,0.0,1.0,nan,nan,nan,nan,inf,inf,1.0,0,0,0,0,0,0,0,6144,1642.5128999981098,2026-08-11T14:53:59.146237+00:00
60c39df6bf68581e,null,kodak,kodim11,kodim11|512x768|8,768,512,3,,,,B,8,2,20260811,44.34373676056928,0.9860416743279211,1.0,1.0,1.0,1.0,0.0,1.0,1.0,1.0,1.0,0.0,1.0,1.0,1.0,1.0,0.0,1.0,nan,nan,nan,nan,inf,inf,1.0,0,0,0,0,0,0,0,6144,1691.9004999981553,2026-08-11T14:54:00.838397+00:00
963c977abde5296b,null,kodak,kodim11,kodim11|512x768|8,768,512,3,,,,B,8,3,20260811,44.34695048264481,0.9860555998757837,1.0,1.0,1.0,1.0,0.0,1.0,1.0,1.0,1.0,0.0,1.0,1.0,1.0,1.0,0.0,1.0,nan,nan,nan,nan,inf,inf,1.0,0,0,0,0,0,0,0,6144,1630.152599998837,2026-08-11T14:54:02.469241+00:00
e149f4628a464f4d,null,kodak,kodim11,kodim11|512x768|8,768,512,3,,,,B,8,4,20260811,44.34572292045057,0.9860316195521874,1.0,1.0,1.0,1.0,0.0,1.0,1.0,1.0,1.0,0.0,1.0,1.0,1.0,1.0,0.0,1.0,nan,nan,nan,nan,inf,inf,1.0,0,0,0,0,0,0,0,6144,1683.557699998346,2026-08-11T14:54:04.153204+00:00
260a0f164dc58ae0,null,kodak,kodim12,kodim12|512x768|8,768,512,3,,,,A,8,0,20260811,43.12376992292778,0.9770002686415995,1.0,1.0,1.0,1.0,0.0,1.0,1.0,1.0,1.0,0.0,1.0,1.0,1.0,1.0,0.0,1.0,nan,nan,nan,nan,inf,inf,1.0,0,0,0,0,0,0,0,6144,1089.8735000009765,2026-08-11T14:54:05.243279+00:00
df32a9fdd2c18ac7,null,kodak,kodim12,kodim12|512x768|8,768,512,3,,,,A,8,1,20260811,43.11625384701915,0.9769940169345186,1.0,1.0,1.0,1.0,0.0,1.0,1.0,1.0,1.0,0.0,1.0,1.0,1.0,1.0,0.0,1.0,nan,nan,nan,nan,inf,inf,1.0,0,0,0,0,0,0,0,6144,1632.50970000081,2026-08-11T14:54:06.876047+00:00
d663e53a8fe86d78,null,kodak,kodim12,kodim12|512x768|8,768,512,3,,,,A,8,2,20260811,43.12266236607481,0.9770202671734919,1.0,1.0,1.0,1.0,0.0,1.0,1.0,1.0,1.0,0.0,1.0,1.0,1.0,1.0,0.0,1.0,nan,nan,nan,nan,inf,inf,1.0,0,0,0,0,0,0,0,6144,1675.5486000001838,2026-08-11T14:54:08.551794+00:00
5e1de4c372925334,null,kodak,kodim12,kodim12|512x768|8,768,512,3,,,,A,8,3,20260811,43.12434763811042,0.9770113729701334,1.0,1.0,1.0,1.0,0.0,1.0,1.0,1.0,1.0,0.0,1.0,1.0,1.0,1.0,0.0,1.0,nan,nan,nan,nan,inf,inf,1.0,0,0,0,0,0,0,0,6144,1685.9856999981275,2026-08-11T14:54:10.238322+00:00
98cf7d6717e15bd0,null,kodak,kodim12,kodim12|512x768|8,768,512,3,,,,A,8,4,20260811,43.124671982730696,0.9770293859579824,1.0,1.0,1.0,1.0,0.0,1.0,1.0,1.0,1.0,0.0,1.0,1.0,1.0,1.0,0.0,1.0,nan,nan,nan,nan,inf,inf,1.0,0,0,0,0,0,0,0,6144,1678.8512999992236,2026-08-11T14:54:11.917826+00:00
5904bbdc886c26b3,null,kodak,kodim12,kodim12|512x768|8,768,512,3,,,,B,8,0,20260811,44.34385374946254,0.9799131044003672,1.0,1.0,1.0,1.0,0.0,1.0,1.0,1.0,1.0,0.0,1.0,1.0,1.0,1.0,0.0,1.0,nan,nan,nan,nan,inf,inf,1.0,0,0,0,0,0,0,0,6144,1094.6065000025555,2026-08-11T14:54:13.012962+00:00
e6a88948b4a12aab,null,kodak,kodim12,kodim12|512x768|8,768,512,3,,,,B,8,1,20260811,44.33981330098351,0.9798948714451438,1.0,1.0,1.0,1.0,0.0,1.0,1.0,1.0,1.0,0.0,1.0,1.0,1.0,1.0,0.0,1.0,nan,nan,nan,nan,inf,inf,1.0,0,0,0,0,0,0,0,6144,1662.8625000012107,2026-08-11T14:54:14.675940+00:00
3926fee394dab9ff,null,kodak,kodim12,kodim12|512x768|8,768,512,3,,,,B,8,2,20260811,44.34053772021696,0.9798757392516736,1.0,1.0,1.0,1.0,0.0,1.0,1.0,1.0,1.0,0.0,1.0,1.0,1.0,1.0,0.0,1.0,nan,nan,nan,nan,inf,inf,1.0,0,0,0,0,0,0,0,6144,1670.683899999858,2026-08-11T14:54:16.347136+00:00
ecee12e921b1bde2,null,kodak,kodim12,kodim12|512x768|8,768,512,3,,,,B,8,3,20260811,44.3424762512365,0.979903842531732,1.0,1.0,1.0,1.0,0.0,1.0,1.0,1.0,1.0,0.0,1.0,1.0,1.0,1.0,0.0,1.0,nan,nan,nan,nan,inf,inf,1.0,0,0,0,0,0,0,0,6144,1663.0152000034286,2026-08-11T14:54:18.010597+00:00
3ba0e49d260ad92a,null,kodak,kodim12,kodim12|512x768|8,768,512,3,,,,B,8,4,20260811,44.34238699826772,0.9798985999531996,1.0,1.0,1.0,1.0,0.0,1.0,1.0,1.0,1.0,0.0,1.0,1.0,1.0,1.0,0.0,1.0,nan,nan,nan,nan,inf,inf,1.0,0,0,0,0,0,0,0,6144,1675.8836999979394,2026-08-11T14:54:19.686884+00:00
5cf93a0fdd1b10b6,null,kodak,kodim13,kodim13|512x768|8,768,512,3,,,,A,8,0,20260811,43.340519565865456,0.9942133074004583,1.0,1.0,1.0,1.0,0.0,1.0,1.0,1.0,1.0,0.0,1.0,1.0,1.0,1.0,0.0,1.0,nan,nan,nan,nan,inf,inf,1.0,0,0,0,0,0,0,0,6144,1078.7947999997414,2026-08-11T14:54:20.766209+00:00
7762ece499f6b19e,null,kodak,kodim13,kodim13|512x768|8,768,512,3,,,,A,8,1,20260811,43.32841366095913,0.9942099084625654,1.0,1.0,1.0,1.0,0.0,1.0,1.0,1.0,1.0,0.0,1.0,1.0,1.0,1.0,0.0,1.0,nan,nan,nan,nan,inf,inf,1.0,0,0,0,0,0,0,0,6144,1638.0272999995213,2026-08-11T14:54:22.404268+00:00
564ca8b1c2e677d6,null,kodak,kodim13,kodim13|512x768|8,768,512,3,,,,A,8,2,20260811,43.33871410687064,0.9942109557161077,1.0,1.0,1.0,1.0,0.0,1.0,1.0,1.0,1.0,0.0,1.0,1.0,1.0,1.0,0.0,1.0,nan,nan,nan,nan,inf,inf,1.0,0,0,0,0,0,0,0,6144,1717.7966000017477,2026-08-11T14:54:24.122540+00:00
9029e4737b7d02e8,null,kodak,kodim13,kodim13|512x768|8,768,512,3,,,,A,8,3,20260811,43.338280566443416,0.9942284038079774,1.0,1.0,1.0,1.0,0.0,1.0,1.0,1.0,1.0,0.0,1.0,1.0,1.0,1.0,0.0,1.0,nan,nan,nan,nan,inf,inf,1.0,0,0,0,0,0,0,0,6144,1638.5664000008546,2026-08-11T14:54:25.761452+00:00
08293eba5cf2e974,null,kodak,kodim13,kodim13|512x768|8,768,512,3,,,,A,8,4,20260811,43.33948359504285,0.9942079675860646,1.0,1.0,1.0,1.0,0.0,1.0,1.0,1.0,1.0,0.0,1.0,1.0,1.0,1.0,0.0,1.0,nan,nan,nan,nan,inf,inf,1.0,0,0,0,0,0,0,0,6144,1646.7537000025914,2026-08-11T14:54:27.408556+00:00
2213b9c931df6f57,null,kodak,kodim13,kodim13|512x768|8,768,512,3,,,,B,8,0,20260811,44.23437678424099,0.9952408712243601,1.0,1.0,1.0,1.0,0.0,1.0,1.0,1.0,1.0,0.0,1.0,1.0,1.0,1.0,0.0,1.0,nan,nan,nan,nan,inf,inf,1.0,0,0,0,0,0,0,0,6144,1072.757800000545,2026-08-11T14:54:28.481712+00:00
4279d045f74412c8,null,kodak,kodim13,kodim13|512x768|8,768,512,3,,,,B,8,1,20260811,44.23881008497186,0.9952288897675953,1.0,1.0,1.0,1.0,0.0,1.0,1.0,1.0,1.0,0.0,1.0,1.0,1.0,1.0,0.0,1.0,nan,nan,nan,nan,inf,inf,1.0,0,0,0,0,0,0,0,6144,1659.751100003632,2026-08-11T14:54:30.141584+00:00
06607db98e6b55b7,null,kodak,kodim13,kodim13|512x768|8,768,512,3,,,,B,8,2,20260811,44.22841428732839,0.9952315262165566,1.0,1.0,1.0,1.0,0.0,1.0,1.0,1.0,1.0,0.0,1.0,1.0,1.0,1.0,0.0,1.0,nan,nan,nan,nan,inf,inf,1.0,0,0,0,0,0,0,0,6144,1646.2403000004997,2026-08-11T14:54:31.788479+00:00
677f541c9181c312,null,kodak,kodim13,kodim13|512x768|8,768,512,3,,,,B,8,3,20260811,44.22448127248377,0.9952265326212659,1.0,1.0,1.0,1.0,0.0,1.0,1.0,1.0,1.0,0.0,1.0,1.0,1.0,1.0,0.0,1.0,nan,nan,nan,nan,inf,inf,1.0,0,0,0,0,0,0,0,6144,1628.2350000001315,2026-08-11T14:54:33.417154+00:00
b955b365d8c4dd74,null,kodak,kodim13,kodim13|512x768|8,768,512,3,,,,B,8,4,20260811,44.232733468013336,0.9952497611302102,1.0,1.0,1.0,1.0,0.0,1.0,1.0,1.0,1.0,0.0,1.0,1.0,1.0,1.0,0.0,1.0,nan,nan,nan,nan,inf,inf,1.0,0,0,0,0,0,0,0,6144,1650.4373000025225,2026-08-11T14:54:35.067810+00:00
738bb1b6309b9864,null,kodak,kodim14,kodim14|512x768|8,768,512,3,,,,A,8,0,20260811,43.30336368125026,0.9885868275916909,1.0,1.0,1.0,1.0,0.0,1.0,1.0,1.0,1.0,0.0,1.0,1.0,1.0,1.0,0.0,1.0,nan,nan,nan,nan,inf,inf,1.0,0,0,0,0,0,0,0,6144,1091.6400000023714,2026-08-11T14:54:36.159908+00:00
68ff06d1f8a54623,null,kodak,kodim14,kodim14|512x768|8,768,512,3,,,,A,8,1,20260811,43.30885601010075,0.9885971736924967,1.0,1.0,1.0,1.0,0.0,1.0,1.0,1.0,1.0,0.0,1.0,1.0,1.0,1.0,0.0,1.0,nan,nan,nan,nan,inf,inf,1.0,0,0,0,0,0,0,0,6144,1671.6025000023365,2026-08-11T14:54:37.832130+00:00
528031e3b48323ed,null,kodak,kodim14,kodim14|512x768|8,768,512,3,,,,A,8,2,20260811,43.30473399180063,0.9885725726518131,1.0,1.0,1.0,1.0,0.0,1.0,1.0,1.0,1.0,0.0,1.0,1.0,1.0,1.0,0.0,1.0,nan,nan,nan,nan,inf,inf,1.0,0,0,0,0,0,0,0,6144,1624.1914999991423,2026-08-11T14:54:39.456706+00:00
92912d02c01a6f9e,null,kodak,kodim14,kodim14|512x768|8,768,512,3,,,,A,8,3,20260811,43.31229968130454,0.988588348196211,1.0,1.0,1.0,1.0,0.0,1.0,1.0,1.0,1.0,0.0,1.0,1.0,1.0,1.0,0.0,1.0,nan,nan,nan,nan,inf,inf,1.0,0,0,0,0,0,0,0,6144,1719.2686999987927,2026-08-11T14:54:41.176001+00:00
a52c602c1b8e5657,null,kodak,kodim14,kodim14|512x768|8,768,512,3,,,,A,8,4,20260811,43.3058865505117,0.9885542919738537,1.0,1.0,1.0,1.0,0.0,1.0,1.0,1.0,1.0,0.0,1.0,1.0,1.0,1.0,0.0,1.0,nan,nan,nan,nan,inf,inf,1.0,0,0,0,0,0,0,0,6144,1691.0877999980585,2026-08-11T14:54:42.867823+00:00
20999ff85d529625,null,kodak,kodim14,kodim14|512x768|8,768,512,3,,,,B,8,0,20260811,44.22978156318085,0.9904556560255146,1.0,1.0,1.0,1.0,0.0,1.0,1.0,1.0,1.0,0.0,1.0,1.0,1.0,1.0,0.0,1.0,nan,nan,nan,nan,inf,inf,1.0,0,0,0,0,0,0,0,6144,1122.3607000029006,2026-08-11T14:54:43.990639+00:00
495e268607a5797a,null,kodak,kodim14,kodim14|512x768|8,768,512,3,,,,B,8,1,20260811,44.23163076880073,0.9904700517213992,1.0,1.0,1.0,1.0,0.0,1.0,1.0,1.0,1.0,0.0,1.0,1.0,1.0,1.0,0.0,1.0,nan,nan,nan,nan,inf,inf,1.0,0,0,0,0,0,0,0,6144,1667.9077000007965,2026-08-11T14:54:45.658734+00:00
a7a741d71d3d40e9,null,kodak,kodim14,kodim14|512x768|8,768,512,3,,,,B,8,2,20260811,44.23670400320407,0.9904821664720017,1.0,1.0,1.0,1.0,0.0,1.0,1.0,1.0,1.0,0.0,1.0,1.0,1.0,1.0,0.0,1.0,nan,nan,nan,nan,inf,inf,1.0,0,0,0,0,0,0,0,6144,1702.9738000019279,2026-08-11T14:54:47.362129+00:00
4d6375db2d034ad4,null,kodak,kodim14,kodim14|512x768|8,768,512,3,,,,B,8,3,20260811,44.23182278336093,0.9904573181010333,1.0,1.0,1.0,1.0,0.0,1.0,1.0,1.0,1.0,0.0,1.0,1.0,1.0,1.0,0.0,1.0,nan,nan,nan,nan,inf,inf,1.0,0,0,0,0,0,0,0,6144,1686.896600000182,2026-08-11T14:54:49.049196+00:00
95ade3d4f9341f33,null,kodak,kodim14,kodim14|512x768|8,768,512,3,,,,B,8,4,20260811,44.233732890371456,0.9904703582239321,1.0,1.0,1.0,1.0,0.0,1.0,1.0,1.0,1.0,0.0,1.0,1.0,1.0,1.0,0.0,1.0,nan,nan,nan,nan,inf,inf,1.0,0,0,0,0,0,0,0,6144,1666.3134999980684,2026-08-11T14:54:50.715756+00:00
7ad92e098041ad08,null,kodak,kodim15,kodim15|512x768|8,768,512,3,,,,A,8,0,20260811,43.06845976467227,0.9774643207959839,1.0,1.0,1.0,1.0,0.0,1.0,1.0,1.0,1.0,0.0,1.0,1.0,1.0,1.0,0.0,1.0,nan,nan,nan,nan,inf,inf,1.0,0,0,0,0,0,0,0,6144,1080.7463999990432,2026-08-11T14:54:51.797280+00:00
8c7eedcf6bc8256b,null,kodak,kodim15,kodim15|512x768|8,768,512,3,,,,A,8,1,20260811,43.06503776760152,0.9774302189855409,1.0,1.0,1.0,1.0,0.0,1.0,1.0,1.0,1.0,0.0,1.0,1.0,1.0,1.0,0.0,1.0,nan,nan,nan,nan,inf,inf,1.0,0,0,0,0,0,0,0,6144,1701.029899999412,2026-08-11T14:54:53.498629+00:00
8a6751c5efff7a9f,null,kodak,kodim15,kodim15|512x768|8,768,512,3,,,,A,8,2,20260811,43.05801294568398,0.9773829469381233,1.0,1.0,1.0,1.0,0.0,1.0,1.0,1.0,1.0,0.0,1.0,1.0,1.0,1.0,0.0,1.0,nan,nan,nan,nan,inf,inf,1.0,0,0,0,0,0,0,0,6144,1703.3492000009574,2026-08-11T14:54:55.202051+00:00
0f4e084da5b59978,null,kodak,kodim15,kodim15|512x768|8,768,512,3,,,,A,8,3,20260811,43.05822475015714,0.9774139335450119,1.0,1.0,1.0,1.0,0.0,1.0,1.0,1.0,1.0,0.0,1.0,1.0,1.0,1.0,0.0,1.0,nan,nan,nan,nan,inf,inf,1.0,0,0,0,0,0,0,0,6144,1706.8518999985827,2026-08-11T14:54:56.909600+00:00
1389440cdd78b2ee,null,kodak,kodim15,kodim15|512x768|8,768,512,3,,,,A,8,4,20260811,43.060319308292506,0.9773615173757747,1.0,1.0,1.0,1.0,0.0,1.0,1.0,1.0,1.0,0.0,1.0,1.0,1.0,1.0,0.0,1.0,nan,nan,nan,nan,inf,inf,1.0,0,0,0,0,0,0,0,6144,1633.5075999995752,2026-08-11T14:54:58.543392+00:00
a5b9e2966663801a,null,kodak,kodim15,kodim15|512x768|8,768,512,3,,,,B,8,0,20260811,43.88882798290298,0.9786469142676429,1.0,1.0,1.0,1.0,0.0,1.0,1.0,1.0,1.0,0.0,1.0,1.0,1.0,1.0,0.0,1.0,nan,nan,nan,nan,inf,inf,1.0,0,0,0,0,0,0,0,6144,1086.89570000206,2026-08-11T14:54:59.630342+00:00
9f1068d21ff900c8,null,kodak,kodim15,kodim15|512x768|8,768,512,3,,,,B,8,1,20260811,43.89173171248308,0.9786105636605268,1.0,1.0,1.0,1.0,0.0,1.0,1.0,1.0,1.0,0.0,1.0,1.0,1.0,1.0,0.0,1.0,nan,nan,nan,nan,inf,inf,1.0,0,0,0,0,0,0,0,6144,1700.1068999998097,2026-08-11T14:55:01.331232+00:00
5f7255b7b149b4b0,null,kodak,kodim15,kodim15|512x768|8,768,512,3,,,,B,8,2,20260811,43.886965293499635,0.9786004953790951,1.0,1.0,1.0,1.0,0.0,1.0,1.0,1.0,1.0,0.0,1.0,1.0,1.0,1.0,0.0,1.0,nan,nan,nan,nan,inf,inf,1.0,0,0,0,0,0,0,0,6144,1625.6548000019393,2026-08-11T14:55:02.957123+00:00
b17b9e9f0defaeb7,null,kodak,kodim15,kodim15|512x768|8,768,512,3,,,,B,8,3,20260811,43.89731582157408,0.9786132364883683,1.0,1.0,1.0,1.0,0.0,1.0,1.0,1.0,1.0,0.0,1.0,1.0,1.0,1.0,0.0,1.0,nan,nan,nan,nan,inf,inf,1.0,0,0,0,0,0,0,0,6144,1651.858400000492,2026-08-11T14:55:04.609376+00:00
f07ffb6b5c1d5036,null,kodak,kodim15,kodim15|512x768|8,768,512,3,,,,B,8,4,20260811,43.89242395750826,0.9786184042204584,1.0,1.0,1.0,1.0,0.0,1.0,1.0,1.0,1.0,0.0,1.0,1.0,1.0,1.0,0.0,1.0,nan,nan,nan,nan,inf,inf,1.0,0,0,0,0,0,0,0,6144,1732.3656000007759,2026-08-11T14:55:06.341983+00:00
27580a31fa3d9e6f,null,kodak,kodim16,kodim16|512x768|8,768,512,3,,,,A,8,0,20260811,43.16789090561766,0.9800823505817048,1.0,1.0,1.0,1.0,0.0,1.0,1.0,1.0,1.0,0.0,1.0,1.0,1.0,1.0,0.0,1.0,nan,nan,nan,nan,inf,inf,1.0,0,0,0,0,0,0,0,6144,1109.951499998715,2026-08-11T14:55:07.452511+00:00
3b2f965169f219f5,null,kodak,kodim16,kodim16|512x768|8,768,512,3,,,,A,8,1,20260811,43.172800645007214,0.9801297167661168,1.0,1.0,1.0,1.0,0.0,1.0,1.0,1.0,1.0,0.0,1.0,1.0,1.0,1.0,0.0,1.0,nan,nan,nan,nan,inf,inf,1.0,0,0,0,0,0,0,0,6144,1669.1456000007747,2026-08-11T14:55:09.121631+00:00
f2d98a99e20950f8,null,kodak,kodim16,kodim16|512x768|8,768,512,3,,,,A,8,2,20260811,43.17196962890013,0.9801186487528147,1.0,1.0,1.0,1.0,0.0,1.0,1.0,1.0,1.0,0.0,1.0,1.0,1.0,1.0,0.0,1.0,nan,nan,nan,nan,inf,inf,1.0,0,0,0,0,0,0,0,6144,1706.0988000012003,2026-08-11T14:55:10.828103+00:00
1ea56a0d63291b14,null,kodak,kodim16,kodim16|512x768|8,768,512,3,,,,A,8,3,20260811,43.1684052339303,0.980124299185764,1.0,1.0,1.0,1.0,0.0,1.0,1.0,1.0,1.0,0.0,1.0,1.0,1.0,1.0,0.0,1.0,nan,nan,nan,nan,inf,inf,1.0,0,0,0,0,0,0,0,6144,1646.812899998622,2026-08-11T14:55:12.475747+00:00
7c54e6079516f607,null,kodak,kodim16,kodim16|512x768|8,768,512,3,,,,A,8,4,20260811,43.168404059595375,0.9800682744986545,1.0,1.0,1.0,1.0,0.0,1.0,1.0,1.0,1.0,0.0,1.0,1.0,1.0,1.0,0.0,1.0,nan,nan,nan,nan,inf,inf,1.0,0,0,0,0,0,0,0,6144,1646.8685999971058,2026-08-11T14:55:14.122824+00:00
97884cfff8a2a780,null,kodak,kodim16,kodim16|512x768|8,768,512,3,,,,B,8,0,20260811,44.27948197573862,0.9829989303912248,1.0,1.0,1.0,1.0,0.0,1.0,1.0,1.0,1.0,0.0,1.0,1.0,1.0,1.0,0.0,1.0,nan,nan,nan,nan,inf,inf,1.0,0,0,0,0,0,0,0,6144,1087.241000001086,2026-08-11T14:55:15.210339+00:00
331ba80fa3c97d12,null,kodak,kodim16,kodim16|512x768|8,768,512,3,,,,B,8,1,20260811,44.27910281726794,0.9829846344849215,1.0,1.0,1.0,1.0,0.0,1.0,1.0,1.0,1.0,0.0,1.0,1.0,1.0,1.0,0.0,1.0,nan,nan,nan,nan,inf,inf,1.0,0,0,0,0,0,0,0,6144,1629.8406000023533,2026-08-11T14:55:16.840547+00:00
37d71027e388a70b,null,kodak,kodim16,kodim16|512x768|8,768,512,3,,,,B,8,2,20260811,44.27352240184986,0.9829640831284033,1.0,1.0,1.0,1.0,0.0,1.0,1.0,1.0,1.0,0.0,1.0,1.0,1.0,1.0,0.0,1.0,nan,nan,nan,nan,inf,inf,1.0,0,0,0,0,0,0,0,6144,1646.1297000023478,2026-08-11T14:55:18.487110+00:00
016ef8013cd8b43a,null,kodak,kodim16,kodim16|512x768|8,768,512,3,,,,B,8,3,20260811,44.2797580239278,0.983017364318541,1.0,1.0,1.0,1.0,0.0,1.0,1.0,1.0,1.0,0.0,1.0,1.0,1.0,1.0,0.0,1.0,nan,nan,nan,nan,inf,inf,1.0,0,0,0,0,0,0,0,6144,1694.1918000011356,2026-08-11T14:55:20.181834+00:00
c43a0abc26c98266,null,kodak,kodim16,kodim16|512x768|8,768,512,3,,,,B,8,4,20260811,44.276869487410806,0.9829763131963647,1.0,1.0,1.0,1.0,0.0,1.0,1.0,1.0,1.0,0.0,1.0,1.0,1.0,1.0,0.0,1.0,nan,nan,nan,nan,inf,inf,1.0,0,0,0,0,0,0,0,6144,1734.4645000011951,2026-08-11T14:55:21.916743+00:00
0858a27a0ce41e56,null,kodak,kodim17,kodim17|768x512|8,512,768,3,,,,A,8,0,20260811,43.208420110497265,0.9802246385825053,1.0,1.0,1.0,1.0,0.0,1.0,1.0,1.0,1.0,0.0,1.0,1.0,1.0,1.0,0.0,1.0,nan,nan,nan,nan,inf,inf,1.0,0,0,0,0,0,0,0,6144,1077.9613999984576,2026-08-11T14:55:22.994987+00:00
e4ff2474c333da92,null,kodak,kodim17,kodim17|768x512|8,512,768,3,,,,A,8,1,20260811,43.22053794504995,0.9802171596870543,1.0,1.0,1.0,1.0,0.0,1.0,1.0,1.0,1.0,0.0,1.0,1.0,1.0,1.0,0.0,1.0,nan,nan,nan,nan,inf,inf,1.0,0,0,0,0,0,0,0,6144,1662.700600001699,2026-08-11T14:55:24.657992+00:00
8d0bbb423f29b560,null,kodak,kodim17,kodim17|768x512|8,512,768,3,,,,A,8,2,20260811,43.20921308512488,0.9801389516199971,1.0,1.0,1.0,1.0,0.0,1.0,1.0,1.0,1.0,0.0,1.0,1.0,1.0,1.0,0.0,1.0,nan,nan,nan,nan,inf,inf,1.0,0,0,0,0,0,0,0,6144,1626.4226999992388,2026-08-11T14:55:26.285127+00:00
b2d9a1600b54895e,null,kodak,kodim17,kodim17|768x512|8,512,768,3,,,,A,8,3,20260811,43.21368442539716,0.9802216622776608,1.0,1.0,1.0,1.0,0.0,1.0,1.0,1.0,1.0,0.0,1.0,1.0,1.0,1.0,0.0,1.0,nan,nan,nan,nan,inf,inf,1.0,0,0,0,0,0,0,0,6144,1632.5011999979324,2026-08-11T14:55:27.917895+00:00
cc9190bd1478eb1d,null,kodak,kodim17,kodim17|768x512|8,512,768,3,,,,A,8,4,20260811,43.213005718831845,0.9801644354556708,1.0,1.0,1.0,1.0,0.0,1.0,1.0,1.0,1.0,0.0,1.0,1.0,1.0,1.0,0.0,1.0,nan,nan,nan,nan,inf,inf,1.0,0,0,0,0,0,0,0,6144,1629.067899997608,2026-08-11T14:55:29.547592+00:00
27f4f60de361905f,null,kodak,kodim17,kodim17|768x512|8,512,768,3,,,,B,8,0,20260811,44.15070555428351,0.9829109574859549,1.0,1.0,1.0,1.0,0.0,1.0,1.0,1.0,1.0,0.0,1.0,1.0,1.0,1.0,0.0,1.0,nan,nan,nan,nan,inf,inf,1.0,0,0,0,0,0,0,0,6144,1070.1286000003165,2026-08-11T14:55:30.618186+00:00
a747e191b007131a,null,kodak,kodim17,kodim17|768x512|8,512,768,3,,,,B,8,1,20260811,44.157547234842404,0.9829250617498458,1.0,1.0,1.0,1.0,0.0,1.0,1.0,1.0,1.0,0.0,1.0,1.0,1.0,1.0,0.0,1.0,nan,nan,nan,nan,inf,inf,1.0,0,0,0,0,0,0,0,6144,1632.953100001032,2026-08-11T14:55:32.251639+00:00
8853e77f70a9cbda,null,kodak,kodim17,kodim17|768x512|8,512,768,3,,,,B,8,2,20260811,44.14352918137452,0.9828810024886597,1.0,1.0,1.0,1.0,0.0,1.0,1.0,1.0,1.0,0.0,1.0,1.0,1.0,1.0,0.0,1.0,nan,nan,nan,nan,inf,inf,1.0,0,0,0,0,0,0,0,6144,1609.292600001936,2026-08-11T14:55:33.861367+00:00
34a7314a0126ba7c,null,kodak,kodim17,kodim17|768x512|8,512,768,3,,,,B,8,3,20260811,44.14383200293577,0.9828945700283075,1.0,1.0,1.0,1.0,0.0,1.0,1.0,1.0,1.0,0.0,1.0,1.0,1.0,1.0,0.0,1.0,nan,nan,nan,nan,inf,inf,1.0,0,0,0,0,0,0,0,6144,1623.1250999990152,2026-08-11T14:55:35.484919+00:00
7c3fd2fe57d2b091,null,kodak,kodim17,kodim17|768x512|8,512,768,3,,,,B,8,4,20260811,44.14889048005752,0.9828920800043788,1.0,1.0,1.0,1.0,0.0,1.0,1.0,1.0,1.0,0.0,1.0,1.0,1.0,1.0,0.0,1.0,nan,nan,nan,nan,inf,inf,1.0,0,0,0,0,0,0,0,6144,1630.674200001522,2026-08-11T14:55:37.115638+00:00
1fcccb5c385efe97,null,kodak,kodim18,kodim18|768x512|8,512,768,3,,,,A,8,0,20260811,43.31316891782818,0.9867175294206468,1.0,1.0,1.0,1.0,0.0,1.0,1.0,1.0,1.0,0.0,1.0,1.0,1.0,1.0,0.0,1.0,nan,nan,nan,nan,inf,inf,1.0,0,0,0,0,0,0,0,6144,1104.994400000578,2026-08-11T14:55:38.221015+00:00
91b09e04cba98e35,null,kodak,kodim18,kodim18|768x512|8,512,768,3,,,,A,8,1,20260811,43.311759531173195,0.9867217574157575,1.0,1.0,1.0,1.0,0.0,1.0,1.0,1.0,1.0,0.0,1.0,1.0,1.0,1.0,0.0,1.0,nan,nan,nan,nan,inf,inf,1.0,0,0,0,0,0,0,0,6144,1612.0040999994671,2026-08-11T14:55:39.833836+00:00
58b2bab36a342ce3,null,kodak,kodim18,kodim18|768x512|8,512,768,3,,,,A,8,2,20260811,43.321637289257495,0.9867725762157425,1.0,1.0,1.0,1.0,0.0,1.0,1.0,1.0,1.0,0.0,1.0,1.0,1.0,1.0,0.0,1.0,nan,nan,nan,nan,inf,inf,1.0,0,0,0,0,0,0,0,6144,1666.5110000030836,2026-08-11T14:55:41.500376+00:00
c2d6cf2c7a7897ea,null,kodak,kodim18,kodim18|768x512|8,512,768,3,,,,A,8,3,20260811,43.322651976097035,0.9867528984273203,1.0,1.0,1.0,1.0,0.0,1.0,1.0,1.0,1.0,0.0,1.0,1.0,1.0,1.0,0.0,1.0,nan,nan,nan,nan,inf,inf,1.0,0,0,0,0,0,0,0,6144,1634.4205999994301,2026-08-11T14:55:43.135352+00:00
5db2b96b11626c30,null,kodak,kodim18,kodim18|768x512|8,512,768,3,,,,A,8,4,20260811,43.316072894834925,0.9867261217760842,1.0,1.0,1.0,1.0,0.0,1.0,1.0,1.0,1.0,0.0,1.0,1.0,1.0,1.0,0.0,1.0,nan,nan,nan,nan,inf,inf,1.0,0,0,0,0,0,0,0,6144,1620.7471000016085,2026-08-11T14:55:44.756317+00:00
2415d4661fe52586,null,kodak,kodim18,kodim18|768x512|8,512,768,3,,,,B,8,0,20260811,44.03788525674788,0.9882988921055113,1.0,1.0,1.0,1.0,0.0,1.0,1.0,1.0,1.0,0.0,1.0,1.0,1.0,1.0,0.0,1.0,nan,nan,nan,nan,inf,inf,1.0,0,0,0,0,0,0,0,6144,1075.9536999976262,2026-08-11T14:55:45.833082+00:00
51eac46cf8c9dacf,null,kodak,kodim18,kodim18|768x512|8,512,768,3,,,,B,8,1,20260811,44.029951827850546,0.9882905552742263,1.0,1.0,1.0,1.0,0.0,1.0,1.0,1.0,1.0,0.0,1.0,1.0,1.0,1.0,0.0,1.0,nan,nan,nan,nan,inf,inf,1.0,0,0,0,0,0,0,0,6144,1588.7994000004255,2026-08-11T14:55:47.422329+00:00
d7fe3c099d138bfc,null,kodak,kodim18,kodim18|768x512|8,512,768,3,,,,B,8,2,20260811,44.03618698640127,0.9883098591623845,1.0,1.0,1.0,1.0,0.0,1.0,1.0,1.0,1.0,0.0,1.0,1.0,1.0,1.0,0.0,1.0,nan,nan,nan,nan,inf,inf,1.0,0,0,0,0,0,0,0,6144,1596.199899999192,2026-08-11T14:55:49.018744+00:00
896ab1134c6a2573,null,kodak,kodim18,kodim18|768x512|8,512,768,3,,,,B,8,3,20260811,44.03753522102798,0.9883212996675447,1.0,1.0,1.0,1.0,0.0,1.0,1.0,1.0,1.0,0.0,1.0,1.0,1.0,1.0,0.0,1.0,nan,nan,nan,nan,inf,inf,1.0,0,0,0,0,0,0,0,6144,1591.6448999996646,2026-08-11T14:55:50.610555+00:00
30bd5460a6b9feb8,null,kodak,kodim18,kodim18|768x512|8,512,768,3,,,,B,8,4,20260811,44.03757969121482,0.9883180052876649,1.0,1.0,1.0,1.0,0.0,1.0,1.0,1.0,1.0,0.0,1.0,1.0,1.0,1.0,0.0,1.0,nan,nan,nan,nan,inf,inf,1.0,0,0,0,0,0,0,0,6144,1629.0649000002304,2026-08-11T14:55:52.240013+00:00
0454e5d92fa23a4e,null,kodak,kodim19,kodim19|768x512|8,512,768,3,,,,A,8,0,20260811,43.25123623020219,0.981777090937686,1.0,1.0,1.0,1.0,0.0,1.0,1.0,1.0,1.0,0.0,1.0,1.0,1.0,1.0,0.0,1.0,nan,nan,nan,nan,inf,inf,1.0,0,0,0,0,0,0,0,6144,1069.5864000008442,2026-08-11T14:55:53.310099+00:00
530cfea0f4354b13,null,kodak,kodim19,kodim19|768x512|8,512,768,3,,,,A,8,1,20260811,43.24540383180264,0.9817597618774476,1.0,1.0,1.0,1.0,0.0,1.0,1.0,1.0,1.0,0.0,1.0,1.0,1.0,1.0,0.0,1.0,nan,nan,nan,nan,inf,inf,1.0,0,0,0,0,0,0,0,6144,1651.138400000491,2026-08-11T14:55:54.961810+00:00
7ecbaccec041fb2e,null,kodak,kodim19,kodim19|768x512|8,512,768,3,,,,A,8,2,20260811,43.243225271258055,0.9817626863260944,1.0,1.0,1.0,1.0,0.0,1.0,1.0,1.0,1.0,0.0,1.0,1.0,1.0,1.0,0.0,1.0,nan,nan,nan,nan,inf,inf,1.0,0,0,0,0,0,0,0,6144,1608.1653000001097,2026-08-11T14:55:56.570512+00:00
d4464ecc510d9859,null,kodak,kodim19,kodim19|768x512|8,512,768,3,,,,A,8,3,20260811,43.24584015326708,0.9817439595352245,1.0,1.0,1.0,1.0,0.0,1.0,1.0,1.0,1.0,0.0,1.0,1.0,1.0,1.0,0.0,1.0,nan,nan,nan,nan,inf,inf,1.0,0,0,0,0,0,0,0,6144,1640.8201999984158,2026-08-11T14:55:58.211443+00:00
6d42565ddea82da1,null,kodak,kodim19,kodim19|768x512|8,512,768,3,,,,A,8,4,20260811,43.25221424650486,0.9818217569911093,1.0,1.0,1.0,1.0,0.0,1.0,1.0,1.0,1.0,0.0,1.0,1.0,1.0,1.0,0.0,1.0,nan,nan,nan,nan,inf,inf,1.0,0,0,0,0,0,0,0,6144,1631.1703000028501,2026-08-11T14:55:59.843209+00:00
b5f239929b042006,null,kodak,kodim19,kodim19|768x512|8,512,768,3,,,,B,8,0,20260811,44.368520915717724,0.984495878404164,1.0,1.0,1.0,1.0,0.0,1.0,1.0,1.0,1.0,0.0,1.0,1.0,1.0,1.0,0.0,1.0,nan,nan,nan,nan,inf,inf,1.0,0,0,0,0,0,0,0,6144,1080.3158000016992,2026-08-11T14:56:00.924024+00:00
81562570d0a412b5,null,kodak,kodim19,kodim19|768x512|8,512,768,3,,,,B,8,1,20260811,44.3769322316041,0.9845502397725827,1.0,1.0,1.0,1.0,0.0,1.0,1.0,1.0,1.0,0.0,1.0,1.0,1.0,1.0,0.0,1.0,nan,nan,nan,nan,inf,inf,1.0,0,0,0,0,0,0,0,6144,1612.1228999982122,2026-08-11T14:56:02.536308+00:00
1189c5ce69e67cc0,null,kodak,kodim19,kodim19|768x512|8,512,768,3,,,,B,8,2,20260811,44.37586829523303,0.9845355337296761,1.0,1.0,1.0,1.0,0.0,1.0,1.0,1.0,1.0,0.0,1.0,1.0,1.0,1.0,0.0,1.0,nan,nan,nan,nan,inf,inf,1.0,0,0,0,0,0,0,0,6144,1636.4613000005193,2026-08-11T14:56:04.173200+00:00
2d54594e981ec3cc,null,kodak,kodim19,kodim19|768x512|8,512,768,3,,,,B,8,3,20260811,44.374161268552676,0.9845601420150585,1.0,1.0,1.0,1.0,0.0,1.0,1.0,1.0,1.0,0.0,1.0,1.0,1.0,1.0,0.0,1.0,nan,nan,nan,nan,inf,inf,1.0,0,0,0,0,0,0,0,6144,1616.0348000012164,2026-08-11T14:56:05.789555+00:00
4831ccc653fbe62d,null,kodak,kodim19,kodim19|768x512|8,512,768,3,,,,B,8,4,20260811,44.371782473228436,0.9845337882428217,1.0,1.0,1.0,1.0,0.0,1.0,1.0,1.0,1.0,0.0,1.0,1.0,1.0,1.0,0.0,1.0,nan,nan,nan,nan,inf,inf,1.0,0,0,0,0,0,0,0,6144,1632.5299000018276,2026-08-11T14:56:07.422865+00:00
f6da2d10b9fbcefe,null,kodak,kodim20,kodim20|512x768|8,768,512,3,,,,A,8,0,20260811,41.972876945506115,0.9805777397387679,1.0,1.0,1.0,1.0,0.0,1.0,1.0,1.0,1.0,0.0,1.0,1.0,1.0,1.0,0.0,1.0,nan,nan,nan,nan,inf,inf,1.0,0,0,0,0,0,0,0,6144,1066.228100000444,2026-08-11T14:56:08.489360+00:00
1aba5242dba13d75,null,kodak,kodim20,kodim20|512x768|8,768,512,3,,,,A,8,1,20260811,42.01442603096446,0.9804572792821843,1.0,1.0,1.0,1.0,0.0,1.0,1.0,1.0,1.0,0.0,1.0,1.0,1.0,1.0,0.0,1.0,nan,nan,nan,nan,inf,inf,1.0,0,0,0,0,0,0,0,6144,1629.563499998767,2026-08-11T14:56:10.119026+00:00
022af6b4726e6118,null,kodak,kodim20,kodim20|512x768|8,768,512,3,,,,A,8,2,20260811,41.995394633966825,0.980498021021,1.0,1.0,1.0,1.0,0.0,1.0,1.0,1.0,1.0,0.0,1.0,1.0,1.0,1.0,0.0,1.0,nan,nan,nan,nan,inf,inf,1.0,0,0,0,0,0,0,0,6144,1702.816699998948,2026-08-11T14:56:11.822196+00:00
d6df465a4171da9f,null,kodak,kodim20,kodim20|512x768|8,768,512,3,,,,A,8,3,20260811,42.00144850360196,0.9804781408398989,1.0,1.0,1.0,1.0,0.0,1.0,1.0,1.0,1.0,0.0,1.0,1.0,1.0,1.0,0.0,1.0,nan,nan,nan,nan,inf,inf,1.0,0,0,0,0,0,0,0,6144,1710.1701999999932,2026-08-11T14:56:13.533306+00:00
6d7e4485cc8b1672,null,kodak,kodim20,kodim20|512x768|8,768,512,3,,,,A,8,4,20260811,41.98793243068366,0.9805482511104998,1.0,1.0,1.0,1.0,0.0,1.0,1.0,1.0,1.0,0.0,1.0,1.0,1.0,1.0,0.0,1.0,nan,nan,nan,nan,inf,inf,1.0,0,0,0,0,0,0,0,6144,1671.1461000013514,2026-08-11T14:56:15.204474+00:00
5c9d99ab8bb5a0b7,null,kodak,kodim20,kodim20|512x768|8,768,512,3,,,,B,8,0,20260811,43.81533184675603,0.982088408783666,1.0,1.0,1.0,1.0,0.0,1.0,1.0,1.0,1.0,0.0,1.0,1.0,1.0,1.0,0.0,1.0,nan,nan,nan,nan,inf,inf,1.0,0,0,0,0,0,0,0,6144,1106.0773999997764,2026-08-11T14:56:16.311390+00:00
7e1936375e262951,null,kodak,kodim20,kodim20|512x768|8,768,512,3,,,,B,8,1,20260811,43.75928063016988,0.9820980668906847,1.0,1.0,1.0,1.0,0.0,1.0,1.0,1.0,1.0,0.0,1.0,1.0,1.0,1.0,0.0,1.0,nan,nan,nan,nan,inf,inf,1.0,0,0,0,0,0,0,0,6144,1667.9361000024073,2026-08-11T14:56:17.979485+00:00
5b5b69971304d2c5,null,kodak,kodim20,kodim20|512x768|8,768,512,3,,,,B,8,2,20260811,43.80132817553323,0.9820925883200484,1.0,1.0,1.0,1.0,0.0,1.0,1.0,1.0,1.0,0.0,1.0,1.0,1.0,1.0,0.0,1.0,nan,nan,nan,nan,inf,inf,1.0,0,0,0,0,0,0,0,6144,1638.880499998777,2026-08-11T14:56:19.618939+00:00
777b7c5492c5e6c1,null,kodak,kodim20,kodim20|512x768|8,768,512,3,,,,B,8,3,20260811,43.79525686388707,0.982098257438584,1.0,1.0,1.0,1.0,0.0,1.0,1.0,1.0,1.0,0.0,1.0,1.0,1.0,1.0,0.0,1.0,nan,nan,nan,nan,inf,inf,1.0,0,0,0,0,0,0,0,6144,1617.3761000027298,2026-08-11T14:56:21.236346+00:00
5ada458f8d10e6ea,null,kodak,kodim20,kodim20|512x768|8,768,512,3,,,,B,8,4,20260811,43.801102657568016,0.9821460398523293,1.0,1.0,1.0,1.0,0.0,1.0,1.0,1.0,1.0,0.0,1.0,1.0,1.0,1.0,0.0,1.0,nan,nan,nan,nan,inf,inf,1.0,0,0,0,0,0,0,0,6144,1625.8051000004343,2026-08-11T14:56:22.862685+00:00
f8ea870e72bbae3e,null,kodak,kodim21,kodim21|512x768|8,768,512,3,,,,A,8,0,20260811,43.21825540428765,0.9803089314521317,1.0,1.0,1.0,1.0,0.0,1.0,1.0,1.0,1.0,0.0,1.0,1.0,1.0,1.0,0.0,1.0,nan,nan,nan,nan,inf,inf,1.0,0,0,0,0,0,0,0,6144,1065.2582999973674,2026-08-11T14:56:23.928181+00:00
292f95e246fa0550,null,kodak,kodim21,kodim21|512x768|8,768,512,3,,,,A,8,1,20260811,43.22797967802859,0.9803856059719173,1.0,1.0,1.0,1.0,0.0,1.0,1.0,1.0,1.0,0.0,1.0,1.0,1.0,1.0,0.0,1.0,nan,nan,nan,nan,inf,inf,1.0,0,0,0,0,0,0,0,6144,1619.0137000012328,2026-08-11T14:56:25.547640+00:00
4171d0dd48cff89b,null,kodak,kodim21,kodim21|512x768|8,768,512,3,,,,A,8,2,20260811,43.221369986477825,0.9804074805128424,1.0,1.0,1.0,1.0,0.0,1.0,1.0,1.0,1.0,0.0,1.0,1.0,1.0,1.0,0.0,1.0,nan,nan,nan,nan,inf,inf,1.0,0,0,0,0,0,0,0,6144,1641.6887999985192,2026-08-11T14:56:27.189592+00:00
296da1f66eee3a73,null,kodak,kodim21,kodim21|512x768|8,768,512,3,,,,A,8,3,20260811,43.22139257268169,0.9803968093553169,1.0,1.0,1.0,1.0,0.0,1.0,1.0,1.0,1.0,0.0,1.0,1.0,1.0,1.0,0.0,1.0,nan,nan,nan,nan,inf,inf,1.0,0,0,0,0,0,0,0,6144,1637.7080000020214,2026-08-11T14:56:28.828024+00:00
383ce9da76fdefb1,null,kodak,kodim21,kodim21|512x768|8,768,512,3,,,,A,8,4,20260811,43.22103833943121,0.9803677760946492,1.0,1.0,1.0,1.0,0.0,1.0,1.0,1.0,1.0,0.0,1.0,1.0,1.0,1.0,0.0,1.0,nan,nan,nan,nan,inf,inf,1.0,0,0,0,0,0,0,0,6144,1647.4540000017441,2026-08-11T14:56:30.475637+00:00
d64885515c777891,null,kodak,kodim21,kodim21|512x768|8,768,512,3,,,,B,8,0,20260811,44.41332616106089,0.9831503892295924,1.0,1.0,1.0,1.0,0.0,1.0,1.0,1.0,1.0,0.0,1.0,1.0,1.0,1.0,0.0,1.0,nan,nan,nan,nan,inf,inf,1.0,0,0,0,0,0,0,0,6144,1089.1762000028393,2026-08-11T14:56:31.565174+00:00
f26df3130500a105,null,kodak,kodim21,kodim21|512x768|8,768,512,3,,,,B,8,1,20260811,44.413969082781605,0.9831931573778583,1.0,1.0,1.0,1.0,0.0,1.0,1.0,1.0,1.0,0.0,1.0,1.0,1.0,1.0,0.0,1.0,nan,nan,nan,nan,inf,inf,1.0,0,0,0,0,0,0,0,6144,1663.7871000020823,2026-08-11T14:56:33.239597+00:00
cd67a9726fcfccd8,null,kodak,kodim21,kodim21|512x768|8,768,512,3,,,,B,8,2,20260811,44.42134837613015,0.9831939870207979,1.0,1.0,1.0,1.0,0.0,1.0,1.0,1.0,1.0,0.0,1.0,1.0,1.0,1.0,0.0,1.0,nan,nan,nan,nan,inf,inf,1.0,0,0,0,0,0,0,0,6144,1789.8194000008516,2026-08-11T14:56:35.030091+00:00
23093b62343d1036,null,kodak,kodim21,kodim21|512x768|8,768,512,3,,,,B,8,3,20260811,44.41912371708878,0.9831794162216996,1.0,1.0,1.0,1.0,0.0,1.0,1.0,1.0,1.0,0.0,1.0,1.0,1.0,1.0,0.0,1.0,nan,nan,nan,nan,inf,inf,1.0,0,0,0,0,0,0,0,6144,1696.5290999978606,2026-08-11T14:56:36.726831+00:00
b03f236472a56a01,null,kodak,kodim21,kodim21|512x768|8,768,512,3,,,,B,8,4,20260811,44.417681431047626,0.983155897125489,1.0,1.0,1.0,1.0,0.0,1.0,1.0,1.0,1.0,0.0,1.0,1.0,1.0,1.0,0.0,1.0,nan,nan,nan,nan,inf,inf,1.0,0,0,0,0,0,0,0,6144,1698.403900001722,2026-08-11T14:56:38.425646+00:00
fd65f71ff6148ba6,null,kodak,kodim22,kodim22|512x768|8,768,512,3,,,,A,8,0,20260811,43.24412858996146,0.9832607083466677,1.0,1.0,1.0,1.0,0.0,1.0,1.0,1.0,1.0,0.0,1.0,1.0,1.0,1.0,0.0,1.0,nan,nan,nan,nan,inf,inf,1.0,0,0,0,0,0,0,0,6144,1098.0302000025404,2026-08-11T14:56:39.523912+00:00
bdb935fef652c347,null,kodak,kodim22,kodim22|512x768|8,768,512,3,,,,A,8,1,20260811,43.241480104240644,0.9832138961648466,1.0,1.0,1.0,1.0,0.0,1.0,1.0,1.0,1.0,0.0,1.0,1.0,1.0,1.0,0.0,1.0,nan,nan,nan,nan,inf,inf,1.0,0,0,0,0,0,0,0,6144,1752.5935000012396,2026-08-11T14:56:41.277000+00:00
36c7457195d62c72,null,kodak,kodim22,kodim22|512x768|8,768,512,3,,,,A,8,2,20260811,43.252373479308524,0.9832850567628372,1.0,1.0,1.0,1.0,0.0,1.0,1.0,1.0,1.0,0.0,1.0,1.0,1.0,1.0,0.0,1.0,nan,nan,nan,nan,inf,inf,1.0,0,0,0,0,0,0,0,6144,1660.9252999987802,2026-08-11T14:56:42.938225+00:00
1a7c9752e21dde16,null,kodak,kodim22,kodim22|512x768|8,768,512,3,,,,A,8,3,20260811,43.24881547999685,0.9832598900516724,1.0,1.0,1.0,1.0,0.0,1.0,1.0,1.0,1.0,0.0,1.0,1.0,1.0,1.0,0.0,1.0,nan,nan,nan,nan,inf,inf,1.0,0,0,0,0,0,0,0,6144,1663.452500000858,2026-08-11T14:56:44.602221+00:00
ad861d6cdc324def,null,kodak,kodim22,kodim22|512x768|8,768,512,3,,,,A,8,4,20260811,43.23855156776068,0.9832206351541203,1.0,1.0,1.0,1.0,0.0,1.0,1.0,1.0,1.0,0.0,1.0,1.0,1.0,1.0,0.0,1.0,nan,nan,nan,nan,inf,inf,1.0,0,0,0,0,0,0,0,6144,1661.1765999987256,2026-08-11T14:56:46.263631+00:00
08e5168e51e9a6fe,null,kodak,kodim22,kodim22|512x768|8,768,512,3,,,,B,8,0,20260811,44.39868832150954,0.9860724837698941,1.0,1.0,1.0,1.0,0.0,1.0,1.0,1.0,1.0,0.0,1.0,1.0,1.0,1.0,0.0,1.0,nan,nan,nan,nan,inf,inf,1.0,0,0,0,0,0,0,0,6144,1091.3531000005605,2026-08-11T14:56:47.355244+00:00
be6f78df83a68524,null,kodak,kodim22,kodim22|512x768|8,768,512,3,,,,B,8,1,20260811,44.38993141906187,0.9860158518421503,1.0,1.0,1.0,1.0,0.0,1.0,1.0,1.0,1.0,0.0,1.0,1.0,1.0,1.0,0.0,1.0,nan,nan,nan,nan,inf,inf,1.0,0,0,0,0,0,0,0,6144,1623.2946000018273,2026-08-11T14:56:48.978796+00:00
d4bef2fa4588d37e,null,kodak,kodim22,kodim22|512x768|8,768,512,3,,,,B,8,2,20260811,44.40253741041494,0.9860654019901478,1.0,1.0,1.0,1.0,0.0,1.0,1.0,1.0,1.0,0.0,1.0,1.0,1.0,1.0,0.0,1.0,nan,nan,nan,nan,inf,inf,1.0,0,0,0,0,0,0,0,6144,1624.019800001406,2026-08-11T14:56:50.603372+00:00
577d2e057b064df6,null,kodak,kodim22,kodim22|512x768|8,768,512,3,,,,B,8,3,20260811,44.395079391638326,0.9860461016330552,1.0,1.0,1.0,1.0,0.0,1.0,1.0,1.0,1.0,0.0,1.0,1.0,1.0,1.0,0.0,1.0,nan,nan,nan,nan,inf,inf,1.0,0,0,0,0,0,0,0,6144,1650.4174000001512,2026-08-11T14:56:52.254294+00:00
36fef31c3ab7b807,null,kodak,kodim22,kodim22|512x768|8,768,512,3,,,,B,8,4,20260811,44.39662014378254,0.9860448030017,1.0,1.0,1.0,1.0,0.0,1.0,1.0,1.0,1.0,0.0,1.0,1.0,1.0,1.0,0.0,1.0,nan,nan,nan,nan,inf,inf,1.0,0,0,0,0,0,0,0,6144,1688.3745999984967,2026-08-11T14:56:53.942893+00:00
e683c173fe584979,null,kodak,kodim23,kodim23|512x768|8,768,512,3,,,,A,8,0,20260811,43.183805728151725,0.9748930763645748,1.0,1.0,1.0,1.0,0.0,1.0,1.0,1.0,1.0,0.0,1.0,1.0,1.0,1.0,0.0,1.0,nan,nan,nan,nan,inf,inf,1.0,0,0,0,0,0,0,0,6144,1104.223499998625,2026-08-11T14:56:55.047784+00:00
0d96ffe7548643e9,null,kodak,kodim23,kodim23|512x768|8,768,512,3,,,,A,8,1,20260811,43.189485128776106,0.9749967584875399,1.0,1.0,1.0,1.0,0.0,1.0,1.0,1.0,1.0,0.0,1.0,1.0,1.0,1.0,0.0,1.0,nan,nan,nan,nan,inf,inf,1.0,0,0,0,0,0,0,0,6144,1641.1595999998099,2026-08-11T14:56:56.689264+00:00
8d6efdf8cf3be55e,null,kodak,kodim23,kodim23|512x768|8,768,512,3,,,,A,8,2,20260811,43.18104065314909,0.9749234942435816,1.0,1.0,1.0,1.0,0.0,1.0,1.0,1.0,1.0,0.0,1.0,1.0,1.0,1.0,0.0,1.0,nan,nan,nan,nan,inf,inf,1.0,0,0,0,0,0,0,0,6144,1667.5372999998217,2026-08-11T14:56:58.357361+00:00
510d13e9d61d9c82,null,kodak,kodim23,kodim23|512x768|8,768,512,3,,,,A,8,3,20260811,43.18716341311603,0.974959335709474,1.0,1.0,1.0,1.0,0.0,1.0,1.0,1.0,1.0,0.0,1.0,1.0,1.0,1.0,0.0,1.0,nan,nan,nan,nan,inf,inf,1.0,0,0,0,0,0,0,0,6144,1694.5716999980505,2026-08-11T14:57:00.052053+00:00
53982dfc4aabd5f6,null,kodak,kodim23,kodim23|512x768|8,768,512,3,,,,A,8,4,20260811,43.19094391426837,0.9750479318595118,1.0,1.0,1.0,1.0,0.0,1.0,1.0,1.0,1.0,0.0,1.0,1.0,1.0,1.0,0.0,1.0,nan,nan,nan,nan,inf,inf,1.0,0,0,0,0,0,0,0,6144,1726.0381000014604,2026-08-11T14:57:01.778622+00:00
3b2b4c34da944ffd,null,kodak,kodim23,kodim23|512x768|8,768,512,3,,,,B,8,0,20260811,44.22722276963753,0.976292159715678,1.0,1.0,1.0,1.0,0.0,1.0,1.0,1.0,1.0,0.0,1.0,1.0,1.0,1.0,0.0,1.0,nan,nan,nan,nan,inf,inf,1.0,0,0,0,0,0,0,0,6144,1093.8162999991619,2026-08-11T14:57:02.872768+00:00
52c55347b439620b,null,kodak,kodim23,kodim23|512x768|8,768,512,3,,,,B,8,1,20260811,44.2255866516415,0.9762610530418573,1.0,1.0,1.0,1.0,0.0,1.0,1.0,1.0,1.0,0.0,1.0,1.0,1.0,1.0,0.0,1.0,nan,nan,nan,nan,inf,inf,1.0,0,0,0,0,0,0,0,6144,1617.978199999925,2026-08-11T14:57:04.491197+00:00
3d09ba80465f8035,null,kodak,kodim23,kodim23|512x768|8,768,512,3,,,,B,8,2,20260811,44.221238653259114,0.9762591601968111,1.0,1.0,1.0,1.0,0.0,1.0,1.0,1.0,1.0,0.0,1.0,1.0,1.0,1.0,0.0,1.0,nan,nan,nan,nan,inf,inf,1.0,0,0,0,0,0,0,0,6144,1696.3617999972485,2026-08-11T14:57:06.187994+00:00
23daccc60f336048,null,kodak,kodim23,kodim23|512x768|8,768,512,3,,,,B,8,3,20260811,44.22115485032646,0.9762718235975464,1.0,1.0,1.0,1.0,0.0,1.0,1.0,1.0,1.0,0.0,1.0,1.0,1.0,1.0,0.0,1.0,nan,nan,nan,nan,inf,inf,1.0,0,0,0,0,0,0,0,6144,1682.9708000004757,2026-08-11T14:57:07.871426+00:00
9817f932fa5c038c,null,kodak,kodim23,kodim23|512x768|8,768,512,3,,,,B,8,4,20260811,44.22921181259582,0.9763031734723411,1.0,1.0,1.0,1.0,0.0,1.0,1.0,1.0,1.0,0.0,1.0,1.0,1.0,1.0,0.0,1.0,nan,nan,nan,nan,inf,inf,1.0,0,0,0,0,0,0,0,6144,1619.952299999568,2026-08-11T14:57:09.491915+00:00
093a733421e44b0e,null,kodak,kodim24,kodim24|512x768|8,768,512,3,,,,A,8,0,20260811,43.112608498968015,0.986267880674295,1.0,1.0,1.0,1.0,0.0,1.0,1.0,1.0,1.0,0.0,1.0,1.0,1.0,1.0,0.0,1.0,nan,nan,nan,nan,inf,inf,1.0,0,0,0,0,0,0,0,6144,1107.936600001267,2026-08-11T14:57:10.599898+00:00
1e0e54a53bb6cfe9,null,kodak,kodim24,kodim24|512x768|8,768,512,3,,,,A,8,1,20260811,43.12252176258781,0.9862426775441199,1.0,1.0,1.0,1.0,0.0,1.0,1.0,1.0,1.0,0.0,1.0,1.0,1.0,1.0,0.0,1.0,nan,nan,nan,nan,inf,inf,1.0,0,0,0,0,0,0,0,6144,1676.5253999983543,2026-08-11T14:57:12.276847+00:00
a0b6b4c4de3f9e94,null,kodak,kodim24,kodim24|512x768|8,768,512,3,,,,A,8,2,20260811,43.11878059344263,0.986244914458655,1.0,1.0,1.0,1.0,0.0,1.0,1.0,1.0,1.0,0.0,1.0,1.0,1.0,1.0,0.0,1.0,nan,nan,nan,nan,inf,inf,1.0,0,0,0,0,0,0,0,6144,1683.4014000014577,2026-08-11T14:57:13.960797+00:00
ec31de1b472e0781,null,kodak,kodim24,kodim24|512x768|8,768,512,3,,,,A,8,3,20260811,43.114896487504915,0.9862261957006622,1.0,1.0,1.0,1.0,0.0,1.0,1.0,1.0,1.0,0.0,1.0,1.0,1.0,1.0,0.0,1.0,nan,nan,nan,nan,inf,inf,1.0,0,0,0,0,0,0,0,6144,1739.7973999977694,2026-08-11T14:57:15.700591+00:00
8114b0dc77cde95a,null,kodak,kodim24,kodim24|512x768|8,768,512,3,,,,A,8,4,20260811,43.117928508228964,0.9862764106178186,1.0,1.0,1.0,1.0,0.0,1.0,1.0,1.0,1.0,0.0,1.0,1.0,1.0,1.0,0.0,1.0,nan,nan,nan,nan,inf,inf,1.0,0,0,0,0,0,0,0,6144,1679.290399999445,2026-08-11T14:57:17.380464+00:00
1b937b646b943d7f,null,kodak,kodim24,kodim24|512x768|8,768,512,3,,,,B,8,0,20260811,44.13277361071732,0.9884290880732579,1.0,1.0,1.0,1.0,0.0,1.0,1.0,1.0,1.0,0.0,1.0,1.0,1.0,1.0,0.0,1.0,nan,nan,nan,nan,inf,inf,1.0,0,0,0,0,0,0,0,6144,1119.6154999997816,2026-08-11T14:57:18.500691+00:00
478f0f1d84bf8757,null,kodak,kodim24,kodim24|512x768|8,768,512,3,,,,B,8,1,20260811,44.1480545939574,0.9884122117963651,1.0,1.0,1.0,1.0,0.0,1.0,1.0,1.0,1.0,0.0,1.0,1.0,1.0,1.0,0.0,1.0,nan,nan,nan,nan,inf,inf,1.0,0,0,0,0,0,0,0,6144,1651.2914999984787,2026-08-11T14:57:20.151919+00:00
665880a18f5721ec,null,kodak,kodim24,kodim24|512x768|8,768,512,3,,,,B,8,2,20260811,44.13486655415636,0.9884177086102405,1.0,1.0,1.0,1.0,0.0,1.0,1.0,1.0,1.0,0.0,1.0,1.0,1.0,1.0,0.0,1.0,nan,nan,nan,nan,inf,inf,1.0,0,0,0,0,0,0,0,6144,1659.1140999989875,2026-08-11T14:57:21.811570+00:00
355ecf76e0687fa5,null,kodak,kodim24,kodim24|512x768|8,768,512,3,,,,B,8,3,20260811,44.138280200702724,0.9883952051431546,1.0,1.0,1.0,1.0,0.0,1.0,1.0,1.0,1.0,0.0,1.0,1.0,1.0,1.0,0.0,1.0,nan,nan,nan,nan,inf,inf,1.0,0,0,0,0,0,0,0,6144,1642.222499998752,2026-08-11T14:57:23.454065+00:00
cbded77d448a4ca6,null,kodak,kodim24,kodim24|512x768|8,768,512,3,,,,B,8,4,20260811,44.14029648088777,0.9884256806064841,1.0,1.0,1.0,1.0,0.0,1.0,1.0,1.0,1.0,0.0,1.0,1.0,1.0,1.0,0.0,1.0,nan,nan,nan,nan,inf,inf,1.0,0,0,0,0,0,0,0,6144,1621.9830000009097,2026-08-11T14:57:25.076598+00:00
1f22642942a28a8e,tamper,usc_sipi,airplane,airplane|512x512|4,512,512,3,splice,0.10,0.099976,A,4,0,20260811,43.7710898668334,0.9774813029670276,1.0,1.0,1.0,1.0,0.0,1.0,1.0,1.0,1.0,0.0,0.9523255813953488,1.0,0.9755807027992853,0.9523255813953488,0.0055608300556083,0.9738372093023255,23.116556650064418,0.6892851419147815,18.04885340208782,0.6742595692557177,27.768345772400234,30.934992682920655,0.9641548943378204,1720,45,26208,720,0,0,0,16384,3451.063799999247,2026-08-11T14:57:28.528980+00:00
7a0d284ec48ff68e,tamper,usc_sipi,airplane,airplane|512x512|4,512,512,3,splice,0.25,0.250385,A,4,0,20260811,43.7710898668334,0.9774813029670276,1.0,1.0,1.0,1.0,0.0,1.0,1.0,1.0,1.0,0.0,0.9767410714285715,1.0,0.9882336999480567,0.9767410714285715,0.007953915127705375,0.8214285714285714,24.675791746604073,0.40213938920591685,10.761466183081385,0.3416195216165513,16.649594721900062,21.886021298423927,0.8234327872445556,4200,750,65637,12000,0,0,0,16384,1666.58489999827,2026-08-11T14:57:30.196566+00:00
e769ddf01a320064,tamper,usc_sipi,airplane,airplane|512x512|4,512,512,3,splice,0.50,0.501068,A,4,0,20260811,43.7710898668334,0.9774813029670276,1.0,1.0,1.0,1.0,0.0,1.0,1.0,1.0,1.0,0.0,0.980355863386673,1.0,0.9900805017035004,0.980355863386673,0.020123554957489756,0.5251970384523525,26.119576391002248,0.1025389428651724,6.11071522394899,0.06617290064369792,9.005219964679021,15.235154609361647,0.4985836207521585,8374,3976,131352,63616,0,0,0,16384,1677.688499999931,2026-08-11T14:57:31.874492+00:00
c8453484892c0d88,tamper,usc_sipi,airplane,airplane|512x512|4,512,512,3,inpaint_removal,0.10,0.101379,A,4,0,20260811,43.7710898668334,0.9774813029670276,1.0,1.0,1.0,1.0,0.0,1.0,1.0,1.0,1.0,0.0,0.9573487031700288,1.0,0.9782096584216725,0.9573487031700288,0.005026149561909937,0.9729106628242075,24.154442151894155,0.6998892454097365,17.51671253505585,0.6831473441180732,27.09094036697152,33.53226611598821,0.9646132197237751,1735,47,26576,752,8,0,0,16384,1707.4844000017038,2026-08-11T14:57:33.582526+00:00
79c0db4c9a46f8b6,tamper,usc_sipi,airplane,airplane|512x512|4,512,512,3,inpaint_removal,0.25,0.247501,A,4,0,20260811,43.7710898668334,0.9774813029670276,1.0,1.0,1.0,1.0,0.0,1.0,1.0,1.0,1.0,0.0,0.9733707393182909,1.0,0.9865056980165277,0.9733707393182909,0.008998139539599418,0.8262121939510322,24.72035884749107,0.3940968208346172,10.816095153353935,0.3350003284405175,16.743313224004734,25.470824309506487,0.8231611598338885,4166,724,64881,11584,33,0,0,16384,1782.4397000003955,2026-08-11T14:57:35.365822+00:00
c46870a49c0f9d57,tamper,usc_sipi,airplane,airplane|512x512|4,512,512,3,inpaint_removal,0.50,0.496384,A,4,0,20260811,43.7710898668334,0.9774813029670276,1.0,1.0,1.0,1.0,0.0,1.0,1.0,1.0,1.0,0.0,0.9818604370397199,1.0,0.9908472046662504,0.9818604370397199,0.01820936221784578,0.5319328745623566,25.608237785370797,0.1115988127931108,6.254344363465436,0.07385450126341732,9.200650738698483,20.029023764111376,0.5082779042521822,8283,3877,130124,62032,49,0,0,16384,1839.7283000012976,2026-08-11T14:57:37.205949+00:00
066f57da50ff163a,tamper,usc_sipi,airplane,airplane|512x512|4,512,512,3,crop_refill,0.10,0.100204,A,4,0,20260811,43.7710898668334,0.9774813029670276,1.0,1.0,1.0,1.0,0.0,1.0,1.0,1.0,1.0,0.0,0.965735294117647,1.0,0.982569013241565,0.965735294117647,0.003951228611643406,0.9682352941176471,35.577605273030514,0.7669545183060433,17.146968048021314,0.7447085157160036,26.73328194781192,41.46375027742565,0.9709930720947284,1700,54,26268,864,0,0,0,16384,1686.805800000002,2026-08-11T14:57:38.893531+00:00
11c6dd9289a39a4b,tamper,usc_sipi,airplane,airplane|512x512|4,512,512,3,crop_refill,0.25,0.249939,A,4,0,20260811,43.7710898668334,0.9774813029670276,1.0,1.0,1.0,1.0,0.0,1.0,1.0,1.0,1.0,0.0,0.9694602272727273,1.0,0.9844933285250631,0.9694602272727273,0.01049719261127838,0.8236268939393939,26.194418767945056,0.39197046250212164,10.785855899428306,0.33398481096718413,16.614236358463664,24.64099431186306,0.820038440476078,4224,745,65520,11920,0,0,0,16384,1652.596400002949,2026-08-11T14:57:40.546778+00:00
11abe5f27343643d,tamper,usc_sipi,airplane,airplane|512x512|4,512,512,3,crop_refill,0.50,0.499237,A,4,0,20260811,43.7710898668334,0.9774813029670276,1.0,1.0,1.0,1.0,0.0,1.0,1.0,1.0,1.0,0.0,0.9878623188405797,1.0,0.9938941037091041,0.9878623188405797,0.012249375342799683,0.538768115942029,25.645155878392437,0.11225303281620709,6.147395851230655,0.0739626361783417,9.105872557249487,18.020031357041823,0.5079368418946585,8280,3819,130872,61104,0,0,0,16384,1720.7214000009117,2026-08-11T14:57:42.268232+00:00
8d1ead6fca544722,tamper,usc_sipi,airplane,airplane|512x512|4,512,512,3,noise,0.10,0.099731,A,4,0,20260811,43.7710898668334,0.9774813029670276,1.0,1.0,1.0,1.0,0.0,1.0,1.0,1.0,1.0,0.0,0.9743589743589743,1.0,0.9870129870129869,0.9743589743589743,0.0029152542372881357,0.9761478831246273,27.025166072345307,0.7681451993095568,18.337889271911777,0.751868488465484,28.040311194535686,32.46438360968994,0.9724832176854047,1677,40,26144,640,0,0,0,16384,1650.7519999977376,2026-08-11T14:57:43.919433+00:00
988f97607b75e456,tamper,usc_sipi,airplane,airplane|512x512|4,512,512,3,noise,0.25,0.250473,A,4,0,20260811,43.7710898668334,0.9774813029670276,1.0,1.0,1.0,1.0,0.0,1.0,1.0,1.0,1.0,0.0,0.9879032258064516,1.0,0.9939148073022313,0.9879032258064516,0.004091936239083081,0.8240250361097737,23.979720752650234,0.4054749875366619,10.994166350185004,0.3475340671502895,16.94842019158124,21.439418258219042,0.826434044073611,4154,731,65660,11696,0,0,0,16384,1629.7472000005655,2026-08-11T14:57:45.550151+00:00
6deff60be493754e,tamper,usc_sipi,airplane,airplane|512x512|4,512,512,3,noise,0.50,0.499924,A,4,0,20260811,43.7710898668334,0.9774813029670276,1.0,1.0,1.0,1.0,0.0,1.0,1.0,1.0,1.0,0.0,0.9792862266857962,1.0,0.9895347256829611,0.9792862266857962,0.02114545510023495,0.5341941654710665,26.44228930412931,0.10825191289435818,6.170106088212925,0.0704253826379415,9.088353843287019,14.434090285123272,0.502675903195572,8364,3896,131052,62336,0,0,0,16384,1676.7122999990534,2026-08-11T14:57:47.226952+00:00
04b91ae339875d48,tamper,usc_sipi,baboon,baboon|512x512|4,512,512,3,splice,0.10,0.099869,A,4,0,20260811,43.74650453027354,0.9941200119623724,1.0,1.0,1.0,1.0,0.0,1.0,1.0,1.0,1.0,0.0,0.9535256410256411,1.0,0.9762100082034455,0.9535256410256411,0.0054076045498465865,0.9702797202797203,26.988614666885926,0.6905826573623,18.084285032341924,0.6739008798936331,27.43831156174213,32.91110953179958,0.9628516909244579,1716,51,26180,816,0,0,0,16384,2618.5745999973733,2026-08-11T14:57:49.846344+00:00
8ef90b8e9037b928,tamper,usc_sipi,baboon,baboon|512x512|4,512,512,3,splice,0.25,0.250282,A,4,0,20260811,43.74650453027354,0.9941200119623724,1.0,1.0,1.0,1.0,0.0,1.0,1.0,1.0,1.0,0.0,0.9726340132827325,1.0,0.9861271850059369,0.9726340132827325,0.009392776822330997,0.8138045540796964,23.71768555721603,0.38145777956530236,11.34006976368368,0.32417831196277097,17.216279980691514,21.561748243802494,0.818664380599695,4216,785,65610,12560,0,0,0,16384,1717.2050000008312,2026-08-11T14:57:51.564104+00:00
93b458c9ce884974,tamper,usc_sipi,baboon,baboon|512x512|4,512,512,3,splice,0.50,0.500259,A,4,0,20260811,43.74650453027354,0.9941200119623724,1.0,1.0,1.0,1.0,0.0,1.0,1.0,1.0,1.0,0.0,0.9757440476190476,1.0,0.9877231302252015,0.9757440476190476,0.02488473634392843,0.5302380952380952,21.916363543345025,0.1343960169912827,7.816434853348271,0.09114223459674493,10.72796651128051,15.81609726573645,0.51473435218419,8400,3946,131140,63136,1,0,0,16384,1714.6949999987555,2026-08-11T14:57:53.279509+00:00
6015e39a1a54d5f4,tamper,usc_sipi,baboon,baboon|512x512|4,512,512,3,inpaint_removal,0.10,0.098648,A,4,0,20260811,43.74650453027354,0.9941200119623724,1.0,1.0,1.0,1.0,0.0,1.0,1.0,1.0,1.0,0.0,0.9557953873447664,1.0,0.9773981404490135,0.9557953873447664,0.005061705405359652,0.9787108219988173,25.654603052729215,0.7034197260627337,20.194872207073516,0.6920818127120553,29.70101505562786,35.03461314061028,0.9662421095502317,1691,36,25860,576,0,0,0,16384,1704.2411000002176,2026-08-11T14:57:54.984470+00:00
781b0361739508ca,tamper,usc_sipi,baboon,baboon|512x512|4,512,512,3,inpaint_removal,0.25,0.249279,A,4,0,20260811,43.74650453027354,0.9941200119623724,1.0,1.0,1.0,1.0,0.0,1.0,1.0,1.0,1.0,0.0,0.9740490102551872,1.0,0.9868539283422055,0.9740490102551872,0.00884667957336748,0.834009062723587,22.53867046508223,0.34873872497897945,12.377429636718842,0.30356693539714846,18.236956183281286,25.46650181121833,0.8132175791519906,4193,696,65347,11136,0,0,0,16384,1747.2864000010304,2026-08-11T14:57:56.731926+00:00
5d87b36e11157e4c,tamper,usc_sipi,baboon,baboon|512x512|4,512,512,3,inpaint_removal,0.50,0.497658,A,4,0,20260811,43.74650453027354,0.9941200119623724,1.0,1.0,1.0,1.0,0.0,1.0,1.0,1.0,1.0,0.0,0.985570530641847,1.0,0.9927328346510619,0.985570530641847,0.014504199383381681,0.5538498730811072,20.99897890432002,0.15194635278639662,8.404584670662414,0.1066423880259212,11.376997391223702,17.992174814645576,0.5370088801193942,8273,3691,130458,59056,0,0,0,16384,1832.6272000012978,2026-08-11T14:57:58.565397+00:00
42fc4fd94b860199,tamper,usc_sipi,baboon,baboon|512x512|4,512,512,3,crop_refill,0.10,0.100079,A,4,0,20260811,43.74650453027354,0.9941200119623724,1.0,1.0,1.0,1.0,0.0,1.0,1.0,1.0,1.0,0.0,0.9521994773519163,1.0,0.9755145295331585,0.9521994773519163,0.005582661110852065,0.980836236933798,22.566741754747678,0.541234122068219,19.49094267177418,0.5321303221898596,29.162219951563483,31.476739204056734,0.9491410194244967,1722,33,26235,528,0,0,0,16384,1669.4408000003023,2026-08-11T14:58:00.235544+00:00
63e499b944ae2fff,tamper,usc_sipi,baboon,baboon|512x512|4,512,512,3,crop_refill,0.25,0.250313,A,4,0,20260811,43.74650453027354,0.9941200119623724,1.0,1.0,1.0,1.0,0.0,1.0,1.0,1.0,1.0,0.0,0.9811303827751197,1.0,0.9904753279294782,0.9811303827751197,0.0064215421878021225,0.8229665071770335,21.84117546191194,0.3139771848066673,12.093650555525938,0.27090531971562626,17.998084169970266,22.78143696162591,0.80606926580827,4180,740,65618,11840,0,0,0,16384,1724.4042999991507,2026-08-11T14:58:01.960228+00:00
1ce2cfa6209013ed,tamper,usc_sipi,baboon,baboon|512x512|4,512,512,3,crop_refill,0.50,0.500198,A,4,0,20260811,43.74650453027354,0.9941200119623724,1.0,1.0,1.0,1.0,0.0,1.0,1.0,1.0,1.0,0.0,0.9800585984214303,1.0,0.9899288831176675,0.9800585984214303,0.020363303312471378,0.5448457306864387,21.220995630097693,0.14780047855628584,8.539975008553824,0.10278296147623253,11.481446817003459,16.427738854833265,0.5245337352258167,8362,3806,131124,60896,0,0,0,16384,1700.868599997193,2026-08-11T14:58:03.662148+00:00
839b01940bd50aef,tamper,usc_sipi,baboon,baboon|512x512|4,512,512,3,noise,0.10,0.100456,A,4,0,20260811,43.74650453027354,0.9941200119623724,1.0,1.0,1.0,1.0,0.0,1.0,1.0,1.0,1.0,0.0,0.9491782006920415,1.0,0.9739265505381116,0.9491782006920415,0.00597939018701497,0.9734717416378316,21.49105281054011,0.48341815969052115,18.720523458959597,0.4727935611200562,28.421869502875516,29.84738244566877,0.9426498059096433,1734,46,26334,736,0,0,0,16384,1669.214400000783,2026-08-11T14:58:05.331780+00:00
d4077fb5c1036b93,tamper,usc_sipi,baboon,baboon|512x512|4,512,512,3,noise,0.25,0.250641,A,4,0,20260811,43.74650453027354,0.9941200119623724,1.0,1.0,1.0,1.0,0.0,1.0,1.0,1.0,1.0,0.0,0.9632887637813746,1.0,0.9813011529959974,0.9632887637813746,0.012746894726125025,0.8254750175932442,20.45211846187801,0.3198061251897993,12.271716141923203,0.27935582252776253,18.138368548350666,20.82764780616869,0.807300641348068,4263,744,65704,11904,0,0,0,16384,1663.7183999991976,2026-08-11T14:58:06.996262+00:00
1033db6e8769d3ea,tamper,usc_sipi,baboon,baboon|512x512|4,512,512,3,noise,0.50,0.501022,A,4,0,20260811,43.74650453027354,0.9941200119623724,1.0,1.0,1.0,1.0,0.0,1.0,1.0,1.0,1.0,0.0,0.979213885243946,1.0,0.9894977925776365,0.979213885243946,0.021314332895018502,0.5222474054634378,22.05781896012905,0.13034729136327478,8.031596755399285,0.08907199609783853,10.94705611238069,14.494431470061105,0.5139317899535852,8383,4005,131340,64080,0,0,0,16384,1699.0354000008665,2026-08-11T14:58:08.696129+00:00
85b9a0bc886a729c,tamper,usc_sipi,house,house|512x512|4,512,512,3,splice,0.10,0.100006,A,4,0,20260811,43.76393379863936,0.9844503558411907,1.0,1.0,1.0,1.0,0.0,1.0,1.0,1.0,1.0,0.0,0.958187134502924,1.0,0.9786471554427356,0.958187134502924,0.00484893696381947,0.9654970760233919,26.773956357544154,0.7012905314773146,17.448835779644966,0.679893242123956,27.424054346167797,31.44856010965013,0.9654937667028266,1710,59,26216,944,0,0,0,16384,2635.6038999983866,2026-08-11T14:58:11.332420+00:00
31a11e98f121175d,tamper,usc_sipi,house,house|512x512|4,512,512,3,splice,0.25,0.249840,A,4,0,20260811,43.76393379863936,0.9844503558411907,1.0,1.0,1.0,1.0,0.0,1.0,1.0,1.0,1.0,0.0,0.9802143199233716,1.0,0.9900083138084801,0.9802143199233716,0.006722603610475464,0.8254310344827587,24.556104918288426,0.43875381023567095,11.548432725182028,0.38092678123268825,17.475855185038878,22.0501491560047,0.8346955622133514,4176,729,65494,11664,0,0,0,16384,1674.6153999993112,2026-08-11T14:58:13.007383+00:00
9ba0ff6a259d0e1c,tamper,usc_sipi,house,house|512x512|4,512,512,3,splice,0.50,0.498901,A,4,0,20260811,43.76393379863936,0.9844503558411907,1.0,1.0,1.0,1.0,0.0,1.0,1.0,1.0,1.0,0.0,0.9772835963653754,1.0,0.9885113072922965,0.9772835963653754,0.023142509135200974,0.5423242467718794,24.667200206298485,0.14344448148102057,7.499523109563673,0.10017224728002191,10.435749381226312,16.210153595398328,0.5221990496140627,8364,3828,130784,61248,0,0,0,16384,1665.583300000435,2026-08-11T14:58:14.673944+00:00
516bd0cd7d07b050,tamper,usc_sipi,house,house|512x512|4,512,512,3,inpaint_removal,0.10,0.099655,A,4,0,20260811,43.76393379863936,0.9844503558411907,1.0,1.0,1.0,1.0,0.0,1.0,1.0,1.0,1.0,0.0,0.9576246334310851,1.0,0.9783536813721819,0.9576246334310851,0.004897890009321244,0.9730205278592375,24.14125951273271,0.67963864325877,18.905222842530318,0.6657241656301541,28.470935379848548,33.08912207330855,0.9632998271282899,1705,46,26124,736,2,0,0,16384,1690.8361999994668,2026-08-11T14:58:16.365562+00:00
bd5606079040a109,tamper,usc_sipi,house,house|512x512|4,512,512,3,inpaint_removal,0.25,0.249870,A,4,0,20260811,43.76393379863936,0.9844503558411907,1.0,1.0,1.0,1.0,0.0,1.0,1.0,1.0,1.0,0.0,0.9733416547788873,1.0,0.9864907604030181,0.9733416547788873,0.009123178161328708,0.8242986210175939,23.040500665968537,0.4166299631084503,11.8867474056091,0.3622773858054442,17.76314781695576,24.647069618269718,0.8289263279755703,4206,739,65502,11824,3,0,0,16384,1727.4192000004405,2026-08-11T14:58:18.093563+00:00
37da23987aa001c9,tamper,usc_sipi,house,house|512x512|4,512,512,3,inpaint_removal,0.50,0.475384,A,4,0,20260811,43.76393379863936,0.9844503558411907,1.0,1.0,1.0,1.0,0.0,1.0,1.0,1.0,1.0,0.0,0.9904231307222787,1.0,0.9951885259320484,0.9904231307222787,0.008762043264860934,0.5897761953204477,23.32838759508418,0.18668991566515314,7.988982757854832,0.13515280983190098,11.16348532457293,18.974147133970575,0.576900541208453,7864,3226,124619,51616,14,0,0,16384,1847.2060000021884,2026-08-11T14:58:19.941398+00:00
b02cbfb5204ae7ee,tamper,usc_sipi,house,house|512x512|4,512,512,3,crop_refill,0.10,0.099941,A,4,0,20260811,43.76393379863936,0.9844503558411907,1.0,1.0,1.0,1.0,0.0,1.0,1.0,1.0,1.0,0.0,0.9475911458333334,1.0,0.9730904228647835,0.9475911458333334,0.006141261734726313,0.9739583333333334,26.121438438312147,0.6976375756928771,18.78991715887277,0.6819235036418843,27.927647115857738,31.875313041551117,0.9651917965357697,1728,45,26199,720,0,0,0,16384,1646.7671999998856,2026-08-11T14:58:21.589013+00:00
3070539ec3ac66ac,tamper,usc_sipi,house,house|512x512|4,512,512,3,crop_refill,0.25,0.250580,A,4,0,20260811,43.76393379863936,0.9844503558411907,1.0,1.0,1.0,1.0,0.0,1.0,1.0,1.0,1.0,0.0,0.9775,1.0,0.988621997471555,0.9775,0.007696379850958993,0.8326190476190476,25.069179140981227,0.4397927136945497,11.808447236493727,0.3859723141123353,17.64718199428356,22.812511553053874,0.835129522650556,4200,703,65688,11248,0,0,0,16384,1678.97240000093,2026-08-11T14:58:23.268353+00:00
56f674eb20c9e473,tamper,usc_sipi,house,house|512x512|4,512,512,3,crop_refill,0.50,0.499786,A,4,0,20260811,43.76393379863936,0.9844503558411907,1.0,1.0,1.0,1.0,0.0,1.0,1.0,1.0,1.0,0.0,0.9841947115384615,1.0,0.9920344065178545,0.9841947115384615,0.01604539076322372,0.5322115384615385,24.745113617060255,0.15790590617516229,7.410891196288495,0.10857338584537334,10.320476362514345,16.72075260531221,0.5240184959355528,8320,3892,131016,62272,0,0,0,16384,1687.254699998448,2026-08-11T14:58:24.956419+00:00
a81849c2551c790b,tamper,usc_sipi,house,house|512x512|4,512,512,3,noise,0.10,0.099930,A,4,0,20260811,43.76393379863936,0.9844503558411907,1.0,1.0,1.0,1.0,0.0,1.0,1.0,1.0,1.0,0.0,0.9745535714285715,1.0,0.9871128193533801,0.9745535714285715,0.0028989438350823064,0.9738095238095238,26.17652583993046,0.7107537153047228,19.626791333231562,0.6949879415627761,29.443645324817957,32.47087523952167,0.966963790728065,1680,44,26196,704,0,0,0,16384,1613.6968999999226,2026-08-11T14:58:26.570755+00:00
ff4d684305ce9989,tamper,usc_sipi,house,house|512x512|4,512,512,3,noise,0.25,0.250763,A,4,0,20260811,43.76393379863936,0.9844503558411907,1.0,1.0,1.0,1.0,0.0,1.0,1.0,1.0,1.0,0.0,0.9733475479744137,1.0,0.9864937871420854,0.9733475479744137,0.009164596146796464,0.8313195925136223,27.67781113841312,0.3956794775498806,10.868078725184173,0.33747871793616535,16.701492241756785,21.94415429894795,0.8236587936176375,4221,712,65736,11392,0,0,0,16384,1680.9479000003194,2026-08-11T14:58:28.252194+00:00
60323fa35febd30a,tamper,usc_sipi,house,house|512x512|4,512,512,3,noise,0.50,0.500298,A,4,0,20260811,43.76393379863936,0.9844503558411907,1.0,1.0,1.0,1.0,0.0,1.0,1.0,1.0,1.0,0.0,0.9856752044252044,1.0,0.9927859321892766,0.9856752044252044,0.014550284745866223,0.5287397787397787,24.543431965623302,0.16464061097001625,7.857441954403539,0.11374631628240306,10.72939023597246,14.919957035580333,0.5258891395374984,8316,3919,131150,62704,0,0,0,16384,1629.4882000001962,2026-08-11T14:58:29.882397+00:00
12fe286d6b1c039e,tamper,usc_sipi,lena,lena|512x512|4,512,512,3,splice,0.10,0.100060,A,4,0,20260811,43.707989309554314,0.9814011885877338,1.0,1.0,1.0,1.0,0.0,1.0,1.0,1.0,1.0,0.0,0.9793160095579451,1.0,0.9895499302071151,0.9793160095579451,0.002348313368430869,0.972520908004779,24.972705806270206,0.7131928189605478,21.16903983950159,0.6977643425177907,31.101544419920746,31.979315143186117,0.9679999081335978,1674,46,26230,736,0,0,0,16384,2507.4823000031756,2026-08-11T14:58:32.390891+00:00
bbe40c2bcef9303d,tamper,usc_sipi,lena,lena|512x512|4,512,512,3,splice,0.25,0.250317,A,4,0,20260811,43.707989309554314,0.9814011885877338,1.0,1.0,1.0,1.0,0.0,1.0,1.0,1.0,1.0,0.0,0.9858623798076923,1.0,0.9928808660982456,0.9858623798076923,0.004788194886146801,0.8233173076923077,28.217784865346825,0.38858049275890133,11.91934729185893,0.3318537932715236,17.838524820433978,23.19513702662237,0.8206470111977245,4160,735,65619,11760,0,0,0,16384,1627.9784999969706,2026-08-11T14:58:34.019049+00:00
e6f84e4d5831f0cb,tamper,usc_sipi,lena,lena|512x512|4,512,512,3,splice,0.50,0.499878,A,4,0,20260811,43.707989309554314,0.9814011885877338,1.0,1.0,1.0,1.0,0.0,1.0,1.0,1.0,1.0,0.0,0.9809558030901905,1.0,0.9903863595138762,0.9809558030901905,0.019404442274835246,0.5323990897113426,27.968857210431267,0.1363607977184804,8.295365136984579,0.09417736600030086,11.203803699807413,16.133403919306865,0.5155630907157369,8349,3904,131040,62464,0,0,0,16384,1638.7813999972423,2026-08-11T14:58:35.658986+00:00
c5d1ecfe42adc8a9,tamper,usc_sipi,lena,lena|512x512|4,512,512,3,inpaint_removal,0.10,0.098816,A,4,0,20260811,43.707989309554314,0.9814011885877338,1.0,1.0,1.0,1.0,0.0,1.0,1.0,1.0,1.0,0.0,0.9574216439976345,1.0,0.9782477341389728,0.9574216439976345,0.004876396884524212,0.97397989355411,26.655041864027964,0.6884130577575324,18.970644473763343,0.6725688653356886,28.728034887164643,35.84646890276043,0.9646811906427901,1691,44,25904,704,3,0,0,16384,1650.3389999998035,2026-08-11T14:58:37.309673+00:00
ec409d18b4552eee,tamper,usc_sipi,lena,lena|512x512|4,512,512,3,inpaint_removal,0.25,0.251225,A,4,0,20260811,43.707989309554314,0.9814011885877338,1.0,1.0,1.0,1.0,0.0,1.0,1.0,1.0,1.0,0.0,0.9719155844155845,1.0,0.9857578002799046,0.9719155844155845,0.009694987441858096,0.8184179456906729,26.174906700854077,0.4102688974851704,12.747767506627891,0.352280182326142,18.526186242179243,26.801859205427895,0.8234586963563298,4235,769,65857,12304,5,0,0,16384,1725.9359000017866,2026-08-11T14:58:39.036651+00:00
ba4e91dbe2b49356,tamper,usc_sipi,lena,lena|512x512|4,512,512,3,inpaint_removal,0.50,0.492367,A,4,0,20260811,43.707989309554314,0.9814011885877338,1.0,1.0,1.0,1.0,0.0,1.0,1.0,1.0,1.0,0.0,0.9873852509179927,1.0,0.99365258996655,0.9873852509179927,0.012391694784065889,0.5560587515299877,27.727571313446695,0.1558355172781865,8.840568678921365,0.10732202353204774,11.837478985921281,19.748751478156727,0.5430839302451571,8170,3627,129071,58032,3,0,0,16384,1860.5687999988731,2026-08-11T14:58:40.897769+00:00
796ac8f6dab291a1,tamper,usc_sipi,lena,lena|512x512|4,512,512,3,crop_refill,0.10,0.099701,A,4,0,20260811,43.707989309554314,0.9814011885877338,1.0,1.0,1.0,1.0,0.0,1.0,1.0,1.0,1.0,0.0,0.9580645161290322,1.0,0.9785831960461284,0.9580645161290322,0.004847293312091116,0.9706744868035191,25.671967229647894,0.6820339615315023,19.907265843626455,0.665874239335698,29.571502849483892,33.32176806591909,0.9634805066598533,1705,50,26136,800,0,0,0,16384,1615.1981000002706,2026-08-11T14:58:42.513396+00:00
3fe9b50c5e40ced3,tamper,usc_sipi,lena,lena|512x512|4,512,512,3,crop_refill,0.25,0.249573,A,4,0,20260811,43.707989309554314,0.9814011885877338,1.0,1.0,1.0,1.0,0.0,1.0,1.0,1.0,1.0,0.0,0.9680397727272727,1.0,0.9837603753157704,0.9680397727272727,0.010980073200488003,0.818655303030303,27.45576247993778,0.37709433108513746,12.029444367417488,0.32004636994417074,17.883536175673235,24.729931256914494,0.8157721274431512,4224,766,65424,12256,0,0,0,16384,1699.9044000003778,2026-08-11T14:58:44.214261+00:00
54fb662570780172,tamper,usc_sipi,lena,lena|512x512|4,512,512,3,crop_refill,0.50,0.500488,A,4,0,20260811,43.707989309554314,0.9814011885877338,1.0,1.0,1.0,1.0,0.0,1.0,1.0,1.0,1.0,0.0,0.9900990099009901,1.0,0.9950248756218906,0.9900990099009901,0.010019550342130987,0.5380342912340015,27.89926460131596,0.13209735475077214,8.311106319544002,0.09055176551849163,11.260657726403018,18.962807430023446,0.517029115545728,8282,3826,131200,61216,0,0,0,16384,1713.2529000009526,2026-08-11T14:58:45.927922+00:00
84feb70192525628,tamper,usc_sipi,lena,lena|512x512|4,512,512,3,noise,0.10,0.100044,A,4,0,20260811,43.707989309554314,0.9814011885877338,1.0,1.0,1.0,1.0,0.0,1.0,1.0,1.0,1.0,0.0,0.96875,1.0,0.9841269841269841,0.96875,0.003585991742893717,0.9710401891252955,29.283767508743562,0.7458842504602345,20.030470320853322,0.7289606840747036,29.61387310507479,32.98942085946826,0.9700585498735069,1692,49,26226,784,0,0,0,16384,1616.755800001556,2026-08-11T14:58:47.545332+00:00
891d2c31a59ca4c7,tamper,usc_sipi,lena,lena|512x512|4,512,512,3,noise,0.25,0.250275,A,4,0,20260811,43.707989309554314,0.9814011885877338,1.0,1.0,1.0,1.0,0.0,1.0,1.0,1.0,1.0,0.0,0.9763095238095238,1.0,0.9880127703150413,0.9763095238095238,0.008100297146578743,0.8216666666666667,26.17920911126034,0.4447489405247456,13.250676736254965,0.38633003297124674,19.120970735140034,21.71120581329722,0.8349890526734729,4200,749,65608,11984,0,0,0,16384,1628.7257999974827,2026-08-11T14:58:49.174517+00:00
0e4d69f7899a3c32,tamper,usc_sipi,lena,lena|512x512|4,512,512,3,noise,0.50,0.500591,A,4,0,20260811,43.707989309554314,0.9814011885877338,1.0,1.0,1.0,1.0,0.0,1.0,1.0,1.0,1.0,0.0,0.9873224389069459,1.0,0.9936207829968312,0.9873224389069459,0.01287075016995501,0.5461658841940532,27.6408402760431,0.1639867197965617,8.71263434064949,0.11461461239869358,11.650141614133055,14.96205035906045,0.5285153536371602,8307,3770,131227,60320,0,0,0,16384,1661.0250999983691,2026-08-11T14:58:50.835956+00:00
10e5f3377e418ad7,tamper,usc_sipi,pepper,pepper|512x512|4,512,512,3,splice,0.10,0.100109,A,4,0,20260811,43.68156448606398,0.9798664338648884,1.0,1.0,1.0,1.0,0.0,1.0,1.0,1.0,1.0,0.0,0.952489837398374,1.0,0.9756668835393624,0.952489837398374,0.005548937901916482,0.9796747967479675,27.520364536021017,0.7489271229850472,21.646500565654414,0.7392988792412103,30.688380170718318,33.58214206463711,0.97029245620085,1722,35,26243,560,0,0,0,16384,2592.188200000237,2026-08-11T14:58:53.428942+00:00
1b6270ce6abbbed9,tamper,usc_sipi,pepper,pepper|512x512|4,512,512,3,splice,0.25,0.250648,A,4,0,20260811,43.68156448606398,0.9798664338648884,1.0,1.0,1.0,1.0,0.0,1.0,1.0,1.0,1.0,0.0,0.9803354022439723,1.0,0.9900700670534167,0.9803354022439723,0.006709496126004134,0.8247791835760325,29.523667541761945,0.4140611930890012,13.613874259304549,0.35933210729391635,19.51932089882372,22.4550749684559,0.8286907086738969,4189,734,65706,11744,0,0,0,16384,1668.4272999991663,2026-08-11T14:58:55.098062+00:00
a196f3c9c0f2f2d0,tamper,usc_sipi,pepper,pepper|512x512|4,512,512,3,splice,0.50,0.499535,A,4,0,20260811,43.68156448606398,0.9798664338648884,1.0,1.0,1.0,1.0,0.0,1.0,1.0,1.0,1.0,0.0,0.9865447203471552,1.0,0.9932267924728655,0.9865447203471552,0.013613427443328201,0.5405014464802315,28.065804228836754,0.17450055981067317,9.545728893221385,0.13196901279402523,12.482377040178086,14.224976301525148,0.5445564077074004,8296,3812,130950,60992,0,0,0,16384,1699.503799998638,2026-08-11T14:58:56.798418+00:00
29804f798a687bce,tamper,usc_sipi,pepper,pepper|512x512|4,512,512,3,inpaint_removal,0.10,0.100555,A,4,0,20260811,43.68156448606398,0.9798664338648884,1.0,1.0,1.0,1.0,0.0,1.0,1.0,1.0,1.0,0.0,0.9589639115250291,1.0,0.9790521467835389,0.9589639115250291,0.004784039629491399,0.9778812572759022,26.02551246376043,0.7107717998907321,20.488168688466164,0.6974494595006241,30.10168833750974,34.65963349131848,0.9667415061115304,1718,38,26360,608,1,0,0,16384,1673.2088000026124,2026-08-11T14:58:58.472142+00:00
c8c78baf225157d2,tamper,usc_sipi,pepper,pepper|512x512|4,512,512,3,inpaint_removal,0.25,0.252838,A,4,0,20260811,43.68156448606398,0.9798664338648884,1.0,1.0,1.0,1.0,0.0,1.0,1.0,1.0,1.0,0.0,0.9724178403755869,1.0,0.9860160666468313,0.9724178403755869,0.009598496916227587,0.8213615023474179,28.203762841943373,0.4222962397485559,13.2224002909505,0.36530743534054627,19.026433244729574,26.670366042737385,0.8267591953721213,4260,761,66280,12176,6,0,0,16384,1725.840099999914,2026-08-11T14:59:00.198610+00:00
9e877be2ae7e9cda,tamper,usc_sipi,pepper,pepper|512x512|4,512,512,3,inpaint_removal,0.50,0.502472,A,4,0,20260811,43.68156448606398,0.9798664338648884,1.0,1.0,1.0,1.0,0.0,1.0,1.0,1.0,1.0,0.0,0.982046999880711,1.0,0.9909421925310703,0.982046999880711,0.0184628595963933,0.5323869736371227,28.201302745174832,0.16085766700069448,9.114788151796397,0.11343790170235027,12.024374019671749,17.838084358066833,0.5287442366892087,8383,3920,131720,62720,4,0,0,16384,1840.69670000099,2026-08-11T14:59:02.040451+00:00
357575a390d99558,tamper,usc_sipi,pepper,pepper|512x512|4,512,512,3,crop_refill,0.10,0.099800,A,4,0,20260811,43.68156448606398,0.9798664338648884,1.0,1.0,1.0,1.0,0.0,1.0,1.0,1.0,1.0,0.0,0.9641067216981132,1.0,0.9817253930729107,0.9641067216981132,0.004127433448313855,0.9799528301886793,27.9156056311431,0.7031144985912905,23.204731192450527,0.6931697272417865,32.910510250170816,34.39056917492851,0.9668484234065526,1696,34,26162,544,0,0,0,16384,1644.4068999990122,2026-08-11T14:59:03.685479+00:00
9867788c2118c82b,tamper,usc_sipi,pepper,pepper|512x512|4,512,512,3,crop_refill,0.25,0.250580,A,4,0,20260811,43.68156448606398,0.9798664338648884,1.0,1.0,1.0,1.0,0.0,1.0,1.0,1.0,1.0,0.0,0.962828330206379,1.0,0.9810621900949877,0.962828330206379,0.012908742924624343,0.8280956848030019,28.53862827713236,0.4366353443284214,13.180906744320884,0.3804865871088798,19.01382680698084,23.686017337352176,0.8322893233956726,4264,733,65688,11728,0,0,0,16384,1652.941299998929,2026-08-11T14:59:05.339275+00:00
df74747eacf5c411,tamper,usc_sipi,pepper,pepper|512x512|4,512,512,3,crop_refill,0.50,0.499603,A,4,0,20260811,43.68156448606398,0.9798664338648884,1.0,1.0,1.0,1.0,0.0,1.0,1.0,1.0,1.0,0.0,0.9811218985976268,1.0,0.9904710046283691,0.9811218985976268,0.019210831249618834,0.5362579407886852,28.208272995940167,0.17910569143383553,9.59289031125083,0.135515127346622,12.505161046601653,16.555335498828228,0.540052199965445,8343,3869,130968,61904,0,0,0,16384,1754.0770999985398,2026-08-11T14:59:07.093891+00:00
2d99de184333b4f0,tamper,usc_sipi,pepper,pepper|512x512|4,512,512,3,noise,0.10,0.100372,A,4,0,20260811,43.68156448606398,0.9798664338648884,1.0,1.0,1.0,1.0,0.0,1.0,1.0,1.0,1.0,0.0,0.9930555555555556,1.0,0.9965156794425087,0.9930555555555556,0.0007802164252518742,0.980072463768116,27.80466275623651,0.7421923303471932,21.905962269653685,0.7303582598615064,31.842631734309222,32.998204339578535,0.9713331697383271,1656,33,26312,528,0,0,0,16384,1639.1298999988066,2026-08-11T14:59:08.733802+00:00
226b19059795f361,tamper,usc_sipi,pepper,pepper|512x512|4,512,512,3,noise,0.25,0.250256,A,4,0,20260811,43.68156448606398,0.9798664338648884,1.0,1.0,1.0,1.0,0.0,1.0,1.0,1.0,1.0,0.0,0.9683957250826641,1.0,0.9839441457250632,0.9683957250826641,0.010893401376811962,0.8316013226263581,28.69244258650606,0.4533334343323147,13.698535318630277,0.3990970599457529,19.53682435401013,21.56909977021659,0.8374543576930509,4234,713,65603,11408,0,0,0,16384,1647.8185999985726,2026-08-11T14:59:10.381955+00:00
3610b2aca18d98ae,tamper,usc_sipi,pepper,pepper|512x512|4,512,512,3,noise,0.50,0.499603,A,4,0,20260811,43.68156448606398,0.9798664338648884,1.0,1.0,1.0,1.0,0.0,1.0,1.0,1.0,1.0,0.0,0.9907407407407407,1.0,0.9953488372093023,0.9907407407407407,0.00933097517838629,0.5473251028806585,27.95259106557388,0.18433470351590223,9.550364005249962,0.14184916823227076,12.503106681966544,14.572781902497706,0.5469867041452763,8262,3740,130968,59840,0,0,0,16384,1677.8228000002855,2026-08-11T14:59:12.060466+00:00
56c1ea1ca18e8dbc,tamper,usc_sipi,sailboat,sailboat|512x512|4,512,512,3,splice,0.10,0.100204,A,4,0,20260811,43.73722767018796,0.9864497068331208,1.0,1.0,1.0,1.0,0.0,1.0,1.0,1.0,1.0,0.0,0.9754901960784313,1.0,0.987593052109181,0.9754901960784313,0.002798080347301124,0.9774212715389186,28.420282597962803,0.7812820235799586,18.06059428725677,0.7653440179233255,27.76086396398576,31.56748450007982,0.9741701533836805,1683,38,26268,608,0,0,0,16384,2603.2233000005363,2026-08-11T14:59:14.664523+00:00
d5a9927bd34f035f,tamper,usc_sipi,sailboat,sailboat|512x512|4,512,512,3,splice,0.25,0.249397,A,4,0,20260811,43.73722767018796,0.9864497068331208,1.0,1.0,1.0,1.0,0.0,1.0,1.0,1.0,1.0,0.0,0.981062424969988,1.0,0.9904406974806466,0.981062424969988,0.006413709685616418,0.8280912364945978,24.247027803762606,0.42459354577403663,13.544901694915847,0.3735201622299997,19.48519049036192,22.145699033645563,0.8340901020841033,4165,716,65378,11456,0,0,0,16384,1698.005700000067,2026-08-11T14:59:16.363314+00:00
320477c666972123,tamper,usc_sipi,sailboat,sailboat|512x512|4,512,512,3,splice,0.50,0.500122,A,4,0,20260811,43.73722767018796,0.9864497068331208,1.0,1.0,1.0,1.0,0.0,1.0,1.0,1.0,1.0,0.0,0.9733903540033262,1.0,0.9865157717312786,0.9733903540033262,0.02735042735042735,0.5384889522451889,24.838072973551665,0.17992514586367153,8.829566168708912,0.13083285254438676,11.686827295587001,14.658998204324751,0.5349204519527805,8418,3885,131104,62160,0,0,0,16384,1680.6236999982502,2026-08-11T14:59:18.044241+00:00
d7fe4abac83aefad,tamper,usc_sipi,sailboat,sailboat|512x512|4,512,512,3,inpaint_removal,0.10,0.100029,A,4,0,20260811,43.73722767018796,0.9864497068331208,1.0,1.0,1.0,1.0,0.0,1.0,1.0,1.0,1.0,0.0,0.9612170087976539,1.0,0.9802250383163246,0.9612170087976539,0.004484533023626453,0.9824046920821115,25.403107563387,0.6956288065654984,20.63917923019786,0.6858139160125903,30.346379874860276,34.60449390390516,0.9661579947319844,1705,30,26222,480,6,0,0,16384,1704.511600000842,2026-08-11T14:59:19.749198+00:00
1bcdf43b59316e40,tamper,usc_sipi,sailboat,sailboat|512x512|4,512,512,3,inpaint_removal,0.25,0.250046,A,4,0,20260811,43.73722767018796,0.9864497068331208,1.0,1.0,1.0,1.0,0.0,1.0,1.0,1.0,1.0,0.0,0.9805528961225467,1.0,0.9901809722348107,0.9805528961225467,0.006612545524832651,0.8348492101483964,24.761099115831247,0.42508471209834947,13.602811531393026,0.37580532315982634,19.392039391062788,24.547007984768623,0.8353118575045878,4178,690,65548,11040,5,0,0,16384,1701.2885000003735,2026-08-11T14:59:21.451086+00:00
007a9b74f70a7dcb,tamper,usc_sipi,sailboat,sailboat|512x512|4,512,512,3,inpaint_removal,0.50,0.495396,A,4,0,20260811,43.73722767018796,0.9864497068331208,1.0,1.0,1.0,1.0,0.0,1.0,1.0,1.0,1.0,0.0,0.9870561230694394,1.0,0.9934859026978231,0.9870561230694394,0.012874303555364041,0.5516234950747902,24.53294933286584,0.1562263774146317,7.97617855245667,0.11393852836141996,10.984573560103799,18.6188683408258,0.5453571528628345,8223,3687,129865,58992,2,0,0,16384,1822.8087999996205,2026-08-11T14:59:23.274430+00:00
9e1d8cfbc04a555b,tamper,usc_sipi,sailboat,sailboat|512x512|4,512,512,3,crop_refill,0.10,0.099926,A,4,0,20260811,43.73722767018796,0.9864497068331208,1.0,1.0,1.0,1.0,0.0,1.0,1.0,1.0,1.0,0.0,0.9518531976744186,1.0,0.9753327748301219,0.9518531976744186,0.005615620324731192,0.9773255813953489,25.285406725953266,0.6689288277361614,21.249134466513443,0.6593719435289153,30.922176185304856,32.44080899265414,0.9626749165531819,1720,39,26195,624,0,0,0,16384,1631.8843999979435,2026-08-11T14:59:24.907195+00:00
66d9554e28e3a3ad,tamper,usc_sipi,sailboat,sailboat|512x512|4,512,512,3,crop_refill,0.25,0.250290,A,4,0,20260811,43.73722767018796,0.9864497068331208,1.0,1.0,1.0,1.0,0.0,1.0,1.0,1.0,1.0,0.0,0.9914772727272727,1.0,0.9957203994293866,0.9914772727272727,0.0028697616673111757,0.8181818181818181,24.642454380305736,0.4254499620267174,11.924003191633295,0.36949151116966644,17.92873848820165,21.31864591429934,0.8334820172552581,4136,752,65612,12032,0,0,0,16384,1656.2022999969486,2026-08-11T14:59:26.563542+00:00
ec1417e64cb2f0d2,tamper,usc_sipi,sailboat,sailboat|512x512|4,512,512,3,crop_refill,0.50,0.500511,A,4,0,20260811,43.73722767018796,0.9864497068331208,1.0,1.0,1.0,1.0,0.0,1.0,1.0,1.0,1.0,0.0,0.9853851237683249,1.0,0.992638770152596,0.9853851237683249,0.014861995753715499,0.5298005287190579,25.555007113741848,0.1360253893848179,7.17664214559583,0.09623504062686512,10.141842084796895,14.774336961042716,0.5215151387760532,8322,3913,131206,62608,0,0,0,16384,1711.0293000005186,2026-08-11T14:59:28.275129+00:00
56b81a9983c409ea,tamper,usc_sipi,sailboat,sailboat|512x512|4,512,512,3,noise,0.10,0.100460,A,4,0,20260811,43.73722767018796,0.9864497068331208,1.0,1.0,1.0,1.0,0.0,1.0,1.0,1.0,1.0,0.0,0.9785597502972652,1.0,0.9891637087535448,0.9785597502972652,0.0024468955807454337,0.9696789536266349,27.14284236334018,0.6373261928769722,18.730005056926643,0.620504647563805,28.506646713318457,32.14023825585008,0.9601004096729405,1682,51,26335,816,0,0,0,16384,1703.7030999999843,2026-08-11T14:59:29.979578+00:00
e909dfd107139368,tamper,usc_sipi,sailboat,sailboat|512x512|4,512,512,3,noise,0.25,0.250290,A,4,0,20260811,43.73722767018796,0.9864497068331208,1.0,1.0,1.0,1.0,0.0,1.0,1.0,1.0,1.0,0.0,0.9914772727272727,1.0,0.9957203994293866,0.9914772727272727,0.0028697616673111757,0.8268858800773694,24.814562833995907,0.39721465035069525,11.150167574965952,0.34217885914454627,17.07716631587619,20.96491701845807,0.8271683205278265,4136,716,65612,11456,0,0,0,16384,1650.7048999992548,2026-08-11T14:59:31.630845+00:00
65c2dd823806f821,tamper,usc_sipi,sailboat,sailboat|512x512|4,512,512,3,noise,0.50,0.500771,A,4,0,20260811,43.73722767018796,0.9864497068331208,1.0,1.0,1.0,1.0,0.0,1.0,1.0,1.0,1.0,0.0,0.9908967391304347,1.0,0.9954275574967583,0.9908967391304347,0.00921525177657217,0.5365942028985506,24.72973960156249,0.18494677282372396,8.700507933529828,0.13349178051447508,11.663921777282306,14.121386218941316,0.5420871500072831,8280,3837,131274,61392,0,0,0,16384,1680.0393000012264,2026-08-11T14:59:33.311330+00:00
d8778e09a1de2ab5,tamper,usc_sipi,splash,splash|512x512|4,512,512,3,splice,0.10,0.100212,A,4,0,20260811,43.659263924090574,0.9688228010762782,1.0,1.0,1.0,1.0,0.0,1.0,1.0,1.0,1.0,0.0,0.9703752955082743,1.0,0.9849649431967306,0.9703752955082743,0.0034001204032661505,0.9728132387706856,29.79810001460546,0.7786953380071236,19.344319190205127,0.7597028835997647,29.025767098395185,33.48922061806226,0.9733552915995184,1692,46,26270,736,0,0,0,16384,2533.8228000000527,2026-08-11T14:59:35.845707+00:00
f6c827d15566d4bc,tamper,usc_sipi,splash,splash|512x512|4,512,512,3,splice,0.25,0.249756,A,4,0,20260811,43.659263924090574,0.9688228010762782,1.0,1.0,1.0,1.0,0.0,1.0,1.0,1.0,1.0,0.0,0.9710488846701472,1.0,0.9853118227787142,0.9710488846701472,0.009925154572079401,0.8203607024205031,31.118675898214995,0.40512587344055795,13.257015280223484,0.34277527467523006,18.98749934240182,20.476676387209093,0.8225457742746207,4214,757,65472,12112,0,0,0,16384,1622.616199998447,2026-08-11T14:59:37.468769+00:00
dc1cfa5d76ac7b7a,tamper,usc_sipi,splash,splash|512x512|4,512,512,3,splice,0.50,0.499969,A,4,0,20260811,43.659263924090574,0.9688228010762782,1.0,1.0,1.0,1.0,0.0,1.0,1.0,1.0,1.0,0.0,0.9845552884615385,1.0,0.9922175453471823,0.9845552884615385,0.015685077815074763,0.5502403846153846,29.11141270324353,0.1651439165366983,8.107558152230608,0.1217922234132904,11.062746487810792,14.263806111313396,0.540337125979112,8320,3742,131064,59872,0,0,0,16384,1636.0242000009748,2026-08-11T14:59:39.105636+00:00
1d37f4f283de9ac3,tamper,usc_sipi,splash,splash|512x512|4,512,512,3,inpaint_removal,0.10,0.100239,A,4,0,20260811,43.659263924090574,0.9688228010762782,1.0,1.0,1.0,1.0,0.0,1.0,1.0,1.0,1.0,0.0,0.9576166180758018,1.0,0.9783494982966285,0.9576166180758018,0.004930744868930372,0.9848396501457726,28.710405134158727,0.8196587153727382,21.21641345361305,0.8098317808712344,30.54812989862255,37.29983076691237,0.9781009119374774,1715,26,26277,416,5,0,0,16384,1682.2288000003027,2026-08-11T14:59:40.788550+00:00
822b1f389606c51a,tamper,usc_sipi,splash,splash|512x512|4,512,512,3,inpaint_removal,0.25,0.251808,A,4,0,20260811,43.659263924090574,0.9688228010762782,1.0,1.0,1.0,1.0,0.0,1.0,1.0,1.0,1.0,0.0,0.9732543052606747,1.0,0.98644589566179,0.9732543052606747,0.009248778896060857,0.8376975701816466,32.02761698067973,0.4336804637014455,14.868046584754406,0.37626402782367097,20.69127676226808,29.371068012287736,0.8317677270366813,4239,688,66010,11008,9,0,0,16384,1780.7782999989286,2026-08-11T14:59:42.569818+00:00
7a428fba58d48dce,tamper,usc_sipi,splash,splash|512x512|4,512,512,3,inpaint_removal,0.50,0.496304,A,4,0,20260811,43.659263924090574,0.9688228010762782,1.0,1.0,1.0,1.0,0.0,1.0,1.0,1.0,1.0,0.0,0.9856287878787878,1.0,0.9927623873057538,0.9856287878787878,0.014366749721677358,0.5552727272727273,29.183270995785445,0.15994387751252903,8.539653055256457,0.11296652902248025,11.503269369963585,20.912936369818738,0.5390382314795389,8250,3669,130103,58704,7,0,0,16384,1814.5364000010886,2026-08-11T14:59:44.384857+00:00
d3683ed5c025b5ba,tamper,usc_sipi,splash,splash|512x512|4,512,512,3,crop_refill,0.10,0.099819,A,4,0,20260811,43.659263924090574,0.9688228010762782,1.0,1.0,1.0,1.0,0.0,1.0,1.0,1.0,1.0,0.0,0.9536078717201166,1.0,0.9762531012740874,0.9536078717201166,0.005394593540895934,0.965597667638484,29.15109189750467,0.7572931453085375,18.084826878875337,0.7348301787127917,27.533677951095598,33.21521350561874,0.9704798588531123,1715,59,26167,944,0,0,0,16384,1654.5250000017404,2026-08-11T14:59:46.040123+00:00
07b28794067b84f1,tamper,usc_sipi,splash,splash|512x512|4,512,512,3,crop_refill,0.25,0.249355,A,4,0,20260811,43.659263924090574,0.9688228010762782,1.0,1.0,1.0,1.0,0.0,1.0,1.0,1.0,1.0,0.0,0.969031665085389,1.0,0.9842723022368114,0.969031665085389,0.010616078098558267,0.8270872865275143,28.620280724827893,0.40872999547032235,11.36634159067487,0.3464057297196206,17.239179528196537,24.199215094891272,0.8232094381385381,4216,729,65367,11664,0,0,0,16384,1838.8519000000088,2026-08-11T14:59:47.879260+00:00
ff8f1959eeddeb7d,tamper,usc_sipi,splash,splash|512x512|4,512,512,3,crop_refill,0.50,0.500259,A,4,0,20260811,43.659263924090574,0.9688228010762782,1.0,1.0,1.0,1.0,0.0,1.0,1.0,1.0,1.0,0.0,0.9856000481000481,1.0,0.9927478084452451,0.9856000481000481,0.014625507618087997,0.5313852813852814,29.77666646658569,0.1270480728066455,8.234928103362353,0.08624796781774259,11.182137063148783,16.925871085008932,0.5135620143697678,8316,3897,131140,62352,0,0,0,16384,1693.1913000007626,2026-08-11T14:59:49.572956+00:00
ab8a04ff06ec9918,tamper,usc_sipi,splash,splash|512x512|4,512,512,3,noise,0.10,0.100060,A,4,0,20260811,43.659263924090574,0.9688228010762782,1.0,1.0,1.0,1.0,0.0,1.0,1.0,1.0,1.0,0.0,0.9793160095579451,1.0,0.9895499302071151,0.9793160095579451,0.002348313368430869,0.9731182795698925,34.34293563834845,0.7657423368749523,24.110305682443478,0.7496659687146846,33.890698058965356,32.85406306463335,0.9732336644958558,1674,45,26230,720,0,0,0,16384,1690.7492999998794,2026-08-11T14:59:51.264603+00:00
e11433d0ad46351e,tamper,usc_sipi,splash,splash|512x512|4,512,512,3,noise,0.25,0.250488,A,4,0,20260811,43.659263924090574,0.9688228010762782,1.0,1.0,1.0,1.0,0.0,1.0,1.0,1.0,1.0,0.0,0.9690672963400236,1.0,0.9842906823360116,0.9690672963400236,0.010667752442996743,0.8288075560802833,29.667536376254155,0.4318939333289371,12.221635338524912,0.3723145189064496,18.124867396930156,21.16456524355729,0.8322278983104163,4235,725,65664,11600,0,0,0,16384,1662.5204000010854,2026-08-11T14:59:52.927664+00:00
9fe3164b042330e1,tamper,usc_sipi,splash,splash|512x512|4,512,512,3,noise,0.50,0.501266,A,4,0,20260811,43.659263924090574,0.9688228010762782,1.0,1.0,1.0,1.0,0.0,1.0,1.0,1.0,1.0,0.0,0.9806268656716418,1.0,0.9902186854757276,0.9806268656716418,0.01985620315129264,0.5373134328358209,30.620296378156354,0.14431253475531167,8.907736062533184,0.09859543585481628,11.849710100495754,14.117085402714793,0.5212680769507368,8375,3875,131404,62000,0,0,0,16384,1654.2136999996728,2026-08-11T14:59:54.582448+00:00
c956b446ba83d09d,tamper,usc_sipi,tiffany,tiffany|512x512|4,512,512,3,splice,0.10,0.100323,A,4,0,20260811,43.26110609583583,0.9794783195824982,1.0,1.0,1.0,1.0,0.0,1.0,1.0,1.0,1.0,0.0,0.9468245967741935,1.0,0.9726860841423948,0.9468245967741935,0.006262587716508724,0.9637096774193549,29.387082562851635,0.6870179012646859,16.924145838584526,0.6637067821528282,26.449864983742533,32.567082995286334,0.9622434133165597,1736,63,26299,1008,0,0,0,16384,1657.1686000024783,2026-08-11T14:59:56.240302+00:00
97ed5ca6f66576f2,tamper,usc_sipi,tiffany,tiffany|512x512|4,512,512,3,splice,0.25,0.250580,A,4,0,20260811,43.26110609583583,0.9794783195824982,1.0,1.0,1.0,1.0,0.0,1.0,1.0,1.0,1.0,0.0,0.9614754098360656,1.0,0.9803593815294609,0.9614754098360656,0.01339740196278047,0.8168618266978923,30.406608037281316,0.3423635699992305,8.972299798461167,0.2827486898998097,14.79379703606731,22.532193561023128,0.8044252554617585,4270,782,65688,12512,0,0,0,16384,1674.2264999993495,2026-08-11T14:59:57.915026+00:00
3931f4c864bbcaa7,tamper,usc_sipi,tiffany,tiffany|512x512|4,512,512,3,splice,0.50,0.500721,A,4,0,20260811,43.26110609583583,0.9794783195824982,1.0,1.0,1.0,1.0,0.0,1.0,1.0,1.0,1.0,0.0,0.9724765884305357,1.0,0.9860462670477808,0.9724765884305357,0.02838412933688867,0.5257230915125652,29.86149527154525,0.06808760352389231,4.841791363273841,0.04034327197867165,7.716808920701187,16.892810594740176,0.48092136538330954,8436,4001,131261,64016,0,0,0,16384,1656.1418999990565,2026-08-11T14:59:59.571347+00:00
1b1b5b6ededc3ddd,tamper,usc_sipi,tiffany,tiffany|512x512|4,512,512,3,inpaint_removal,0.10,0.099907,A,4,0,20260811,43.26110609583583,0.9794783195824982,1.0,1.0,1.0,1.0,0.0,1.0,1.0,1.0,1.0,0.0,0.9606073943661971,1.0,0.979907958244472,0.9606073943661971,0.004551734660145621,0.9800469483568075,29.72518244773841,0.7682666762518326,18.720510862094528,0.7540918387094961,28.392299993095456,38.86378331119073,0.9729035965742009,1704,34,26190,544,7,0,0,16384,1729.5029000015347,2026-08-11T15:00:01.301392+00:00
23a6394a4a6ce6fb,tamper,usc_sipi,tiffany,tiffany|512x512|4,512,512,3,inpaint_removal,0.25,0.246990,A,4,0,20260811,43.26110609583583,0.9794783195824982,1.0,1.0,1.0,1.0,0.0,1.0,1.0,1.0,1.0,0.0,0.9736976660250241,1.0,0.9866735749716176,0.9736976660250241,0.00886031702609462,0.8358999037536092,29.628711406867726,0.36772929267418814,9.525290571952585,0.3109052351225139,15.44505143915422,31.3143159350123,0.8165986043640334,4156,682,64747,10912,9,0,0,16384,1759.1133000023547,2026-08-11T15:00:03.061237+00:00
a12bd341da0f9eda,tamper,usc_sipi,tiffany,tiffany|512x512|4,512,512,3,inpaint_removal,0.50,0.490623,A,4,0,20260811,43.26110609583583,0.9794783195824982,1.0,1.0,1.0,1.0,0.0,1.0,1.0,1.0,1.0,0.0,0.987879439596903,1.0,0.9939027688693461,0.987879439596903,0.011817569085598742,0.5640899594445128,29.711579321714673,0.08216202431610008,5.680681919687325,0.05066459535948259,8.70811054989585,23.47339272479391,0.5163952478999573,8137,3547,128614,56752,18,0,0,16384,1871.575600001961,2026-08-11T15:00:04.933618+00:00
f0dfe4b42baf00be,tamper,usc_sipi,tiffany,tiffany|512x512|4,512,512,3,crop_refill,0.10,0.100285,A,4,0,20260811,43.26110609583583,0.9794783195824982,1.0,1.0,1.0,1.0,0.0,1.0,1.0,1.0,1.0,0.0,0.9687868514150944,1.0,0.9841459990641086,0.9687868514150944,0.003591189502024549,0.9616745283018868,30.09283236678799,0.7264336604636401,16.07380610670974,0.7008268011580637,25.670370537953747,36.837969834591654,0.9660301442831666,1696,65,26289,1040,0,0,0,16384,1675.1246000021638,2026-08-11T15:00:06.609427+00:00
da1e6c7116f3887c,tamper,usc_sipi,tiffany,tiffany|512x512|4,512,512,3,crop_refill,0.25,0.249802,A,4,0,20260811,43.26110609583583,0.9794783195824982,1.0,1.0,1.0,1.0,0.0,1.0,1.0,1.0,1.0,0.0,0.9716880341880342,1.0,0.9856407477648335,0.9716880341880342,0.009702023797416862,0.8319088319088319,30.04142798816662,0.3736342606992111,9.232636616775835,0.3135145346709482,15.105090638525843,29.980065760103514,0.8149783208638509,4212,708,65484,11328,1,0,0,16384,1701.8110000026354,2026-08-11T15:00:08.311794+00:00
3e70c7491b01200d,tamper,usc_sipi,tiffany,tiffany|512x512|4,512,512,3,crop_refill,0.50,0.499012,A,4,0,20260811,43.26110609583583,0.9794783195824982,1.0,1.0,1.0,1.0,0.0,1.0,1.0,1.0,1.0,0.0,0.9826697716346153,1.0,0.9912591453133939,0.9826697716346153,0.017566301939374557,0.5513221153846154,29.76016681314109,0.08122555050945571,5.203632740405427,0.048890364228397536,8.138869052086754,21.387724683434044,0.5025627535412999,8320,3733,130813,59728,1,0,0,16384,1692.2666000027675,2026-08-11T15:00:10.004497+00:00
ed5e49801f0bb1b3,tamper,usc_sipi,tiffany,tiffany|512x512|4,512,512,3,noise,0.10,0.100204,A,4,0,20260811,43.26110609583583,0.9794783195824982,1.0,1.0,1.0,1.0,0.0,1.0,1.0,1.0,1.0,0.0,0.965735294117647,1.0,0.982569013241565,0.965735294117647,0.003951228611643406,0.9735294117647059,29.95586021912851,0.7092333726429692,17.992952557655325,0.6913158569325664,27.77824720710496,32.79762893500081,0.9665851596702942,1700,45,26268,720,0,0,0,16384,1613.744600002974,2026-08-11T15:00:11.618806+00:00
666a6513046d6a45,tamper,usc_sipi,tiffany,tiffany|512x512|4,512,512,3,noise,0.25,0.250385,A,4,0,20260811,43.26110609583583,0.9794783195824982,1.0,1.0,1.0,1.0,0.0,1.0,1.0,1.0,1.0,0.0,0.9767410714285715,1.0,0.9882336999480567,0.9767410714285715,0.007953915127705375,0.8176190476190476,29.578471961795362,0.34275277013056177,9.135897865001919,0.28286981228784963,15.030660872678974,20.29440356195064,0.8073646560977252,4200,766,65637,12256,0,0,0,16384,1662.9977999982657,2026-08-11T15:00:13.282039+00:00
8ae3e1d177589ac7,tamper,usc_sipi,tiffany,tiffany|512x512|4,512,512,3,noise,0.50,0.499512,A,4,0,20260811,43.26110609583583,0.9794783195824982,1.0,1.0,1.0,1.0,0.0,1.0,1.0,1.0,1.0,0.0,0.9782452785082477,1.0,0.9890030211480362,0.9782452785082477,0.02219512195121951,0.5279703562036815,30.284353728936214,0.06882138596397196,4.805652349584843,0.040604077050748415,7.7146222662514665,12.975248968851062,0.48487594737537737,8366,3949,130944,63184,0,0,0,16384,1657.756699998572,2026-08-11T15:00:14.940893+00:00
